index,formula,MXene,H_MXene,RM1,EM1,AM1,VM1,IPM1,RX,EX,AX,VX,IPX,RT,ET,AT,VT,IPT,RM2,EM2,AM2,VM2,IPM2,RM1-RM2,RT-RM1,RT-RM2,(RM1-M2)/(RM1+RM2)/2,EX-EM1,EX-EM2,ET-EM1,ET-EM2,EM1-EM2,d_avg,d_diff,(ET-EM1)/(RM1+RT),(ET-EM2)/(RM2+RT),(EX-EM1)/(RM1+RX),(EX-EM2)/(RM2+RX),COM_M1,COM_M2,RM_avg,EM_avg,P_diff,G_diff,ET-EM_avg,pT-d_avg,VEC,IP_avg,mM_avg,RM1/M2,EM1/M2,AM1/M2,VM1/M2,IPM1/M2,X_AN,X_PNME,X_DNME,X_SZaME/(SZaME)max,X_REaME/(REaME)max,X_PNMD,X_SZaMD/(SZaMD)max,X_REaMD/(REaMD)max,T_AN,T_PNME,T_DNME,T_SZaME/(SZaME)max,T_REaME/(REaME)max,T_PNMD,T_SZaMD/(SZaMD)max,T_REaMD/(REaMD)max,M2_AN,M2_PNME,M2_DNME,M2_SZaME/(SZaME)max,M2_REaME/(REaME)max,M2_PNMD,M2_SZaMD/(SZaMD)max,M2_REaMD/(REaMD)max,M1_AN,M1_PNME,M1_DNME,M1_SZaME/(SZaME)max,M1_REaME/(REaME)max,M1_PNMD,M1_SZaMD/(SZaMD)max,M1_REaMD/(REaMD)max,A,d_T-M1,d_T-X,d_M1_X,X_bader,T1_bader,T2_bader,M2_bader,M1_bader,WF_bottom(eV),WF_top(eV),WF_diff,WF_avg,d_H_M1,d_H_T,e_dpz,e_d(M1),e_d(M2),E_pz_T,E_d_M1,E_d_M2,Formation_Energy_eV_per_atom,E_above_hull_eV_per_atom,Delta_G_eV
158,Y2CCl2,AA,x,1.8,1.22,0.30712,11,6.21726,0.7,2.55,1.262113612,4,11.260288,1,3.16,3.61272528,7,12.967633,1.8,1.22,0.30712,11,6.21726,0,-0.8,-0.8,0,1.33,1.33,1.94,1.94,0,1,0,0.692857143,0.692857143,0.532,0.532,1.30236305,1.30236305,1.8,1.22,0,0,1.94,4,4.8,6.21726,88.90585,1,1,1,1,1,6,88,12,0.15167,0.78879,87,0.15208,0.77673,17,107,6,0.16265,0.73553,107,0.1606,0.73553,39,15,108,0.74258,0.1611,12,0.76224,0.15497,39,15,108,0.74258,0.1611,12,0.76224,0.15497,3.702007004,2.762600543,3.762760735,2.526110304,2.181467,0.738882,0.73789,-1.827361,-1.830878,5.560761667,5.560566,-0.000195667,5.560663833,4.72735808,3.267327024,-3.430625457,2.96168266,2.96168266,-3.446544501,2.923802854,2.923802854,-1.562989,-0.143666,2.179771
577,Zr2CBr2,AA,m2,1.55,1.33,0.433289,12,6.634126,0.7,2.55,1.262113612,4,11.260288,1.15,2.96,3.3635883,7,11.81381,1.55,1.33,0.433289,12,6.634126,0,-0.4,-0.4,0,1.22,1.22,1.63,1.63,0,2,0,0.603703704,0.603703704,0.542222222,0.542222222,1.113387978,1.113387978,1.55,1.33,0,0,1.63,3,5.2,6.634126,91.224,1,1,1,1,1,6,88,12,0.15167,0.78879,87,0.15208,0.77673,35,108,10,0.19779,0.60484,108,0.1953,0.60484,40,47,68,0.50364,0.23753,44,0.51595,0.22894,40,47,68,0.50364,0.23753,44,0.51595,0.22894,3.502033699,2.811267336,3.728919197,2.341005732,2.134565,0.638569,0.640842,-1.705151,-1.708824,3.961567,3.961345333,-0.000221667,3.961456167,4.43215368,3.20429032,-4.186742903,0.856063577,0.856063577,-4.193158193,0.840526792,0.840526792,-1.32627,-0.142707,2.24559
439,Hf2CCl2,AA,m2,1.55,1.3,0.17807,10,6.82507,0.7,2.55,1.262113612,4,11.260288,1,3.16,3.61272528,7,12.967633,1.55,1.3,0.17807,10,6.82507,0,-0.55,-0.55,0,1.25,1.25,1.86,1.86,0,2,0,0.729411765,0.729411765,0.555555556,0.555555556,1.312941176,1.312941176,1.55,1.3,0,0,1.86,3,5.2,6.82507,178.49,1,1,1,1,1,6,88,12,0.15167,0.78879,87,0.15208,0.77673,17,107,6,0.16265,0.73553,107,0.1606,0.73553,72,48,71,0.57475,0.20815,45,0.58884,0.2006,72,48,71,0.57475,0.20815,45,0.58884,0.2006,3.398564129,2.654352696,3.545703881,2.282304083,2.153117,0.686676,0.690356,-1.766908,-1.763241,3.806586667,3.806516667,-7.00E-05,3.806551667,4.330830535,3.212078212,-4.681023995,1.244957486,1.244957486,-4.716296405,1.222812374,1.222812374,-1.48266,-0.089287,2.184463
233,Ta2CSe2,BA,bridge,1.45,1.5,0.32312,11,7.549571,0.7,2.55,1.262113612,4,11.260288,1.15,2.55,2.020604712,6,9.752392,1.45,1.5,0.32312,11,7.549571,0,-0.3,-0.3,0,1.05,1.05,1.05,1.05,0,3,0,0.403846154,0.403846154,0.488372093,0.488372093,0.826923077,0.826923077,1.45,1.5,0,0,1.05,1,5.2,7.549571,180.94788,1,1,1,1,1,6,88,12,0.15167,0.78879,87,0.15208,0.77673,34,102,14,0.21954,0.54493,101,0.22068,0.53528,73,52,69,0.54867,0.21804,49,0.56231,0.21007,73,52,69,0.54867,0.21804,49,0.56231,0.21007,3.32155478,2.623413989,3.02075291,2.278570967,1.891296,0.675946,0.639124,-1.689289,-1.517077,4.727358,4.900889667,0.173531667,4.814123833,2.019869671,1.769451484,-2.060875392,1.147157776,1.147157776,-2.548975757,0.623744109,0.623744109,-0.805544,-0.079768,1.475992
552,TaMnNSe2,BA,bridge,1.45,1.5,0.32312,11,7.549571,0.65,3.04,-0.07,5,14.53413,1.15,2.55,2.020604712,6,9.752392,1.4,1.55,-0.52,13,7.434038,0.05,-0.3,-0.25,0.00877193,1.54,1.49,1.05,1,-0.05,4,2,0.403846154,0.392156863,0.733333333,0.726829268,0.550699301,0.539544677,1.425,1.525,2,2,1.025,0,5.8,7.4918045,117.9429625,1.035714286,0.967741935,-0.621384615,0.846153846,1.015541083,7,94,8,0.1473,0.81216,93,0.14784,0.79901,34,102,14,0.21954,0.54493,101,0.22068,0.53528,25,58,52,0.3851,0.31065,55,0.39497,0.29907,73,52,69,0.54867,0.21804,49,0.56231,0.21007,3.220506279,2.59518196,3.0095312,2.212462713,1.594064,0.622931,0.407114,-1.061509,-1.5626,4.594562333,4.898303667,0.303741333,4.746433,1.959730792,1.761548993,-2.394739092,0.969803604,-2.283582958,-2.637857679,0.833316873,0.355578119,-0.579741,-0.07374,1.258418
66,TiHfCBr2,AA,m2,1.4,1.54,0.075545,12,6.82812,0.7,2.55,1.262113612,4,11.260288,1.15,2.96,3.3635883,7,11.81381,1.55,1.3,0.17807,10,6.82507,-0.15,-0.25,-0.4,-0.025423729,1.01,1.25,1.42,1.66,0.24,2,0,0.556862745,0.614814815,0.480952381,0.555555556,1.15783343,1.106666667,1.475,1.42,2,0,1.54,3,5.2,6.826595,113.1785,0.903225806,1.184615385,0.424243275,1.2,1.000446882,6,88,12,0.15167,0.78879,87,0.15208,0.77673,35,108,10,0.19779,0.60484,108,0.1953,0.60484,72,48,71,0.57475,0.20815,45,0.58884,0.2006,22,46,64,0.43051,0.27789,43,0.441,0.26786,3.403230173,2.665731548,3.476100921,2.23539497,2.050471,0.584265,0.626593,-1.734118,-1.527211,3.742954333,4.265146333,0.522192,4.004050333,4.297771416,3.178778093,-4.030566019,0.938693709,0.765134023,-4.352429033,0.836229292,0.567527335,-1.207232,-0.069668,2.193327
56,Ti2CF2,AA,x,1.4,1.54,0.075545,12,6.82812,0.7,2.55,1.262113612,4,11.260288,0.5,3.98,3.401189824,7,17.42282,1.4,1.54,0.075545,12,6.82812,0,-0.9,-0.9,0,1.01,1.01,2.44,2.44,0,2,0,1.284210526,1.284210526,0.480952381,0.480952381,2.670140698,2.670140698,1.4,1.54,0,0,2.44,3,5.2,6.82812,47.867,1,1,1,1,1,6,88,12,0.15167,0.78879,87,0.15208,0.77673,9,106,3,0.13207,0.90585,106,0.1304,0.90585,22,46,64,0.43051,0.27789,43,0.441,0.26786,22,46,64,0.43051,0.27789,43,0.441,0.26786,3.05365178,2.163352081,2.971678742,2.098659694,1.901178,0.7542,0.756033,-1.70495,-1.70646,4.860447333,4.859779,-0.000668333,4.860113167,3.989792527,2.915856611,-5.874221187,0.63110696,0.63110696,-5.909948051,0.586281251,0.586281251,-2.215071,-0.057531,2.188646
216,Sc2NBr2,AA,m2,1.6,1.36,0.1882,11,6.56149,0.65,3.04,-0.07,5,14.53413,1.15,2.96,3.3635883,7,11.81381,1.6,1.36,0.1882,11,6.56149,0,-0.45,-0.45,0,1.68,1.68,1.6,1.6,0,1,0,0.581818182,0.581818182,0.746666667,0.746666667,0.779220779,0.779220779,1.6,1.36,0,0,1.6,4,5,6.56149,44.955912,1,1,1,1,1,7,94,8,0.1473,0.81216,93,0.14784,0.79901,35,108,10,0.19779,0.60484,108,0.1953,0.60484,21,14,105,0.6303,0.1898,11,0.64709,0.18255,21,14,105,0.6303,0.1898,11,0.64709,0.18255,3.441139475,2.716231752,3.617964972,2.306417725,1.930163,0.662415,0.660198,-1.626459,-1.626317,4.215747667,4.215687,-6.07E-05,4.215717333,4.374475049,3.216873796,-4.125959068,1.538936453,1.538936453,-4.138978264,1.490696039,1.490696039,-1.761961,-0.043722,2.190466
388,ZrTiCBr2,AA,m2,1.55,1.33,0.433289,12,6.634126,0.7,2.55,1.262113612,4,11.260288,1.15,2.96,3.3635883,7,11.81381,1.4,1.54,0.075545,12,6.82812,0.15,-0.4,-0.25,0.025423729,1.22,1.01,1.63,1.42,-0.21,2,0,0.603703704,0.556862745,0.542222222,0.480952381,1.113387978,1.15783343,1.475,1.435,1,0,1.525,3,5.2,6.731123,69.5455,1.107142857,0.863636364,5.735508637,1,0.971588959,6,88,12,0.15167,0.78879,87,0.15208,0.77673,35,108,10,0.19779,0.60484,108,0.1953,0.60484,22,46,64,0.43051,0.27789,43,0.441,0.26786,40,47,68,0.50364,0.23753,44,0.51595,0.22894,3.417090437,2.794598469,3.455198698,2.313166798,2.032912,0.628757,0.57927,-1.537479,-1.703459,4.330697,4.025246333,-0.305450667,4.177971667,4.461810623,3.17346735,-3.99574965,0.566170811,0.907473712,-3.991031799,0.472633387,0.874007518,-1.224165,-0.042901,2.19446
458,TiZrCBr2,AA,bridge,1.4,1.54,0.075545,12,6.82812,0.7,2.55,1.262113612,4,11.260288,1.15,2.96,3.3635883,7,11.81381,1.55,1.33,0.433289,12,6.634126,-0.15,-0.25,-0.4,-0.025423729,1.01,1.22,1.42,1.63,0.21,2,0,0.556862745,0.603703704,0.480952381,0.542222222,1.15783343,1.113387978,1.475,1.435,1,0,1.525,3,5.2,6.731123,69.5455,0.903225806,1.157894737,0.174352453,1,1.029241832,6,88,12,0.15167,0.78879,87,0.15208,0.77673,35,108,10,0.19779,0.60484,108,0.1953,0.60484,40,47,68,0.50364,0.23753,44,0.51595,0.22894,22,46,64,0.43051,0.27789,43,0.441,0.26786,3.417098317,2.670975465,3.455122181,2.228314321,2.028176,0.585172,0.629424,-1.702342,-1.54043,4.030622667,4.336023667,0.305401,4.183323167,2.40219742,1.706225028,-3.994795253,0.907644538,0.564704833,-4.303608426,0.750544578,0.412578806,-1.224165,-0.0429,2.295854
531,ScYCCl2,AA,x,1.6,1.36,0.1882,11,6.56149,0.7,2.55,1.262113612,4,11.260288,1,3.16,3.61272528,7,12.967633,1.8,1.22,0.30712,11,6.21726,-0.2,-0.6,-0.8,-0.029411765,1.19,1.33,1.8,1.94,0.14,1,0,0.692307692,0.692857143,0.517391304,0.532,1.338073691,1.30236305,1.7,1.29,1,0,1.87,4,4.8,6.389375,66.930881,0.888888889,1.114754098,0.612789789,1,1.055366834,6,88,12,0.15167,0.78879,87,0.15208,0.77673,17,107,6,0.16265,0.73553,107,0.1606,0.73553,39,15,108,0.74258,0.1611,12,0.76224,0.15497,21,14,105,0.6303,0.1898,11,0.64709,0.18255,3.576409069,2.626184484,3.518312377,2.401349741,2.104286,0.717376,0.720095,-1.800743,-1.741013,5.553896,5.544315,-0.009581,5.5491055,4.667241159,3.29244116,-3.334085924,2.846524111,2.356279676,-3.344283013,2.842353848,2.31954655,-1.53763,-0.042666,2.180561
202,Zr2CF2,AA,m2,1.55,1.33,0.433289,12,6.634126,0.7,2.55,1.262113612,4,11.260288,0.5,3.98,3.401189824,7,17.42282,1.55,1.33,0.433289,12,6.634126,0,-1.05,-1.05,0,1.22,1.22,2.65,2.65,0,2,0,1.292682927,1.292682927,0.542222222,0.542222222,2.384046381,2.384046381,1.55,1.33,0,0,2.65,3,5.2,6.634126,91.224,1,1,1,1,1,6,88,12,0.15167,0.78879,87,0.15208,0.77673,9,106,3,0.13207,0.90585,106,0.1304,0.90585,40,47,68,0.50364,0.23753,44,0.51595,0.22894,40,47,68,0.50364,0.23753,44,0.51595,0.22894,3.281625007,2.32098399,3.199890403,2.26335853,2.130215,0.793897,0.795714,-1.857862,-1.861963,3.984943333,3.985308,0.000364667,3.985125667,3.468088586,2.862644351,-6.226736119,0.991449384,0.991449384,-6.238111993,0.957461672,0.957461672,-2.260238,-0.03282,2.192914
353,HfTiCCl2,AA,m2,1.55,1.3,0.17807,10,6.82507,0.7,2.55,1.262113612,4,11.260288,1,3.16,3.61272528,7,12.967633,1.4,1.54,0.075545,12,6.82812,0.15,-0.55,-0.4,0.025423729,1.25,1.01,1.86,1.62,-0.24,2,0,0.729411765,0.675,0.555555556,0.480952381,1.312941176,1.403465347,1.475,1.42,2,0,1.74,3,5.2,6.826595,113.1785,1.107142857,0.844155844,2.35713813,0.833333333,0.999553318,6,88,12,0.15167,0.78879,87,0.15208,0.77673,17,107,6,0.16265,0.73553,107,0.1606,0.73553,22,46,64,0.43051,0.27789,43,0.441,0.26786,72,48,71,0.57475,0.20815,45,0.58884,0.2006,3.324974896,2.639017603,3.337639022,2.249882607,2.047779,0.670487,0.642707,-1.59147,-1.769502,4.593165,3.921990667,-0.671174333,4.257577833,4.409338738,3.230663616,-4.563332183,0.81890827,0.970790666,-4.593055179,0.764370984,0.964538058,-1.428007,-0.029798,2.16363
262,TiHfCCl2,AA,m2,1.4,1.54,0.075545,12,6.82812,0.7,2.55,1.262113612,4,11.260288,1,3.16,3.61272528,7,12.967633,1.55,1.3,0.17807,10,6.82507,-0.15,-0.4,-0.55,-0.025423729,1.01,1.25,1.62,1.86,0.24,2,0,0.675,0.729411765,0.480952381,0.555555556,1.403465347,1.312941176,1.475,1.42,2,0,1.74,3,5.2,6.826595,113.1785,0.903225806,1.184615385,0.424243275,1.2,1.000446882,6,88,12,0.15167,0.78879,87,0.15208,0.77673,17,107,6,0.16265,0.73553,107,0.1606,0.73553,72,48,71,0.57475,0.20815,45,0.58884,0.2006,22,46,64,0.43051,0.27789,43,0.441,0.26786,3.324977637,2.532304567,3.337637949,2.202053479,2.047483,0.64182,0.671436,-1.770353,-1.590384,3.933847333,4.604826333,0.670979,4.269336833,4.211327044,3.198876597,-4.560240976,0.972903294,0.840846895,-4.573918684,0.970614893,0.822013696,-1.428006,-0.029798,2.201442
377,TiZrCCl2,AA,m2,1.4,1.54,0.075545,12,6.82812,0.7,2.55,1.262113612,4,11.260288,1,3.16,3.61272528,7,12.967633,1.55,1.33,0.433289,12,6.634126,-0.15,-0.4,-0.55,-0.025423729,1.01,1.22,1.62,1.83,0.21,2,0,0.675,0.717647059,0.480952381,0.542222222,1.403465347,1.323529412,1.475,1.435,1,0,1.725,3,5.2,6.731123,69.5455,0.903225806,1.157894737,0.174352453,1,1.029241832,6,88,12,0.15167,0.78879,87,0.15208,0.77673,17,107,6,0.16265,0.73553,107,0.1606,0.73553,40,47,68,0.50364,0.23753,44,0.51595,0.22894,22,46,64,0.43051,0.27789,43,0.441,0.26786,3.340075163,2.53662671,3.317503422,2.196442439,2.023999,0.647049,0.677249,-1.741757,-1.60654,4.292440333,4.672948333,0.380508,4.482694333,4.212167952,3.205361993,-4.479036633,0.921234796,0.610823065,-4.477141117,0.888978219,0.466096193,-1.439016,-0.026929,2.167645
140,ScYCBr2,AA,bridge,1.6,1.36,0.1882,11,6.56149,0.7,2.55,1.262113612,4,11.260288,1.15,2.96,3.3635883,7,11.81381,1.8,1.22,0.30712,11,6.21726,-0.2,-0.45,-0.65,-0.029411765,1.19,1.33,1.6,1.74,0.14,1,0,0.581818182,0.589830508,0.517391304,0.532,1.124522536,1.108703963,1.7,1.29,1,0,1.67,4,4.8,6.389375,66.930881,0.888888889,1.114754098,0.612789789,1,1.055366834,6,88,12,0.15167,0.78879,87,0.15208,0.77673,35,108,10,0.19779,0.60484,108,0.1953,0.60484,39,15,108,0.74258,0.1611,12,0.76224,0.15497,21,14,105,0.6303,0.1898,11,0.64709,0.18255,3.63724415,2.766638206,3.67239064,2.424373826,2.123924,0.665402,0.685536,-1.77493,-1.699933,5.373458333,5.342813333,-0.030645,5.358135833,2.483830237,1.728978205,-2.822423835,2.739177396,2.30181069,-3.692751726,2.058571937,1.534480618,-1.337854,-0.024003,2.094914
516,YScCBr2,AA,bridge,1.8,1.22,0.30712,11,6.21726,0.7,2.55,1.262113612,4,11.260288,1.15,2.96,3.3635883,7,11.81381,1.6,1.36,0.1882,11,6.56149,0.2,-0.65,-0.45,0.029411765,1.33,1.19,1.74,1.6,-0.14,1,0,0.589830508,0.581818182,0.532,0.517391304,1.108703963,1.124522536,1.7,1.29,1,0,1.67,4,4.8,6.389375,66.930881,1.125,0.897058824,1.631880978,1,0.947537831,6,88,12,0.15167,0.78879,87,0.15208,0.77673,35,108,10,0.19779,0.60484,108,0.1953,0.60484,21,14,105,0.6303,0.1898,11,0.64709,0.18255,39,15,108,0.74258,0.1611,12,0.76224,0.15497,3.637296893,2.888214437,3.672228375,2.492425185,2.122742,0.678121,0.670458,-1.704737,-1.766584,5.343189333,5.374464,0.031274667,5.358826667,2.600459366,1.733199071,-2.82052051,2.284647546,2.739654788,-3.778399699,1.276349314,2.12176349,-1.337853,-0.024003,2.156783
29,NbTaCS2,BA,x,1.45,1.6,0.917407,13,6.75885,0.7,2.55,1.262113612,4,11.260288,1,2.58,2.077104512,6,10.36001,1.45,1.5,0.32312,11,7.549571,0,-0.45,-0.45,0,0.95,1.05,0.98,1.08,0.1,3.5,1,0.4,0.440816327,0.441860465,0.488372093,0.905263158,0.902623907,1.45,1.55,1,0,1.03,0.5,5.2,7.1542105,136.92713,1,1.066666667,2.839214533,1.181818182,0.89526279,6,88,12,0.15167,0.78879,87,0.15208,0.77673,16,101,9,0.1781,0.67171,100,0.17899,0.65995,73,52,69,0.54867,0.21804,49,0.56231,0.21007,41,51,65,0.48244,0.24797,48,0.49439,0.23893,3.266672569,2.495030758,2.900270502,2.271980408,1.833372,0.817759,0.733135,-1.841028,-1.543238,5.164135,5.613222333,0.449087333,5.388678667,3.500805684,1.361669297,-2.204568515,0.980333375,0.359125443,-2.95455209,0.525726936,0.008172486,-0.951561,-0.023731,0.941252
522,Y2NCl2,AA,m2,1.8,1.22,0.30712,11,6.21726,0.65,3.04,-0.07,5,14.53413,1,3.16,3.61272528,7,12.967633,1.8,1.22,0.30712,11,6.21726,0,-0.8,-0.8,0,1.82,1.82,1.94,1.94,0,1,0,0.692857143,0.692857143,0.742857143,0.742857143,0.932692308,0.932692308,1.8,1.22,0,0,1.94,4,5,6.21726,88.90585,1,1,1,1,1,7,94,8,0.1473,0.81216,93,0.14784,0.79901,17,107,6,0.16265,0.73553,107,0.1606,0.73553,39,15,108,0.74258,0.1611,12,0.76224,0.15497,39,15,108,0.74258,0.1611,12,0.76224,0.15497,3.582935127,2.732601888,3.72023284,2.446696411,1.998827,0.740649,0.753643,-1.754039,-1.73908,4.303623,4.303534,-8.90E-05,4.3035785,4.374392522,3.320130607,-4.469974461,1.777442415,1.777442415,-4.477963614,1.736266952,1.736266952,-1.992878,-0.023189,2.181381
600,Y2NBr2,AA,x,1.8,1.22,0.30712,11,6.21726,0.65,3.04,-0.07,5,14.53413,1.15,2.96,3.3635883,7,11.81381,1.8,1.22,0.30712,11,6.21726,0,-0.65,-0.65,0,1.82,1.82,1.74,1.74,0,1,0,0.589830508,0.589830508,0.742857143,0.742857143,0.794002608,0.794002608,1.8,1.22,0,0,1.74,4,5,6.21726,88.90585,1,1,1,1,1,7,94,8,0.1473,0.81216,93,0.14784,0.79901,35,108,10,0.19779,0.60484,108,0.1953,0.60484,39,15,108,0.74258,0.1611,12,0.76224,0.15497,39,15,108,0.74258,0.1611,12,0.76224,0.15497,3.638862807,2.874215865,3.874841714,2.46763508,1.995459,0.700517,0.698011,-1.69546,-1.698527,4.178553667,4.178610333,5.67E-05,4.178582,4.907254642,3.259431468,-3.867740624,1.740137124,1.740137124,-3.876796611,1.687359045,1.687359045,-1.790979,-0.008849,2.182972
290,V2CF2,AA,m2,1.35,1.63,0.527662,13,6.746187,0.7,2.55,1.262113612,4,11.260288,0.5,3.98,3.401189824,7,17.42282,1.35,1.63,0.527662,13,6.746187,0,-0.85,-0.85,0,0.92,0.92,2.35,2.35,0,3,0,1.27027027,1.27027027,0.448780488,0.448780488,2.830493537,2.830493537,1.35,1.63,0,0,2.35,2,5.6,6.746187,50.9415,1,1,1,1,1,6,88,12,0.15167,0.78879,87,0.15208,0.77673,9,106,3,0.13207,0.90585,106,0.1304,0.90585,23,50,60,0.41533,0.28804,47,0.42558,0.27756,23,50,60,0.41533,0.28804,47,0.42558,0.27756,2.987288557,2.148779174,2.876845675,2.004197663,1.689191,0.713956,0.719327,-1.563177,-1.559297,5.406764333,5.402251333,-0.004513,5.404507833,1.615866701,2.009297848,-5.395478083,0.159110376,0.159110376,-5.382210917,0.217014894,0.217014894,-1.681989,-0.003113,2.183901
146,Zr2NBr2,AA,m2,1.55,1.33,0.433289,12,6.634126,0.65,3.04,-0.07,5,14.53413,1.15,2.96,3.3635883,7,11.81381,1.55,1.33,0.433289,12,6.634126,0,-0.4,-0.4,0,1.71,1.71,1.63,1.63,0,2,0,0.603703704,0.603703704,0.777272727,0.777272727,0.776694823,0.776694823,1.55,1.33,0,0,1.63,3,5.4,6.634126,91.224,1,1,1,1,1,7,94,8,0.1473,0.81216,93,0.14784,0.79901,35,108,10,0.19779,0.60484,108,0.1953,0.60484,40,47,68,0.50364,0.23753,44,0.51595,0.22894,40,47,68,0.50364,0.23753,44,0.51595,0.22894,3.489685302,2.801703853,3.662360456,2.301040902,1.908894,0.644874,0.64052,-1.594221,-1.600067,3.705641,3.705407333,-0.000233667,3.705524167,4.398599709,3.179589353,-3.875490503,1.337566862,1.337566862,-3.9294621,1.332782522,1.332782522,-1.536766,0.003305,2.21062
334,ScZrCCl2,AA,bridge,1.6,1.36,0.1882,11,6.56149,0.7,2.55,1.262113612,4,11.260288,1,3.16,3.61272528,7,12.967633,1.55,1.33,0.433289,12,6.634126,0.05,-0.6,-0.55,0.007936508,1.19,1.22,1.8,1.83,0.03,1.5,1,0.692307692,0.717647059,0.517391304,0.542222222,1.338073691,1.323529412,1.575,1.345,1,1,1.815,3.5,5,6.597808,68.089956,1.032258065,1.022556391,0.43435213,0.916666667,0.989051158,6,88,12,0.15167,0.78879,87,0.15208,0.77673,17,107,6,0.16265,0.73553,107,0.1606,0.73553,40,47,68,0.50364,0.23753,44,0.51595,0.22894,21,14,105,0.6303,0.1898,11,0.64709,0.18255,3.425537915,2.589756015,3.55873616,2.359415936,2.090033,0.703607,0.692354,-1.817747,-1.668248,4.241793333,4.992801667,0.751008333,4.6172975,2.412892836,1.576044847,-4.335014113,2.204779289,0.915811825,-4.711033712,1.90675881,0.857157268,-1.541201,0.004738,2.217715
525,ZrScCCl2,AA,x,1.55,1.33,0.433289,12,6.634126,0.7,2.55,1.262113612,4,11.260288,1,3.16,3.61272528,7,12.967633,1.6,1.36,0.1882,11,6.56149,-0.05,-0.55,-0.6,-0.007936508,1.22,1.19,1.83,1.8,-0.03,1.5,1,0.717647059,0.692307692,0.542222222,0.517391304,1.323529412,1.338073691,1.575,1.345,1,1,1.815,3.5,5,6.597808,68.089956,0.96875,0.977941176,2.30227949,1.090909091,1.011070047,6,88,12,0.15167,0.78879,87,0.15208,0.77673,17,107,6,0.16265,0.73553,107,0.1606,0.73553,21,14,105,0.6303,0.1898,11,0.64709,0.18255,40,47,68,0.50364,0.23753,44,0.51595,0.22894,3.425536486,2.668907888,3.558720274,2.302093015,2.081603,0.697156,0.704941,-1.66495,-1.81875,4.97995,4.228457667,-0.751492333,4.604203833,4.767459926,3.226767657,-4.336521957,0.915138744,2.20439909,-4.365588442,0.895091504,2.159538336,-1.541201,0.004739,2.175707
69,Sc2NCl2,AA,m2,1.6,1.36,0.1882,11,6.56149,0.65,3.04,-0.07,5,14.53413,1,3.16,3.61272528,7,12.967633,1.6,1.36,0.1882,11,6.56149,0,-0.6,-0.6,0,1.68,1.68,1.8,1.8,0,1,0,0.692307692,0.692307692,0.746666667,0.746666667,0.927197802,0.927197802,1.6,1.36,0,0,1.8,4,5,6.56149,44.955912,1,1,1,1,1,7,94,8,0.1473,0.81216,93,0.14784,0.79901,17,107,6,0.16265,0.73553,107,0.1606,0.73553,21,14,105,0.6303,0.1898,11,0.64709,0.18255,21,14,105,0.6303,0.1898,11,0.64709,0.18255,3.361710863,2.573911999,3.473947555,2.276991341,1.921566,0.705034,0.704739,-1.665567,-1.665772,4.441835333,4.441434667,-0.000400667,4.441635,4.331389657,3.275915903,-4.643850976,1.573708119,1.573708119,-4.66521414,1.519422848,1.519422848,-2.001665,0.006977,2.186532
161,TiNbCBr2,AA,bridge,1.4,1.54,0.075545,12,6.82812,0.7,2.55,1.262113612,4,11.260288,1.15,2.96,3.3635883,7,11.81381,1.45,1.6,0.917407,13,6.75885,-0.05,-0.25,-0.3,-0.00877193,1.01,0.95,1.42,1.36,-0.06,3,2,0.556862745,0.523076923,0.480952381,0.441860465,1.15783343,1.183805668,1.425,1.57,1,1,1.39,2,5.4,6.793485,70.38669,0.965517241,0.9625,0.082346221,0.923076923,1.010248785,6,88,12,0.15167,0.78879,87,0.15208,0.77673,35,108,10,0.19779,0.60484,108,0.1953,0.60484,41,51,65,0.48244,0.24797,48,0.49439,0.23893,22,46,64,0.43051,0.27789,43,0.441,0.26786,3.365422367,2.66526485,3.4457044,2.195065552,1.873182,0.575602,0.557279,-1.470882,-1.535181,3.956231333,4.432897333,0.476666,4.194564333,2.516135828,1.690704429,-3.463976866,1.156850481,0.643335798,-3.787796845,1.059669373,0.585067805,-1.005235,0.008737,2.095252
292,TiMoCSe2,AB,bridge,1.4,1.54,0.075545,12,6.82812,0.7,2.55,1.262113612,4,11.260288,1.15,2.55,2.020604712,6,9.752392,1.45,2.16,0.74733,14,7.09243,-0.05,-0.25,-0.3,-0.00877193,1.01,0.39,1.01,0.39,-0.62,3.5,3,0.396078431,0.15,0.480952381,0.181395349,0.823529412,0.826923077,1.425,1.85,1,2,0.7,0.5,5.2,6.960275,71.9035,0.965517241,0.712962963,0.101086535,0.857142857,0.962733506,6,88,12,0.15167,0.78879,87,0.15208,0.77673,34,102,14,0.21954,0.54493,101,0.22068,0.53528,42,55,61,0.46178,0.25907,52,0.47342,0.24951,22,46,64,0.43051,0.27789,43,0.441,0.26786,3.205453199,2.536959288,2.960476425,2.192235652,1.574877,0.643817,0.433272,-1.10333,-1.548635,4.288005333,5.294189333,1.006184,4.791097333,1.951198334,1.722762813,-2.432424248,0.735092905,-0.734481502,-2.792537037,0.359541835,-1.029462105,-0.72805,0.01286,1.128811
282,MoTiCSe2,BA,bridge,1.45,2.16,0.74733,14,7.09243,0.7,2.55,1.262113612,4,11.260288,1.15,2.55,2.020604712,6,9.752392,1.4,1.54,0.075545,12,6.82812,0.05,-0.3,-0.25,0.00877193,0.39,1.01,0.39,1.01,0.62,3.5,3,0.15,0.396078431,0.181395349,0.480952381,0.826923077,0.823529412,1.425,1.85,1,2,0.7,0.5,5.2,6.960275,71.9035,1.035714286,1.402597403,9.892514395,1.166666667,1.038709044,6,88,12,0.15167,0.78879,87,0.15208,0.77673,34,102,14,0.21954,0.54493,101,0.22068,0.53528,22,46,64,0.43051,0.27789,43,0.441,0.26786,42,55,61,0.46178,0.25907,52,0.47342,0.24951,3.205453691,2.549163135,2.96047754,2.20970561,1.576232,0.64815,0.443591,-1.552852,-1.11512,5.276806667,4.270210333,-1.006596333,4.7735085,2.991438346,1.824813234,-2.433031738,-0.73529489,0.735017136,-2.37955006,-0.610475727,0.92760394,-0.728048,0.012861,1.734091
165,Nb2CBr2,AA,m2,1.45,1.6,0.917407,13,6.75885,0.7,2.55,1.262113612,4,11.260288,1.15,2.96,3.3635883,7,11.81381,1.45,1.6,0.917407,13,6.75885,0,-0.3,-0.3,0,0.95,0.95,1.36,1.36,0,4,0,0.523076923,0.523076923,0.441860465,0.441860465,1.183805668,1.183805668,1.45,1.6,0,0,1.36,1,5.6,6.75885,92.90638,1,1,1,1,1,6,88,12,0.15167,0.78879,87,0.15208,0.77673,35,108,10,0.19779,0.60484,108,0.1953,0.60484,41,51,65,0.48244,0.24797,48,0.49439,0.23893,41,51,65,0.48244,0.24797,48,0.49439,0.23893,3.448646908,2.786414657,3.551655859,2.224411428,1.773374,0.558868,0.561302,-1.448504,-1.44504,3.946953,3.946733667,-0.000219333,3.946843333,4.366571796,3.135842299,-3.600680263,0.389731726,0.389731726,-3.658278628,0.384509175,0.384509175,-0.839711,0.016734,2.19624
372,ZrMnNSe2,AA,bridge,1.55,1.33,0.433289,12,6.634126,0.65,3.04,-0.07,5,14.53413,1.15,2.55,2.020604712,6,9.752392,1.4,1.55,-0.52,13,7.434038,0.15,-0.4,-0.25,0.025423729,1.71,1.49,1.22,1,-0.22,3.5,3,0.451851852,0.392156863,0.777272727,0.726829268,0.581329868,0.539544677,1.475,1.44,1,3,1.11,0.5,5.6,7.034082,73.0810225,1.107142857,0.858064516,-0.833248077,0.923076923,0.892398721,7,94,8,0.1473,0.81216,93,0.14784,0.79901,34,102,14,0.21954,0.54493,101,0.22068,0.53528,25,58,52,0.3851,0.31065,55,0.39497,0.29907,40,47,68,0.50364,0.23753,44,0.51595,0.22894,3.360375752,2.693400828,3.1748078,2.24271949,1.582845,0.773614,0.415732,-0.937055,-1.835137,4.702720333,5.339438333,0.636718,5.021079333,2.185527843,1.746785085,-2.135095774,1.259297214,-1.805087722,-2.360771317,0.93848837,0.019797301,-0.85621,0.01925,0.761706
543,VNbCF2,AA,x,1.35,1.63,0.527662,13,6.746187,0.7,2.55,1.262113612,4,11.260288,0.5,3.98,3.401189824,7,17.42282,1.45,1.6,0.917407,13,6.75885,-0.1,-0.85,-0.95,-0.017857143,0.92,0.95,2.35,2.38,0.03,3.5,1,1.27027027,1.220512821,0.448780488,0.441860465,2.830493537,2.762213225,1.4,1.615,1,0,2.365,1.5,5.6,6.7525185,71.92394,0.931034483,1.01875,0.575166747,1,0.998126456,6,88,12,0.15167,0.78879,87,0.15208,0.77673,9,106,3,0.13207,0.90585,106,0.1304,0.90585,41,51,65,0.48244,0.24797,48,0.49439,0.23893,23,50,60,0.41533,0.28804,47,0.42558,0.27756,3.092019555,2.183215128,2.838062289,2.021973739,1.761206,0.726574,0.740367,-1.663131,-1.565015,4.524225667,5.480570667,0.956345,5.002398167,3.901401378,2.845360272,-5.5067353,0.179852253,0.76751257,-5.759478079,0.242986021,0.759646372,-1.679307,0.024058,2.204165
536,NbCrNS2,BA,m1,1.45,1.6,0.917407,13,6.75885,0.65,3.04,-0.07,5,14.53413,1,2.58,2.077104512,6,10.36001,1.4,1.66,0.6758412,12,6.76651,0.05,-0.45,-0.4,0.00877193,1.44,1.38,0.98,0.92,-0.06,4.5,1,0.4,0.383333333,0.685714286,0.673170732,0.583333333,0.569444444,1.425,1.63,1,1,0.95,0.5,5.6,6.76268,72.45124,1.035714286,0.963855422,1.357429822,1.083333333,0.998867954,7,94,8,0.1473,0.81216,93,0.14784,0.79901,16,101,9,0.1781,0.67171,100,0.17899,0.65995,24,54,56,0.40019,0.29894,51,0.41024,0.28794,41,51,65,0.48244,0.24797,48,0.49439,0.23893,3.175690583,2.476908862,2.881124307,2.199944004,1.56397,0.721483,0.609524,-1.279816,-1.615162,5.554511333,5.611709333,0.057198,5.583110333,1.851841685,2.302672425,-2.220638304,0.555022001,-0.975895388,-2.241659858,0.446171932,1.120859808,-0.815475,0.024543,0.684035
351,TiTaNS2,AB,m1,1.4,1.54,0.075545,12,6.82812,0.65,3.04,-0.07,5,14.53413,1,2.58,2.077104512,6,10.36001,1.45,1.5,0.32312,11,7.549571,-0.05,-0.4,-0.45,-0.00877193,1.5,1.54,1.04,1.08,0.04,2.5,1,0.433333333,0.440816327,0.731707317,0.733333333,0.592222222,0.601113173,1.425,1.52,2,1,1.06,1.5,5.2,7.1888455,114.40744,0.965517241,1.026666667,0.233798589,1.090909091,0.904438146,7,94,8,0.1473,0.81216,93,0.14784,0.79901,16,101,9,0.1781,0.67171,100,0.17899,0.65995,73,52,69,0.54867,0.21804,49,0.56231,0.21007,22,46,64,0.43051,0.27789,43,0.441,0.26786,3.189330932,2.403492169,2.917271644,2.15578152,1.724736,0.791796,0.780507,-1.614871,-1.682167,5.254466,5.495374333,0.240908333,5.374920167,3.398918293,1.35141224,-2.44944567,0.822341152,0.604038484,-3.275901196,0.490009233,0.203471822,-1.300918,0.0282,1.148005
594,ScHfCCl2,AA,bridge,1.6,1.36,0.1882,11,6.56149,0.7,2.55,1.262113612,4,11.260288,1,3.16,3.61272528,7,12.967633,1.55,1.3,0.17807,10,6.82507,0.05,-0.6,-0.55,0.007936508,1.19,1.25,1.8,1.86,0.06,1.5,1,0.692307692,0.729411765,0.517391304,0.555555556,1.338073691,1.312941176,1.575,1.33,2,1,1.83,3.5,5,6.69328,111.722956,1.032258065,1.046153846,1.056887741,1.1,0.961380616,6,88,12,0.15167,0.78879,87,0.15208,0.77673,17,107,6,0.16265,0.73553,107,0.1606,0.73553,72,48,71,0.57475,0.20815,45,0.58884,0.2006,21,14,105,0.6303,0.1898,11,0.64709,0.18255,3.406282185,2.584136024,3.505898613,2.362400148,2.09884,0.702796,0.684165,-1.832763,-1.653038,3.924561667,4.899368,0.974806333,4.411964833,2.403327484,1.575915164,-4.388842121,2.341234221,1.03870204,-4.766491796,2.098906006,0.882397163,-1.535262,0.028558,2.29207
469,TiVNS2,AB,m1,1.4,1.54,0.075545,12,6.82812,0.65,3.04,-0.07,5,14.53413,1,2.58,2.077104512,6,10.36001,1.35,1.63,0.527662,13,6.746187,0.05,-0.4,-0.35,0.009090909,1.5,1.41,1.04,0.95,-0.09,2.5,1,0.433333333,0.404255319,0.731707317,0.705,0.592222222,0.5734118,1.375,1.585,0,1,0.995,1.5,5.2,6.7871535,49.40425,1.037037037,0.944785276,0.143169302,0.923076923,1.012145083,7,94,8,0.1473,0.81216,93,0.14784,0.79901,16,101,9,0.1781,0.67171,100,0.17899,0.65995,23,50,60,0.41533,0.28804,47,0.42558,0.27756,22,46,64,0.43051,0.27789,43,0.441,0.26786,3.084032733,2.387999983,2.706642614,2.109537976,1.654248,0.764214,0.609944,-1.365646,-1.662761,5.489638333,5.546225333,0.056587,5.517931833,3.407925691,1.357797717,-2.52047246,0.152272265,0.078324744,-3.354127338,-0.206895187,-0.217998838,-1.21664,0.032457,1.257003
407,VNbCCl2,AA,bridge,1.35,1.63,0.527662,13,6.746187,0.7,2.55,1.262113612,4,11.260288,1,3.16,3.61272528,7,12.967633,1.45,1.6,0.917407,13,6.75885,-0.1,-0.35,-0.45,-0.017857143,0.92,0.95,1.53,1.56,0.03,3.5,1,0.65106383,0.636734694,0.448780488,0.441860465,1.450740056,1.441031149,1.4,1.615,1,0,1.545,1.5,5.6,6.7525185,71.92394,0.931034483,1.01875,0.575166747,1,0.998126456,6,88,12,0.15167,0.78879,87,0.15208,0.77673,17,107,6,0.16265,0.73553,107,0.1606,0.73553,41,51,65,0.48244,0.24797,48,0.49439,0.23893,23,50,60,0.41533,0.28804,47,0.42558,0.27756,3.289620874,2.525158384,3.174154194,2.092863525,1.730167,0.586408,0.637337,-1.566118,-1.387794,4.120951333,4.827383,0.706431667,4.474167167,2.499016319,1.552316339,-4.061186981,0.139136955,0.587828124,-4.647352012,0.514290435,0.154571065,-0.959621,0.038879,1.894917
92,TiNbNSe2,AB,bridge,1.4,1.54,0.075545,12,6.82812,0.65,3.04,-0.07,5,14.53413,1.15,2.55,2.020604712,6,9.752392,1.45,1.6,0.917407,13,6.75885,-0.05,-0.25,-0.3,-0.00877193,1.5,1.44,1.01,0.95,-0.06,3,2,0.396078431,0.365384615,0.731707317,0.685714286,0.54130719,0.532852564,1.425,1.57,1,1,0.98,1,5.2,6.793485,70.38669,0.965517241,0.9625,0.082346221,0.923076923,1.010248785,7,94,8,0.1473,0.81216,93,0.14784,0.79901,34,102,14,0.21954,0.54493,101,0.22068,0.53528,41,51,65,0.48244,0.24797,48,0.49439,0.23893,22,46,64,0.43051,0.27789,43,0.441,0.26786,3.247882379,2.543699986,3.059631503,2.156664111,1.698645,0.675272,0.596871,-1.379615,-1.591173,4.821992667,5.121515333,0.299522667,4.971754,1.922981608,1.734944574,-2.588560233,0.594220093,0.217804747,-3.036879188,0.241477572,-0.184589571,-1.178307,0.038986,1.364337
420,NbTiCSe2,AA,bridge,1.45,1.6,0.917407,13,6.75885,0.7,2.55,1.262113612,4,11.260288,1.15,2.55,2.020604712,6,9.752392,1.4,1.54,0.075545,12,6.82812,0.05,-0.3,-0.25,0.00877193,0.95,1.01,0.95,1.01,0.06,3,2,0.365384615,0.396078431,0.441860465,0.480952381,0.826923077,0.823529412,1.425,1.57,1,1,0.98,1,5,6.793485,70.38669,1.035714286,1.038961039,12.14384804,1.083333333,0.989855187,6,88,12,0.15167,0.78879,87,0.15208,0.77673,34,102,14,0.21954,0.54493,101,0.22068,0.53528,22,46,64,0.43051,0.27789,43,0.441,0.26786,41,51,65,0.48244,0.24797,48,0.49439,0.23893,3.298193909,2.615662036,3.44079736,2.241642875,1.794302,0.627055,0.664472,-1.545217,-1.540612,5.613233667,5.016992667,-0.596241,5.315113167,2.059627428,1.745835502,-1.929441299,0.260307214,1.515795876,-2.06424889,0.201848218,1.444326795,-0.862788,0.042558,1.048302
344,NbMnNSe2,BA,bridge,1.45,1.6,0.917407,13,6.75885,0.65,3.04,-0.07,5,14.53413,1.15,2.55,2.020604712,6,9.752392,1.4,1.55,-0.52,13,7.434038,0.05,-0.3,-0.25,0.00877193,1.44,1.49,0.95,1,0.05,4.5,1,0.365384615,0.392156863,0.685714286,0.726829268,0.532852564,0.539544677,1.425,1.575,1,2,0.975,0.5,5.8,7.096444,73.9222125,1.035714286,1.032258065,-1.764244231,1,0.909176144,7,94,8,0.1473,0.81216,93,0.14784,0.79901,34,102,14,0.21954,0.54493,101,0.22068,0.53528,25,58,52,0.3851,0.31065,55,0.39497,0.29907,41,51,65,0.48244,0.24797,48,0.49439,0.23893,3.214856791,2.595752019,3.031239425,2.219293853,1.540897,0.582448,0.394222,-1.064526,-1.453041,4.601266333,5.042227,0.440960667,4.821746667,1.963013104,1.754111876,-1.672507675,1.105983766,-2.207890585,-1.962665149,1.034129694,0.353451626,-0.616008,0.043853,1.194398
58,MnNbNSe2,AB,bridge,1.4,1.55,-0.52,13,7.434038,0.65,3.04,-0.07,5,14.53413,1.15,2.55,2.020604712,6,9.752392,1.45,1.6,0.917407,13,6.75885,-0.05,-0.25,-0.3,-0.00877193,1.49,1.44,1,0.95,-0.05,4.5,1,0.392156863,0.365384615,0.726829268,0.685714286,0.539544677,0.532852564,1.425,1.575,1,2,0.975,0.5,5.8,7.096444,73.9222125,0.965517241,0.96875,-0.566814947,1,1.099896876,7,94,8,0.1473,0.81216,93,0.14784,0.79901,34,102,14,0.21954,0.54493,101,0.22068,0.53528,41,51,65,0.48244,0.24797,48,0.49439,0.23893,25,58,52,0.3851,0.31065,55,0.39497,0.29907,3.215021583,2.461464345,3.0312035,2.148716389,1.536857,0.40646,0.593846,-1.464905,-1.072257,5.03449,4.593824667,-0.440665333,4.814157333,2.2782717,1.712492383,-1.672810319,-2.210051131,1.106501884,-1.788291926,0.499422863,1.194134676,-0.616007,0.043854,1.353365
268,NbTaCCl2,AA,m2,1.45,1.6,0.917407,13,6.75885,0.7,2.55,1.262113612,4,11.260288,1,3.16,3.61272528,7,12.967633,1.45,1.5,0.32312,11,7.549571,0,-0.45,-0.45,0,0.95,1.05,1.56,1.66,0.1,3.5,1,0.636734694,0.67755102,0.441860465,0.488372093,1.441031149,1.387366375,1.45,1.55,1,0,1.61,1.5,5.6,7.1542105,136.92713,1,1.066666667,2.839214533,1.181818182,0.89526279,6,88,12,0.15167,0.78879,87,0.15208,0.77673,17,107,6,0.16265,0.73553,107,0.1606,0.73553,73,52,69,0.54867,0.21804,49,0.56231,0.21007,41,51,65,0.48244,0.24797,48,0.49439,0.23893,3.368831681,2.646553564,3.411388727,2.213926893,1.850915,0.631521,0.641376,-1.627264,-1.496548,3.794741,4.182386667,0.387645667,3.988563833,4.351161381,3.191070268,-4.88342179,0.110717958,-0.203084934,-4.908531642,0.092019196,-0.230134818,-0.974166,0.044602,2.196596
509,HfTiNCl2,AA,m2,1.55,1.3,0.17807,10,6.82507,0.65,3.04,-0.07,5,14.53413,1,3.16,3.61272528,7,12.967633,1.4,1.54,0.075545,12,6.82812,0.15,-0.55,-0.4,0.025423729,1.74,1.5,1.86,1.62,-0.24,2,0,0.729411765,0.675,0.790909091,0.731707317,0.92224476,0.9225,1.475,1.42,2,0,1.74,3,5.4,6.826595,113.1785,1.107142857,0.844155844,2.35713813,0.833333333,0.999553318,7,94,8,0.1473,0.81216,93,0.14784,0.79901,17,107,6,0.16265,0.73553,107,0.1606,0.73553,22,46,64,0.43051,0.27789,43,0.441,0.26786,72,48,71,0.57475,0.20815,45,0.58884,0.2006,3.317145142,2.629710963,3.28643482,2.211138999,1.872477,0.674441,0.645694,-1.491154,-1.701457,4.30387,3.483603,-0.820267,3.8937365,4.346391523,3.181942027,-4.994946135,0.132556219,0.690621778,-5.039613423,0.095970907,0.685042711,-1.647057,0.044786,2.183712
119,V2NSe2,AA,bridge,1.35,1.63,0.527662,13,6.746187,0.65,3.04,-0.07,5,14.53413,1.15,2.55,2.020604712,6,9.752392,1.35,1.63,0.527662,13,6.746187,0,-0.2,-0.2,0,1.41,1.41,0.92,0.92,0,3,0,0.368,0.368,0.705,0.705,0.521985816,0.521985816,1.35,1.63,0,0,0.92,1,5.4,6.746187,50.9415,1,1,1,1,1,7,94,8,0.1473,0.81216,93,0.14784,0.79901,34,102,14,0.21954,0.54493,101,0.22068,0.53528,23,50,60,0.41533,0.28804,47,0.42558,0.27756,23,50,60,0.41533,0.28804,47,0.42558,0.27756,3.128628726,2.517210957,3.296861447,2.067000968,1.642602,0.51813,0.532025,-1.354127,-1.33863,4.661960333,4.661511667,-0.000448667,4.661736,2.761322328,1.731072704,-2.049374882,0.140823516,0.140823516,-2.163770236,0.155504917,0.155504917,-0.84989,0.044917,1.300187
198,TiTaNSe2,AB,bridge,1.4,1.54,0.075545,12,6.82812,0.65,3.04,-0.07,5,14.53413,1.15,2.55,2.020604712,6,9.752392,1.45,1.5,0.32312,11,7.549571,-0.05,-0.25,-0.3,-0.00877193,1.5,1.54,1.01,1.05,0.04,2.5,1,0.396078431,0.403846154,0.731707317,0.733333333,0.54130719,0.550699301,1.425,1.52,2,1,1.03,1.5,5.2,7.1888455,114.40744,0.965517241,1.026666667,0.233798589,1.090909091,0.904438146,7,94,8,0.1473,0.81216,93,0.14784,0.79901,34,102,14,0.21954,0.54493,101,0.22068,0.53528,73,52,69,0.54867,0.21804,49,0.56231,0.21007,22,46,64,0.43051,0.27789,43,0.441,0.26786,3.251577309,2.541586266,3.038726141,2.165832468,1.73584,0.678091,0.632254,-1.467014,-1.579171,4.620446,5.03039,0.409944,4.825418,1.906549855,1.741387766,-2.382227553,0.856811868,0.521597376,-2.823114361,0.487056547,0.189392502,-1.142492,0.045263,1.372234
86,TiWCSe2,AB,bridge,1.4,1.54,0.075545,12,6.82812,0.7,2.55,1.262113612,4,11.260288,1.15,2.55,2.020604712,6,9.752392,1.35,2.36,0.816268,14,7.86403,0.05,-0.25,-0.2,0.009090909,1.01,0.19,1.01,0.19,-0.82,3,2,0.396078431,0.076,0.480952381,0.092682927,0.823529412,0.82,1.375,1.95,2,2,0.6,1,5.2,7.346075,115.8535,1.037037037,0.652542373,0.092549261,0.857142857,0.868272374,6,88,12,0.15167,0.78879,87,0.15208,0.77673,34,102,14,0.21954,0.54493,101,0.22068,0.53528,74,56,66,0.52343,0.22855,53,0.5367,0.22009,22,46,64,0.43051,0.27789,43,0.441,0.26786,3.208267995,2.535347286,2.966719876,2.198490929,1.650695,0.646146,0.491028,-1.238742,-1.549127,4.114585,5.255989333,1.141404333,4.685287167,1.944545895,1.724400916,-2.602972856,0.839391935,-0.618781296,-2.983638537,0.485611138,-0.945374149,-0.680827,0.047157,1.134877
21,Cr2NSe2,AA,bridge,1.4,1.66,0.6758412,12,6.76651,0.65,3.04,-0.07,5,14.53413,1.15,2.55,2.020604712,6,9.752392,1.4,1.66,0.6758412,12,6.76651,0,-0.25,-0.25,0,1.38,1.38,0.89,0.89,0,5,0,0.349019608,0.349019608,0.673170732,0.673170732,0.518471157,0.518471157,1.4,1.66,0,0,0.89,1,5.8,6.76651,51.9961,1,1,1,1,1,7,94,8,0.1473,0.81216,93,0.14784,0.79901,34,102,14,0.21954,0.54493,101,0.22068,0.53528,24,54,56,0.40019,0.29894,51,0.41024,0.28794,24,54,56,0.40019,0.29894,51,0.41024,0.28794,3.135720574,2.502101057,3.177380561,2.014756621,1.399635,0.402385,0.412643,-1.11235,-1.102314,4.729559667,4.729644667,8.50E-05,4.729602167,2.15061085,1.680702644,-2.374785265,-0.474092143,-0.474092143,-2.461630509,0.351348917,0.351348917,-0.368581,0.047722,-0.295317
545,HfNbCBr2,AA,m2,1.55,1.3,0.17807,10,6.82507,0.7,2.55,1.262113612,4,11.260288,1.15,2.96,3.3635883,7,11.81381,1.45,1.6,0.917407,13,6.75885,0.1,-0.4,-0.3,0.016666667,1.25,0.95,1.66,1.36,-0.3,3,2,0.614814815,0.523076923,0.555555556,0.441860465,1.106666667,1.183805668,1.5,1.45,1,1,1.51,2,5.4,6.79196,135.69819,1.068965517,0.8125,0.194101418,0.769230769,1.009797525,6,88,12,0.15167,0.78879,87,0.15208,0.77673,35,108,10,0.19779,0.60484,108,0.1953,0.60484,41,51,65,0.48244,0.24797,48,0.49439,0.23893,72,48,71,0.57475,0.20815,45,0.58884,0.2006,3.440638579,2.786828407,3.589235518,2.275558234,1.961183,0.625219,0.565457,-1.424393,-1.727466,3.982159667,3.831718333,-0.150441333,3.906939,4.449347594,3.191891598,-4.119972529,0.763948232,0.396222011,-4.162733056,0.738617644,0.387793529,-1.050497,0.047799,2.191566
49,Ti2NS2,AA,m1,1.4,1.54,0.075545,12,6.82812,0.65,3.04,-0.07,5,14.53413,1,2.58,2.077104512,6,10.36001,1.4,1.54,0.075545,12,6.82812,0,-0.4,-0.4,0,1.5,1.5,1.04,1.04,0,2,0,0.433333333,0.433333333,0.731707317,0.731707317,0.592222222,0.592222222,1.4,1.54,0,0,1.04,2,5,6.82812,47.867,1,1,1,1,1,7,94,8,0.1473,0.81216,93,0.14784,0.79901,16,101,9,0.1781,0.67171,100,0.17899,0.65995,22,46,64,0.43051,0.27789,43,0.441,0.26786,22,46,64,0.43051,0.27789,43,0.441,0.26786,3.178057141,2.39632329,3.276613066,2.177946461,1.721587,0.803533,0.797719,-1.658592,-1.664247,5.787246667,5.787225,-2.17E-05,5.787235833,3.398912093,1.349012931,-2.287206167,0.866007747,0.866007747,-2.871537003,0.789397828,0.789397828,-1.418017,0.053086,0.580176
98,NbHfNSe2,BA,bridge,1.45,1.6,0.917407,13,6.75885,0.65,3.04,-0.07,5,14.53413,1.15,2.55,2.020604712,6,9.752392,1.55,1.3,0.17807,10,6.82507,-0.1,-0.3,-0.4,-0.016666667,1.44,1.74,0.95,1.25,0.3,3,2,0.365384615,0.462962963,0.685714286,0.790909091,0.532852564,0.58535547,1.5,1.45,1,1,1.1,1,5.2,6.79196,135.69819,0.935483871,1.230769231,5.151945864,1.3,0.990297535,7,94,8,0.1473,0.81216,93,0.14784,0.79901,34,102,14,0.21954,0.54493,101,0.22068,0.53528,72,48,71,0.57475,0.20815,45,0.58884,0.2006,41,51,65,0.48244,0.24797,48,0.49439,0.23893,3.354593292,2.607043872,3.029855919,2.324119738,1.751082,0.818038,0.614474,-1.837802,-1.345792,5.104315333,4.807966667,-0.296348667,4.956141,2.913589016,1.816790542,-2.385542435,0.461804925,0.891392707,-2.381456586,0.542066394,0.911522515,-1.22526,0.053585,1.87907
560,MnTiNSe2,AA,bridge,1.4,1.55,-0.52,13,7.434038,0.65,3.04,-0.07,5,14.53413,1.15,2.55,2.020604712,6,9.752392,1.4,1.54,0.075545,12,6.82812,0,-0.25,-0.25,0,1.49,1.5,1,1.01,0.01,3.5,3,0.392156863,0.396078431,0.726829268,0.731707317,0.539544677,0.54130719,1.4,1.545,0,3,1.005,0.5,5.6,7.131079,51.4025225,1,1.006493506,-6.883314581,1.083333333,1.088738628,7,94,8,0.1473,0.81216,93,0.14784,0.79901,34,102,14,0.21954,0.54493,101,0.22068,0.53528,22,46,64,0.43051,0.27789,43,0.441,0.26786,25,58,52,0.3851,0.31065,55,0.39497,0.29907,3.195629526,2.419611172,3.209095945,2.127961119,1.559009,0.375993,0.632596,-1.607789,-0.95981,5.080102333,4.485779667,-0.594322667,4.782941,2.757431252,1.779850155,-2.501173908,-1.821604742,0.82031798,-2.639035804,0.067215864,0.74595962,-0.826954,0.053831,1.339286
122,TiMnNSe2,AA,bridge,1.4,1.54,0.075545,12,6.82812,0.65,3.04,-0.07,5,14.53413,1.15,2.55,2.020604712,6,9.752392,1.4,1.55,-0.52,13,7.434038,0,-0.25,-0.25,0,1.5,1.49,1.01,1,-0.01,3.5,3,0.396078431,0.392156863,0.731707317,0.726829268,0.54130719,0.539544677,1.4,1.545,0,3,1.005,0.5,5.6,7.131079,51.4025225,1,0.993548387,-0.145278846,0.923076923,0.918494094,7,94,8,0.1473,0.81216,93,0.14784,0.79901,34,102,14,0.21954,0.54493,101,0.22068,0.53528,25,58,52,0.3851,0.31065,55,0.39497,0.29907,22,46,64,0.43051,0.27789,43,0.441,0.26786,3.195578731,2.572810432,3.20914129,2.102651513,1.547942,0.623668,0.386579,-0.964282,-1.593908,4.496141667,5.090142333,0.594000667,4.793142,2.053861043,1.705109216,-2.502537291,0.8217251,-1.820892238,-2.655617388,0.633557577,-0.104476051,-0.82695,0.053834,0.997164
586,Nb2NSe2,AA,m1,1.45,1.6,0.917407,13,6.75885,0.65,3.04,-0.07,5,14.53413,1.15,2.55,2.020604712,6,9.752392,1.45,1.6,0.917407,13,6.75885,0,-0.3,-0.3,0,1.44,1.44,0.95,0.95,0,4,0,0.365384615,0.365384615,0.685714286,0.685714286,0.532852564,0.532852564,1.45,1.6,0,0,0.95,0,5.4,6.75885,92.90638,1,1,1,1,1,7,94,8,0.1473,0.81216,93,0.14784,0.79901,34,102,14,0.21954,0.54493,101,0.22068,0.53528,41,51,65,0.48244,0.24797,48,0.49439,0.23893,41,51,65,0.48244,0.24797,48,0.49439,0.23893,3.344058514,2.632719939,3.48010088,2.224873572,1.700239,0.655737,0.66793,-1.518155,-1.505751,4.768817333,4.768718333,-9.90E-05,4.768767833,3.658452613,1.480628928,-1.667078432,0.634731025,0.634731025,-2.199469211,0.614924502,0.614924502,-0.936663,0.055153,1.325311
285,MoVNO2,BB,x,1.45,2.16,0.74733,14,7.09243,0.65,3.04,-0.07,5,14.53413,0.6,3.44,1.4611053,6,13.618055,1.35,1.63,0.527662,13,6.746187,0.1,-0.85,-0.75,0.017857143,0.88,1.41,1.28,1.81,0.53,4,2,0.624390244,0.928205128,0.419047619,0.705,1.490022173,1.316603019,1.4,1.895,1,1,1.545,0,5.6,6.9193085,73.44075,1.074074074,1.325153374,1.416304377,1.076923077,1.051324252,7,94,8,0.1473,0.81216,93,0.14784,0.79901,8,100,5,0.14058,0.85098,99,0.14125,0.83626,23,50,60,0.41533,0.28804,47,0.42558,0.27756,42,55,61,0.46178,0.25907,52,0.47342,0.24951,2.817931355,2.03512698,2.460591841,2.116761021,1.432459,0.950165,0.88454,-1.605017,-1.662146,7.039115333,6.156446667,-0.882668667,6.597781,2.847649861,0.976329681,-2.712061524,-0.677425878,0.610101327,-3.132794281,-1.050793265,0.612293979,-1.490867,0.056071,1.062344
433,HfZrNCl2,AA,m2,1.55,1.3,0.17807,10,6.82507,0.65,3.04,-0.07,5,14.53413,1,3.16,3.61272528,7,12.967633,1.55,1.33,0.433289,12,6.634126,0,-0.55,-0.55,0,1.74,1.71,1.86,1.83,-0.03,2,0,0.729411765,0.717647059,0.790909091,0.777272727,0.92224476,0.923288614,1.55,1.315,1,0,1.845,3,5.4,6.729598,134.857,1,0.977443609,0.410972815,0.833333333,1.028782088,7,94,8,0.1473,0.81216,93,0.14784,0.79901,17,107,6,0.16265,0.73553,107,0.1606,0.73553,40,47,68,0.50364,0.23753,44,0.51595,0.22894,72,48,71,0.57475,0.20815,45,0.58884,0.2006,3.403273114,2.647683546,3.432551739,2.223077308,1.918234,0.686511,0.694692,-1.592664,-1.706773,3.858222,3.442034,-0.416188,3.650128,4.364392203,3.250934293,-5.170497949,0.34324259,0.929737961,-5.203161778,0.318534865,0.908353884,-1.687764,0.056207,2.182875
97,TiWCS2,AB,m1,1.4,1.54,0.075545,12,6.82812,0.7,2.55,1.262113612,4,11.260288,1,2.58,2.077104512,6,10.36001,1.35,2.36,0.816268,14,7.86403,0.05,-0.4,-0.35,0.009090909,1.01,0.19,1.04,0.22,-0.82,3,2,0.433333333,0.093617021,0.480952381,0.092682927,0.900990099,1.010078387,1.375,1.95,2,2,0.63,1,5.2,7.346075,115.8535,1.037037037,0.652542373,0.092549261,0.857142857,0.868272374,6,88,12,0.15167,0.78879,87,0.15208,0.77673,16,101,9,0.1781,0.67171,100,0.17899,0.65995,74,56,66,0.52343,0.22855,53,0.5367,0.22009,22,46,64,0.43051,0.27789,43,0.441,0.26786,3.14573559,2.394998354,2.84582752,2.188023998,1.632745,0.770466,0.629873,-1.383184,-1.649899,4.716474,5.636946333,0.920472333,5.176710167,3.410252532,1.35566237,-2.611758704,0.737029453,-0.602836153,-3.47893102,0.419000935,-1.023986423,-0.832188,0.056932,0.965772
343,YScCF2,AA,x,1.8,1.22,0.30712,11,6.21726,0.7,2.55,1.262113612,4,11.260288,0.5,3.98,3.401189824,7,17.42282,1.6,1.36,0.1882,11,6.56149,0.2,-1.3,-1.1,0.029411765,1.33,1.19,2.76,2.62,-0.14,1,0,1.2,1.247619048,0.532,0.517391304,2.255639098,2.411364546,1.7,1.29,1,0,2.69,4,4.8,6.389375,66.930881,1.125,0.897058824,1.631880978,1,0.947537831,6,88,12,0.15167,0.78879,87,0.15208,0.77673,9,106,3,0.13207,0.90585,106,0.1304,0.90585,21,14,105,0.6303,0.1898,11,0.64709,0.18255,39,15,108,0.74258,0.1611,12,0.76224,0.15497,3.387980579,2.326092054,3.065343815,2.403157591,2.074804,0.812708,0.808905,-1.819968,-1.876449,4.586031,4.425896667,-0.160134333,4.505963833,3.915586987,2.914559306,-5.352846253,2.080626775,2.579511653,-5.366479308,2.043714619,2.556918594,-2.360926,0.059547,2.183843
475,WCrNO2,BA,x,1.35,2.36,0.816268,14,7.86403,0.65,3.04,-0.07,5,14.53413,0.6,3.44,1.4611053,6,13.618055,1.4,1.66,0.6758412,12,6.76651,-0.05,-0.75,-0.8,-0.009090909,0.68,1.38,1.08,1.78,0.7,4.5,1,0.553846154,0.89,0.34,0.673170732,1.628959276,1.322101449,1.375,2.01,2,0,1.43,0.5,5.8,7.31527,117.91805,0.964285714,1.421686747,1.207780763,1.166666667,1.162198829,7,94,8,0.1473,0.81216,93,0.14784,0.79901,8,100,5,0.14058,0.85098,99,0.14125,0.83626,24,54,56,0.40019,0.29894,51,0.41024,0.28794,74,56,66,0.52343,0.22855,53,0.5367,0.22009,2.89787656,2.069367345,2.525499588,2.12350658,1.512121,1.005518,0.989546,-1.610678,-1.896507,5.988316,5.937112667,-0.051203333,5.962714333,2.964588508,0.992313122,-3.432268667,-0.263348175,-1.554689784,-3.881492023,-0.590889204,0.742433541,-1.320815,0.061269,1.745221
386,TiTaCCl2,AA,bridge,1.4,1.54,0.075545,12,6.82812,0.7,2.55,1.262113612,4,11.260288,1,3.16,3.61272528,7,12.967633,1.45,1.5,0.32312,11,7.549571,-0.05,-0.4,-0.45,-0.00877193,1.01,1.05,1.62,1.66,0.04,2.5,1,0.675,0.67755102,0.480952381,0.488372093,1.403465347,1.387366375,1.425,1.52,2,1,1.64,2.5,5.4,7.1888455,114.40744,0.965517241,1.026666667,0.233798589,1.090909091,0.904438146,6,88,12,0.15167,0.78879,87,0.15208,0.77673,17,107,6,0.16265,0.73553,107,0.1606,0.73553,73,52,69,0.54867,0.21804,49,0.56231,0.21007,22,46,64,0.43051,0.27789,43,0.441,0.26786,3.288743833,2.527989026,3.320460263,2.172179923,1.922256,0.635199,0.627578,-1.6107,-1.574334,3.786394667,4.648615,0.862220333,4.217504833,2.443248724,1.561558638,-4.610552497,0.906720674,-0.046427614,-4.966227043,0.772673723,-0.189082867,-1.185586,0.062074,2.293572
271,Hf2NCl2,AA,m2,1.55,1.3,0.17807,10,6.82507,0.65,3.04,-0.07,5,14.53413,1,3.16,3.61272528,7,12.967633,1.55,1.3,0.17807,10,6.82507,0,-0.55,-0.55,0,1.74,1.74,1.86,1.86,0,2,0,0.729411765,0.729411765,0.790909091,0.790909091,0.92224476,0.92224476,1.55,1.3,0,0,1.86,3,5.4,6.82507,178.49,1,1,1,1,1,7,94,8,0.1473,0.81216,93,0.14784,0.79901,17,107,6,0.16265,0.73553,107,0.1606,0.73553,72,48,71,0.57475,0.20815,45,0.58884,0.2006,72,48,71,0.57475,0.20815,45,0.58884,0.2006,3.383928299,2.636819143,3.479881218,2.246469627,1.919685,0.688433,0.696748,-1.656303,-1.648563,3.393903667,3.39357,-0.000333667,3.393736833,4.296843804,3.192883108,-5.277813944,0.797296783,0.797296783,-5.307782317,0.745898377,0.745898377,-1.618481,0.062245,2.178343
463,VTaCS2,BA,x,1.35,1.63,0.527662,13,6.746187,0.7,2.55,1.262113612,4,11.260288,1,2.58,2.077104512,6,10.36001,1.45,1.5,0.32312,11,7.549571,-0.1,-0.35,-0.45,-0.017857143,0.92,1.05,0.95,1.08,0.13,3,0,0.404255319,0.440816327,0.448780488,0.488372093,0.900786309,0.902623907,1.4,1.565,2,0,1.015,1,5.2,7.147879,115.94469,0.931034483,1.086666667,1.633021788,1.181818182,0.893585477,6,88,12,0.15167,0.78879,87,0.15208,0.77673,16,101,9,0.1781,0.67171,100,0.17899,0.65995,73,52,69,0.54867,0.21804,49,0.56231,0.21007,23,50,60,0.41533,0.28804,47,0.42558,0.27756,3.184235907,2.386698193,2.615694051,2.139135198,1.740183,0.630059,0.803048,-1.800021,-1.373269,5.010245667,5.461233,0.450987333,5.235739333,3.36121552,1.367880547,-2.294047906,0.314245505,0.267960034,-2.955290693,-0.06813353,-0.062365264,-0.835641,0.062976,0.869144
248,TaVCS2,AB,m1,1.45,1.5,0.32312,11,7.549571,0.7,2.55,1.262113612,4,11.260288,1,2.58,2.077104512,6,10.36001,1.35,1.63,0.527662,13,6.746187,0.1,-0.45,-0.35,0.017857143,1.05,0.92,1.08,0.95,-0.13,3,0,0.440816327,0.404255319,0.488372093,0.448780488,0.902623907,0.900786309,1.4,1.565,2,0,1.015,1,5.2,7.147879,115.94469,1.074074074,0.920245399,0.612361701,0.846153846,1.119087123,6,88,12,0.15167,0.78879,87,0.15208,0.77673,16,101,9,0.1781,0.67171,100,0.17899,0.65995,23,50,60,0.41533,0.28804,47,0.42558,0.27756,73,52,69,0.54867,0.21804,49,0.56231,0.21007,3.182796869,2.477546287,2.615494566,2.190912678,1.753016,0.791504,0.618916,-1.369587,-1.793848,5.447979333,4.995754333,-0.452225,5.221866833,3.525326425,1.375980223,-2.295312205,0.262476451,0.311851985,-2.917676974,-0.206287059,0.090458617,-0.834253,0.064364,1.617553
103,HfTaNS2,AB,m1,1.55,1.3,0.17807,10,6.82507,0.65,3.04,-0.07,5,14.53413,1,2.58,2.077104512,6,10.36001,1.45,1.5,0.32312,11,7.549571,0.1,-0.55,-0.45,0.016666667,1.74,1.54,1.28,1.08,-0.2,2.5,1,0.501960784,0.440816327,0.790909091,0.733333333,0.634663061,0.601113173,1.5,1.4,0,1,1.18,1.5,5.2,7.1873205,179.71894,1.068965517,0.866666667,0.551095568,0.909090909,0.90403415,7,94,8,0.1473,0.81216,93,0.14784,0.79901,16,101,9,0.1781,0.67171,100,0.17899,0.65995,73,52,69,0.54867,0.21804,49,0.56231,0.21007,72,48,71,0.57475,0.20815,45,0.58884,0.2006,3.293240575,2.493010339,2.887923015,2.251042026,1.773556,0.94088,0.797335,-1.573364,-1.938409,5.026904667,5.161429667,0.134525,5.094167167,3.557983203,1.384488005,-2.655938208,1.243484227,0.683825817,-3.302889407,0.877347092,0.49639515,-1.360184,0.064874,1.694895
114,TiVNSe2,AB,bridge,1.4,1.54,0.075545,12,6.82812,0.65,3.04,-0.07,5,14.53413,1.15,2.55,2.020604712,6,9.752392,1.35,1.63,0.527662,13,6.746187,0.05,-0.25,-0.2,0.009090909,1.5,1.41,1.01,0.92,-0.09,2.5,1,0.396078431,0.368,0.731707317,0.705,0.54130719,0.521985816,1.375,1.585,0,1,0.965,1.5,5.2,6.7871535,49.40425,1.037037037,0.944785276,0.143169302,0.923076923,1.012145083,7,94,8,0.1473,0.81216,93,0.14784,0.79901,34,102,14,0.21954,0.54493,101,0.22068,0.53528,23,50,60,0.41533,0.28804,47,0.42558,0.27756,22,46,64,0.43051,0.27789,43,0.441,0.26786,3.153340107,2.532828919,2.832245445,2.117725511,1.683897,0.648404,0.503461,-1.267188,-1.568574,4.661905,4.923199333,0.261294333,4.792552167,1.976475804,1.70052598,-2.59189374,0.184367338,0.035022058,-2.954535592,-0.165272327,-0.203973533,-1.082267,0.066033,1.449133
352,VTiNSe2,BA,bridge,1.35,1.63,0.527662,13,6.746187,0.65,3.04,-0.07,5,14.53413,1.15,2.55,2.020604712,6,9.752392,1.4,1.54,0.075545,12,6.82812,-0.05,-0.2,-0.25,-0.009090909,1.41,1.5,0.92,1.01,0.09,2.5,1,0.368,0.396078431,0.705,0.731707317,0.521985816,0.54130719,1.375,1.585,0,1,0.965,1.5,5.2,6.7871535,49.40425,0.964285714,1.058441558,6.984737574,1.083333333,0.98800065,7,94,8,0.1473,0.81216,93,0.14784,0.79901,34,102,14,0.21954,0.54493,101,0.22068,0.53528,22,46,64,0.43051,0.27789,43,0.441,0.26786,23,50,60,0.41533,0.28804,47,0.42558,0.27756,3.153420204,2.486807837,2.832090737,2.147090845,1.685371,0.510546,0.643853,-1.565988,-1.273782,4.918916667,4.657180333,-0.261736333,4.7880485,2.85827214,1.776940524,-2.591827465,0.035090521,0.184234019,-2.692776531,0.129158111,0.278225673,-1.082267,0.066033,1.613745
68,MnMoNO2,AB,m1,1.4,1.55,-0.52,13,7.434038,0.65,3.04,-0.07,5,14.53413,0.6,3.44,1.4611053,6,13.618055,1.45,2.16,0.74733,14,7.09243,-0.05,-0.8,-0.85,-0.00877193,1.49,0.88,1.89,1.28,-0.61,5,0,0.945,0.624390244,0.726829268,0.419047619,1.300167785,1.490022173,1.425,1.855,1,1,1.585,1,6,7.263234,75.4390225,0.965517241,0.717592593,-0.695810418,0.928571429,1.048165156,7,94,8,0.1473,0.81216,93,0.14784,0.79901,8,100,5,0.14058,0.85098,99,0.14125,0.83626,42,55,61,0.46178,0.25907,52,0.47342,0.24951,25,58,52,0.3851,0.31065,55,0.39497,0.29907,2.920036096,1.896405086,2.490165824,2.233207851,1.360932,0.90923,0.946055,-1.740018,-1.476199,6.293239667,5.926297,-0.366942667,6.109768333,2.590903781,0.976300897,-2.981767458,-1.760799731,-0.495779696,-3.570175303,-0.113823358,-0.54854298,-1.146832,0.068561,0.070522
46,V2NF2,AA,x,1.35,1.63,0.527662,13,6.746187,0.65,3.04,-0.07,5,14.53413,0.5,3.98,3.401189824,7,17.42282,1.35,1.63,0.527662,13,6.746187,0,-0.85,-0.85,0,1.41,1.41,2.35,2.35,0,3,0,1.27027027,1.27027027,0.705,0.705,1.801801802,1.801801802,1.35,1.63,0,0,2.35,2,5.8,6.746187,50.9415,1,1,1,1,1,7,94,8,0.1473,0.81216,93,0.14784,0.79901,9,106,3,0.13207,0.90585,106,0.1304,0.90585,23,50,60,0.41533,0.28804,47,0.42558,0.27756,23,50,60,0.41533,0.28804,47,0.42558,0.27756,3.038265034,2.148528217,2.803733601,1.993296436,1.61851,0.7302,0.730154,-1.538751,-1.54011,4.966259333,4.966382333,0.000123,4.966320833,3.89798865,2.864559834,-5.635039453,-0.143957992,-0.143957992,-5.680687848,0.274595323,0.274595323,-1.878577,0.069012,2.184749
15,TiTaCBr2,AA,bridge,1.4,1.54,0.075545,12,6.82812,0.7,2.55,1.262113612,4,11.260288,1.15,2.96,3.3635883,7,11.81381,1.45,1.5,0.32312,11,7.549571,-0.05,-0.25,-0.3,-0.00877193,1.01,1.05,1.42,1.46,0.04,2.5,1,0.556862745,0.561538462,0.480952381,0.488372093,1.15783343,1.14981685,1.425,1.52,2,1,1.44,2.5,5.4,7.1888455,114.40744,0.965517241,1.026666667,0.233798589,1.090909091,0.904438146,6,88,12,0.15167,0.78879,87,0.15208,0.77673,35,108,10,0.19779,0.60484,108,0.1953,0.60484,73,52,69,0.54867,0.21804,49,0.56231,0.21007,22,46,64,0.43051,0.27789,43,0.441,0.26786,3.369588089,2.666531613,3.464898037,2.207644807,1.910742,0.576924,0.571977,-1.546743,-1.512899,3.609992667,4.407037,0.797044333,4.008514833,2.527168942,1.692354836,-4.056021999,0.960303987,0.011883571,-4.245402285,0.969253627,-0.09305164,-0.967202,0.069067,2.092664
22,TaTiCBr2,AA,bridge,1.45,1.5,0.32312,11,7.549571,0.7,2.55,1.262113612,4,11.260288,1.15,2.96,3.3635883,7,11.81381,1.4,1.54,0.075545,12,6.82812,0.05,-0.3,-0.25,0.00877193,1.05,1.01,1.46,1.42,-0.04,2.5,1,0.561538462,0.556862745,0.488372093,0.480952381,1.14981685,1.15783343,1.425,1.52,2,1,1.44,2.5,5.4,7.1888455,114.40744,1.035714286,0.974025974,4.277185783,0.916666667,1.105658805,6,88,12,0.15167,0.78879,87,0.15208,0.77673,35,108,10,0.19779,0.60484,108,0.1953,0.60484,22,46,64,0.43051,0.27789,43,0.441,0.26786,73,52,69,0.54867,0.21804,49,0.56231,0.21007,3.369591797,2.761849399,3.464899229,2.199480198,1.917372,0.571254,0.573489,-1.510677,-1.551438,4.393320333,3.595742667,-0.797577667,3.9945315,3.675834671,2.267944052,-4.056673551,0.012229459,0.959516432,-3.993138725,0.05073402,0.953693181,-0.967202,0.069067,2.232751
578,HfNbCCl2,AA,m2,1.55,1.3,0.17807,10,6.82507,0.7,2.55,1.262113612,4,11.260288,1,3.16,3.61272528,7,12.967633,1.45,1.6,0.917407,13,6.75885,0.1,-0.55,-0.45,0.016666667,1.25,0.95,1.86,1.56,-0.3,3,2,0.729411765,0.636734694,0.555555556,0.441860465,1.312941176,1.441031149,1.5,1.45,1,1,1.71,2,5.4,6.79196,135.69819,1.068965517,0.8125,0.194101418,0.769230769,1.009797525,6,88,12,0.15167,0.78879,87,0.15208,0.77673,17,107,6,0.16265,0.73553,107,0.1606,0.73553,41,51,65,0.48244,0.24797,48,0.49439,0.23893,72,48,71,0.57475,0.20815,45,0.58884,0.2006,3.370859619,2.647871852,3.456955282,2.251362279,1.974991,0.678018,0.642124,-1.519433,-1.775699,4.238402,3.951038667,-0.287363333,4.094720333,4.350157431,3.209387011,-4.702371382,0.813876132,0.428516622,-4.74326613,0.763764326,0.41706457,-1.25645,0.06937,2.186063
184,ZrTaNS2,AB,m1,1.55,1.33,0.433289,12,6.634126,0.65,3.04,-0.07,5,14.53413,1,2.58,2.077104512,6,10.36001,1.45,1.5,0.32312,11,7.549571,0.1,-0.55,-0.45,0.016666667,1.71,1.54,1.25,1.08,-0.17,2.5,1,0.490196078,0.440816327,0.777272727,0.733333333,0.630661621,0.601113173,1.5,1.415,1,1,1.165,1.5,5.2,7.0918485,136.08594,1.068965517,0.886666667,1.340953825,1.090909091,0.878742117,7,94,8,0.1473,0.81216,93,0.14784,0.79901,16,101,9,0.1781,0.67171,100,0.17899,0.65995,73,52,69,0.54867,0.21804,49,0.56231,0.21007,40,47,68,0.50364,0.23753,44,0.51595,0.22894,3.309117659,2.515724184,2.853129477,2.282769102,1.771358,0.938137,0.793833,-1.599457,-1.903872,5.116792333,5.352877333,0.236085,5.234834833,3.573409951,1.368163617,-2.65047734,0.917161888,0.629141327,-3.254943019,0.650397655,0.455330608,-1.338692,0.069452,1.405246
464,TaZrNS2,BA,x,1.45,1.5,0.32312,11,7.549571,0.65,3.04,-0.07,5,14.53413,1,2.58,2.077104512,6,10.36001,1.55,1.33,0.433289,12,6.634126,-0.1,-0.45,-0.55,-0.016666667,1.54,1.71,1.08,1.25,0.17,2.5,1,0.440816327,0.490196078,0.733333333,0.777272727,0.601113173,0.630661621,1.5,1.415,1,1,1.165,1.5,5.2,7.0918485,136.08594,0.935483871,1.127819549,0.745737833,0.916666667,1.137990294,7,94,8,0.1473,0.81216,93,0.14784,0.79901,16,101,9,0.1781,0.67171,100,0.17899,0.65995,40,47,68,0.50364,0.23753,44,0.51595,0.22894,73,52,69,0.54867,0.21804,49,0.56231,0.21007,3.309116986,2.488523868,2.853150619,2.28781279,1.777648,0.809969,0.932506,-1.89993,-1.620194,5.348866333,5.11253,-0.236336333,5.230698167,3.512519279,1.377745344,-2.654208938,0.628786655,0.918469171,-3.365389535,0.181084406,0.552006859,-1.33869,0.069454,1.647111
118,TaTiCS2,AA,m1,1.45,1.5,0.32312,11,7.549571,0.7,2.55,1.262113612,4,11.260288,1,2.58,2.077104512,6,10.36001,1.4,1.54,0.075545,12,6.82812,0.05,-0.45,-0.4,0.00877193,1.05,1.01,1.08,1.04,-0.04,2.5,1,0.440816327,0.433333333,0.488372093,0.480952381,0.902623907,0.900990099,1.425,1.52,2,1,1.06,1.5,5,7.1888455,114.40744,1.035714286,0.974025974,4.277185783,0.916666667,1.105658805,6,88,12,0.15167,0.78879,87,0.15208,0.77673,16,101,9,0.1781,0.67171,100,0.17899,0.65995,22,46,64,0.43051,0.27789,43,0.441,0.26786,73,52,69,0.54867,0.21804,49,0.56231,0.21007,3.245567934,2.484203452,3.317122362,2.221464665,1.831055,0.823659,0.789974,-1.636257,-1.808431,6.051398,5.339196,-0.712202,5.695297,3.502713977,1.361298504,-1.96837425,0.702805234,1.608102755,-2.419619738,0.393012213,1.564684418,-1.004597,0.070731,1.123362
155,Cr2NF2,AA,m2,1.4,1.66,0.6758412,12,6.76651,0.65,3.04,-0.07,5,14.53413,0.5,3.98,3.401189824,7,17.42282,1.4,1.66,0.6758412,12,6.76651,0,-0.9,-0.9,0,1.38,1.38,2.32,2.32,0,5,0,1.221052632,1.221052632,0.673170732,0.673170732,1.813882532,1.813882532,1.4,1.66,0,0,2.32,0,6.2,6.76651,51.9961,1,1,1,1,1,7,94,8,0.1473,0.81216,93,0.14784,0.79901,9,106,3,0.13207,0.90585,106,0.1304,0.90585,24,54,56,0.40019,0.29894,51,0.41024,0.28794,24,54,56,0.40019,0.29894,51,0.41024,0.28794,3.017119819,2.102235851,2.892137015,2.077520039,1.517979,0.727563,0.729639,-1.488982,-1.486197,5.363171667,5.365335667,0.002164,5.364253667,1.583522571,2.006170939,-5.441872927,-1.123588129,-1.123588129,-5.429197465,0.815784484,0.815784484,-1.413796,0.071858,2.091394
59,VTiNCl2,AA,bridge,1.35,1.63,0.527662,13,6.746187,0.65,3.04,-0.07,5,14.53413,1,3.16,3.61272528,7,12.967633,1.4,1.54,0.075545,12,6.82812,-0.05,-0.35,-0.4,-0.009090909,1.41,1.5,1.53,1.62,0.09,2.5,1,0.65106383,0.675,0.705,0.731707317,0.923494794,0.9225,1.375,1.585,0,1,1.575,2.5,5.6,6.7871535,49.40425,0.964285714,1.058441558,6.984737574,1.083333333,0.98800065,7,94,8,0.1473,0.81216,93,0.14784,0.79901,17,107,6,0.16265,0.73553,107,0.1606,0.73553,22,46,64,0.43051,0.27789,43,0.441,0.26786,23,50,60,0.41533,0.28804,47,0.42558,0.27756,3.223155444,2.498913039,3.157535431,2.059787665,1.687512,0.591083,0.634916,-1.553512,-1.359998,4.409329,4.563601,0.154272,4.486465,2.504039748,1.5528273,-4.015691087,0.056913694,0.876483844,-4.259658251,0.417229079,0.918493896,-1.388553,0.071878,2.01855
239,NbVCBr2,AA,m2,1.45,1.6,0.917407,13,6.75885,0.7,2.55,1.262113612,4,11.260288,1.15,2.96,3.3635883,7,11.81381,1.35,1.63,0.527662,13,6.746187,0.1,-0.3,-0.2,0.017857143,0.95,0.92,1.36,1.33,-0.03,3.5,1,0.523076923,0.532,0.441860465,0.448780488,1.183805668,1.185434783,1.4,1.615,1,0,1.345,1.5,5.6,6.7525185,71.92394,1.074074074,0.981595092,1.738626242,1,1.00187706,6,88,12,0.15167,0.78879,87,0.15208,0.77673,35,108,10,0.19779,0.60484,108,0.1953,0.60484,23,50,60,0.41533,0.28804,47,0.42558,0.27756,41,51,65,0.48244,0.24797,48,0.49439,0.23893,3.367148738,2.764108017,3.306190435,2.199814664,1.718287,0.553583,0.502504,-1.296296,-1.478079,4.461975333,3.902523,-0.559452333,4.182249167,4.451810218,3.154107171,-3.412292882,0.55703398,0.20604712,-3.502641298,0.551298953,0.205717213,-0.760798,0.072799,2.190492
193,WNbCSe2,AA,bridge,1.35,2.36,0.816268,14,7.86403,0.7,2.55,1.262113612,4,11.260288,1.15,2.55,2.020604712,6,9.752392,1.45,1.6,0.917407,13,6.75885,-0.1,-0.2,-0.3,-0.017857143,0.19,0.95,0.19,0.95,0.76,4,0,0.076,0.365384615,0.092682927,0.441860465,0.82,0.826923077,1.4,1.98,1,1,0.57,0,5.4,7.31144,138.37319,0.931034483,1.475,0.889755583,1.076923077,1.163515983,6,88,12,0.15167,0.78879,87,0.15208,0.77673,34,102,14,0.21954,0.54493,101,0.22068,0.53528,41,51,65,0.48244,0.24797,48,0.49439,0.23893,74,56,66,0.52343,0.22855,53,0.5367,0.22009,3.305829845,2.62599222,3.428296985,2.175619598,1.690569,0.517477,0.616837,-1.52451,-1.300374,4.916714333,4.463253,-0.453461333,4.689983667,2.959489093,1.80615774,-1.809953393,-0.147587903,0.851787345,-1.870561092,-0.049441273,0.846512261,-0.501797,0.073175,1.21576
477,NbWCSe2,AA,bridge,1.45,1.6,0.917407,13,6.75885,0.7,2.55,1.262113612,4,11.260288,1.15,2.55,2.020604712,6,9.752392,1.35,2.36,0.816268,14,7.86403,0.1,-0.3,-0.2,0.017857143,0.95,0.19,0.95,0.19,-0.76,4,0,0.365384615,0.076,0.441860465,0.092682927,0.826923077,0.82,1.4,1.98,1,1,0.57,0,5.4,7.31144,138.37319,1.074074074,0.677966102,1.123904159,0.928571429,0.859463914,6,88,12,0.15167,0.78879,87,0.15208,0.77673,34,102,14,0.21954,0.54493,101,0.22068,0.53528,74,56,66,0.52343,0.22855,53,0.5367,0.22009,41,51,65,0.48244,0.24797,48,0.49439,0.23893,3.305160491,2.642651479,3.429015793,2.234337503,1.691605,0.623001,0.525795,-1.31204,-1.528361,4.469198667,4.922272333,0.453073667,4.6957355,2.169746165,1.728485883,-1.818839668,0.850550081,-0.150740626,-2.008061213,0.694842366,-0.180041932,-0.501752,0.073219,1.199969
406,Ta2NS2,BB,x,1.45,1.5,0.32312,11,7.549571,0.65,3.04,-0.07,5,14.53413,1,2.58,2.077104512,6,10.36001,1.45,1.5,0.32312,11,7.549571,0,-0.45,-0.45,0,1.54,1.54,1.08,1.08,0,3,0,0.440816327,0.440816327,0.733333333,0.733333333,0.601113173,0.601113173,1.45,1.5,0,0,1.08,1,5.4,7.549571,180.94788,1,1,1,1,1,7,94,8,0.1473,0.81216,93,0.14784,0.79901,16,101,9,0.1781,0.67171,100,0.17899,0.65995,73,52,69,0.54867,0.21804,49,0.56231,0.21007,73,52,69,0.54867,0.21804,49,0.56231,0.21007,3.151979981,2.455221071,2.979294525,2.254673016,1.686888,0.763529,0.768318,-1.610537,-1.608198,5.489066,5.489012667,-5.33E-05,5.489039333,3.4446754,1.361216571,-2.325934481,1.181864942,1.181864942,-2.978437556,0.877452732,0.877452732,-1.038019,0.075163,0.981176
396,CrVCF2,AA,m2,1.4,1.66,0.6758412,12,6.76651,0.7,2.55,1.262113612,4,11.260288,0.5,3.98,3.401189824,7,17.42282,1.35,1.63,0.527662,13,6.746187,0.05,-0.9,-0.85,0.009090909,0.89,0.92,2.32,2.35,0.03,4,2,1.221052632,1.27027027,0.423809524,0.448780488,2.881135423,2.830493537,1.375,1.645,0,1,2.335,1,5.8,6.7563485,51.4688,1.037037037,1.018404908,1.280822193,0.923076923,1.003012517,6,88,12,0.15167,0.78879,87,0.15208,0.77673,9,106,3,0.13207,0.90585,106,0.1304,0.90585,23,50,60,0.41533,0.28804,47,0.42558,0.27756,24,54,56,0.40019,0.29894,51,0.41024,0.28794,3.011206519,2.132727959,2.794943954,1.982633128,1.553227,0.698442,0.727543,-1.57328,-1.405929,5.336062667,6.001563333,0.665500667,5.668813,3.634917361,2.952908263,-5.102611785,-0.86515503,0.750471163,-5.186539065,0.893343637,0.613217519,-1.470905,0.077983,2.19349
392,VCrCF2,AA,x,1.35,1.63,0.527662,13,6.746187,0.7,2.55,1.262113612,4,11.260288,0.5,3.98,3.401189824,7,17.42282,1.4,1.66,0.6758412,12,6.76651,-0.05,-0.85,-0.9,-0.009090909,0.92,0.89,2.35,2.32,-0.03,4,2,1.27027027,1.221052632,0.448780488,0.423809524,2.830493537,2.881135423,1.375,1.645,0,1,2.335,1,5.8,6.7563485,51.4688,0.964285714,0.981927711,0.780748495,1.083333333,0.996996531,6,88,12,0.15167,0.78879,87,0.15208,0.77673,9,106,3,0.13207,0.90585,106,0.1304,0.90585,24,54,56,0.40019,0.29894,51,0.41024,0.28794,23,50,60,0.41533,0.28804,47,0.42558,0.27756,3.010733358,2.146908104,2.79550976,2.042664712,1.556267,0.727145,0.696596,-1.405421,-1.574586,5.995158667,5.324371333,-0.670787333,5.659765,3.92019936,2.843562912,-5.103935777,0.750774281,-0.864901848,-5.052831798,0.867160915,0.889031308,-1.470896,0.077992,2.200553
425,ZrTiNBr2,AA,m2,1.55,1.33,0.433289,12,6.634126,0.65,3.04,-0.07,5,14.53413,1.15,2.96,3.3635883,7,11.81381,1.4,1.54,0.075545,12,6.82812,0.15,-0.4,-0.25,0.025423729,1.71,1.5,1.63,1.42,-0.21,2,0,0.603703704,0.556862745,0.777272727,0.731707317,0.776694823,0.761045752,1.475,1.435,1,0,1.525,3,5.4,6.731123,69.5455,1.107142857,0.863636364,5.735508637,1,0.971588959,7,94,8,0.1473,0.81216,93,0.14784,0.79901,35,108,10,0.19779,0.60484,108,0.1953,0.60484,22,46,64,0.43051,0.27789,43,0.441,0.26786,40,47,68,0.50364,0.23753,44,0.51595,0.22894,3.408546276,2.787680207,3.396125499,2.278190281,1.85713,0.635359,0.593226,-1.465924,-1.61979,4.114555333,3.718538333,-0.396017,3.916546833,4.456410041,3.168572665,-3.704751173,1.424472793,0.836355109,-3.769397371,1.425663999,0.83333856,-1.469247,0.08031,2.191905
82,ZrYCCl2,AA,m2,1.55,1.33,0.433289,12,6.634126,0.7,2.55,1.262113612,4,11.260288,1,3.16,3.61272528,7,12.967633,1.8,1.22,0.30712,11,6.21726,-0.25,-0.55,-0.8,-0.037313433,1.22,1.33,1.83,1.94,0.11,1.5,1,0.717647059,0.692857143,0.542222222,0.532,1.323529412,1.30236305,1.675,1.275,0,1,1.885,3.5,5,6.425693,90.064925,0.861111111,1.090163934,1.410813363,1.090909091,1.067049794,6,88,12,0.15167,0.78879,87,0.15208,0.77673,17,107,6,0.16265,0.73553,107,0.1606,0.73553,39,15,108,0.74258,0.1611,12,0.76224,0.15497,40,47,68,0.50364,0.23753,44,0.51595,0.22894,3.529224952,2.691809653,3.537473582,2.331273061,2.120916,0.69731,0.725335,-1.714283,-1.829278,4.90728,4.316283667,-0.590996333,4.611781833,4.327105301,3.278673006,-4.158582016,1.463696681,1.781457527,-4.179619793,1.437324093,1.735326431,-1.520642,0.080654,2.172751
330,NbZrNS2,BA,x,1.45,1.6,0.917407,13,6.75885,0.65,3.04,-0.07,5,14.53413,1,2.58,2.077104512,6,10.36001,1.55,1.33,0.433289,12,6.634126,-0.1,-0.45,-0.55,-0.016666667,1.44,1.71,0.98,1.25,0.27,3,2,0.4,0.490196078,0.685714286,0.777272727,0.583333333,0.630661621,1.5,1.465,0,1,1.115,1,5.2,6.696488,92.06519,0.935483871,1.203007519,2.117309694,1.083333333,1.018800366,7,94,8,0.1473,0.81216,93,0.14784,0.79901,16,101,9,0.1781,0.67171,100,0.17899,0.65995,40,47,68,0.50364,0.23753,44,0.51595,0.22894,41,51,65,0.48244,0.24797,48,0.49439,0.23893,3.311291898,2.491282538,2.868371464,2.295714678,1.744531,0.764506,0.93124,-1.9134,-1.526878,5.466218,5.365683667,-0.100534333,5.415950833,3.518094636,1.376377855,-2.547773755,0.407913124,0.361279144,-3.333254609,-0.030969536,0.034075295,-1.359154,0.082776,1.455984
131,TiHfNBr2,AA,m2,1.4,1.54,0.075545,12,6.82812,0.65,3.04,-0.07,5,14.53413,1.15,2.96,3.3635883,7,11.81381,1.55,1.3,0.17807,10,6.82507,-0.15,-0.25,-0.4,-0.025423729,1.5,1.74,1.42,1.66,0.24,2,0,0.556862745,0.614814815,0.731707317,0.790909091,0.761045752,0.777352065,1.475,1.42,2,0,1.54,3,5.4,6.826595,113.1785,0.903225806,1.184615385,0.424243275,1.2,1.000446882,7,94,8,0.1473,0.81216,93,0.14784,0.79901,35,108,10,0.19779,0.60484,108,0.1953,0.60484,72,48,71,0.57475,0.20815,45,0.58884,0.2006,22,46,64,0.43051,0.27789,43,0.441,0.26786,3.396373606,2.664399828,3.433165759,2.207652273,1.865139,0.592894,0.633615,-1.670882,-1.420766,3.342169667,4.038194333,0.696024667,3.690182,4.28300846,3.15989551,-4.396143705,0.720981501,0.166592956,-4.434957565,0.716564097,0.083741236,-1.416303,0.086428,2.194203
523,MoNbCSe2,AA,bridge,1.45,2.16,0.74733,14,7.09243,0.7,2.55,1.262113612,4,11.260288,1.15,2.55,2.020604712,6,9.752392,1.45,1.6,0.917407,13,6.75885,0,-0.3,-0.3,0,0.39,0.95,0.39,0.95,0.56,4.5,1,0.15,0.365384615,0.181395349,0.441860465,0.826923077,0.826923077,1.45,1.88,0,1,0.67,0.5,5.4,6.92564,94.42319,1,1.35,0.814611181,1.076923077,1.04935455,6,88,12,0.15167,0.78879,87,0.15208,0.77673,34,102,14,0.21954,0.54493,101,0.22068,0.53528,41,51,65,0.48244,0.24797,48,0.49439,0.23893,42,55,61,0.46178,0.25907,52,0.47342,0.24951,3.289126859,2.623680481,3.455382887,2.182820243,1.625104,0.471358,0.606488,-1.535123,-1.167827,4.929157667,4.724227,-0.204930667,4.826692333,2.724812761,1.730579359,-1.672443275,-0.340077077,0.949729977,-1.803623547,-0.268106588,0.868689047,-0.553082,0.088684,1.040681
74,NbMoCSe2,AA,bridge,1.45,1.6,0.917407,13,6.75885,0.7,2.55,1.262113612,4,11.260288,1.15,2.55,2.020604712,6,9.752392,1.45,2.16,0.74733,14,7.09243,0,-0.3,-0.3,0,0.95,0.39,0.95,0.39,-0.56,4.5,1,0.365384615,0.15,0.441860465,0.181395349,0.826923077,0.826923077,1.45,1.88,0,1,0.67,0.5,5.4,6.92564,94.42319,1,0.740740741,1.227579516,0.928571429,0.952966755,6,88,12,0.15167,0.78879,87,0.15208,0.77673,34,102,14,0.21954,0.54493,101,0.22068,0.53528,42,55,61,0.46178,0.25907,52,0.47342,0.24951,41,51,65,0.48244,0.24797,48,0.49439,0.23893,3.289102507,2.641817984,3.45541986,2.216523446,1.622118,0.623078,0.47453,-1.171678,-1.548048,4.727969667,4.932573333,0.204603667,4.8302715,2.172153509,1.727243839,-1.660229264,0.948986244,-0.337296501,-1.857926018,0.796690829,-0.383824722,-0.553081,0.088685,1.209188
415,Mn2NS2,AA,m1,1.4,1.55,-0.52,13,7.434038,0.65,3.04,-0.07,5,14.53413,1,2.58,2.077104512,6,10.36001,1.4,1.55,-0.52,13,7.434038,0,-0.4,-0.4,0,1.49,1.49,1.03,1.03,0,5,0,0.429166667,0.429166667,0.726829268,0.726829268,0.590464206,0.590464206,1.4,1.55,0,0,1.03,1,6.2,7.434038,54.938045,1,1,1,1,1,7,94,8,0.1473,0.81216,93,0.14784,0.79901,16,101,9,0.1781,0.67171,100,0.17899,0.65995,25,58,52,0.3851,0.31065,55,0.39497,0.29907,25,58,52,0.3851,0.31065,55,0.39497,0.29907,3.081211177,2.284314213,3.104855347,2.097738753,1.407985,0.528662,0.508083,-1.212316,-1.232411,5.179988333,5.180025667,3.73E-05,5.180007,3.197742005,1.357469663,-1.812587317,-1.905999703,-1.905999703,-2.244542953,0.252813725,0.252813725,-0.359905,0.092615,0.976777
457,VTaCBr2,AA,x,1.35,1.63,0.527662,13,6.746187,0.7,2.55,1.262113612,4,11.260288,1.15,2.96,3.3635883,7,11.81381,1.45,1.5,0.32312,11,7.549571,-0.1,-0.2,-0.3,-0.017857143,0.92,1.05,1.33,1.46,0.13,3,0,0.532,0.561538462,0.448780488,0.488372093,1.185434783,1.14981685,1.4,1.565,2,0,1.395,2,5.6,7.147879,115.94469,0.931034483,1.086666667,1.633021788,1.181818182,0.893585477,6,88,12,0.15167,0.78879,87,0.15208,0.77673,35,108,10,0.19779,0.60484,108,0.1953,0.60484,73,52,69,0.54867,0.21804,49,0.56231,0.21007,23,50,60,0.41533,0.28804,47,0.42558,0.27756,3.37102017,2.660231147,3.325769825,2.137312704,1.762188,0.509729,0.568375,-1.567581,-1.272712,3.585178333,4.450539667,0.865361333,4.017859,3.060734049,1.958880377,-4.004402593,0.046894437,-0.149320513,-4.499470208,0.298842476,-0.705908474,-0.721836,0.093402,2.125696
305,TaVCBr2,AA,m2,1.45,1.5,0.32312,11,7.549571,0.7,2.55,1.262113612,4,11.260288,1.15,2.96,3.3635883,7,11.81381,1.35,1.63,0.527662,13,6.746187,0.1,-0.3,-0.2,0.017857143,1.05,0.92,1.46,1.33,-0.13,3,0,0.561538462,0.532,0.488372093,0.448780488,1.14981685,1.185434783,1.4,1.565,2,0,1.395,2,5.6,7.147879,115.94469,1.074074074,0.920245399,0.612361701,0.846153846,1.119087123,6,88,12,0.15167,0.78879,87,0.15208,0.77673,35,108,10,0.19779,0.60484,108,0.1953,0.60484,23,50,60,0.41533,0.28804,47,0.42558,0.27756,73,52,69,0.54867,0.21804,49,0.56231,0.21007,3.370980653,2.776291413,3.325813797,2.184629003,1.765829,0.567625,0.506207,-1.271392,-1.568268,4.435166,3.569814667,-0.865351333,4.002490333,4.406948597,3.112295503,-4.005225196,-0.150320236,0.046815241,-4.05399812,0.052832237,0.033554813,-0.721836,0.093402,2.194469
32,HfTiCF2,AA,bridge,1.55,1.3,0.17807,10,6.82507,0.7,2.55,1.262113612,4,11.260288,0.5,3.98,3.401189824,7,17.42282,1.4,1.54,0.075545,12,6.82812,0.15,-1.05,-0.9,0.025423729,1.25,1.01,2.68,2.44,-0.24,2,0,1.307317073,1.284210526,0.555555556,0.480952381,2.353170732,2.670140698,1.475,1.42,2,0,2.56,3,5.2,6.826595,113.1785,1.107142857,0.844155844,2.35713813,0.833333333,0.999553318,6,88,12,0.15167,0.78879,87,0.15208,0.77673,9,106,3,0.13207,0.90585,106,0.1304,0.90585,22,46,64,0.43051,0.27789,43,0.441,0.26786,72,48,71,0.57475,0.20815,45,0.58884,0.2006,3.163773894,2.283233116,2.963704855,2.203838373,2.030805,0.776141,0.769636,-1.723878,-1.852702,4.772965667,3.723792,-1.049173667,4.248378833,1.859472318,2.213028123,-6.130099357,0.852911014,1.000018228,-5.891279296,1.161054269,1.054659132,-2.190459,0.095073,2.007382
11,NbCrCCl2,AA,bridge,1.45,1.6,0.917407,13,6.75885,0.7,2.55,1.262113612,4,11.260288,1,3.16,3.61272528,7,12.967633,1.4,1.66,0.6758412,12,6.76651,0.05,-0.45,-0.4,0.00877193,0.95,0.89,1.56,1.5,-0.06,4.5,1,0.636734694,0.625,0.441860465,0.423809524,1.441031149,1.474719101,1.425,1.63,1,1,1.53,0.5,5.8,6.76268,72.45124,1.035714286,0.963855422,1.357429822,1.083333333,0.998867954,6,88,12,0.15167,0.78879,87,0.15208,0.77673,17,107,6,0.16265,0.73553,107,0.1606,0.73553,24,54,56,0.40019,0.29894,51,0.41024,0.28794,41,51,65,0.48244,0.24797,48,0.49439,0.23893,3.276914895,2.614745236,3.086101365,2.186695307,1.579084,0.635415,0.541235,-1.159247,-1.596486,4.884272333,3.809753667,-1.074518667,4.347013,4.656390635,3.10740287,-4.011180679,0.484608059,-0.900795253,-3.979519033,0.478831143,0.289464684,-0.766951,0.095898,2.179939
105,YScNBr2,AA,x,1.8,1.22,0.30712,11,6.21726,0.65,3.04,-0.07,5,14.53413,1.15,2.96,3.3635883,7,11.81381,1.6,1.36,0.1882,11,6.56149,0.2,-0.65,-0.45,0.029411765,1.82,1.68,1.74,1.6,-0.14,1,0,0.589830508,0.581818182,0.742857143,0.746666667,0.794002608,0.779220779,1.7,1.29,1,0,1.67,4,5,6.389375,66.930881,1.125,0.897058824,1.631880978,1,0.947537831,7,94,8,0.1473,0.81216,93,0.14784,0.79901,35,108,10,0.19779,0.60484,108,0.1953,0.60484,21,14,105,0.6303,0.1898,11,0.64709,0.18255,39,15,108,0.74258,0.1611,12,0.76224,0.15497,3.541695656,2.85620277,3.59938081,2.43764928,1.960453,0.692849,0.671637,-1.64014,-1.684799,4.274732,4.230145667,-0.044586333,4.252438833,4.864534764,3.178754283,-3.856224043,1.052878052,1.822388814,-3.861189209,0.957566577,1.812802101,-1.759045,0.095989,2.195828
240,ScYNBr2,AA,m2,1.6,1.36,0.1882,11,6.56149,0.65,3.04,-0.07,5,14.53413,1.15,2.96,3.3635883,7,11.81381,1.8,1.22,0.30712,11,6.21726,-0.2,-0.45,-0.65,-0.029411765,1.68,1.82,1.6,1.74,0.14,1,0,0.581818182,0.589830508,0.746666667,0.742857143,0.779220779,0.794002608,1.7,1.29,1,0,1.67,4,5,6.389375,66.930881,0.888888889,1.114754098,0.612789789,1,1.055366834,7,94,8,0.1473,0.81216,93,0.14784,0.79901,35,108,10,0.19779,0.60484,108,0.1953,0.60484,39,15,108,0.74258,0.1611,12,0.76224,0.15497,21,14,105,0.6303,0.1898,11,0.64709,0.18255,3.541692549,2.738249314,3.59933151,2.341536421,1.955773,0.671789,0.688033,-1.676008,-1.639587,4.231143333,4.275254,0.044110667,4.253198667,4.372909583,3.279584681,-3.857911457,1.824833809,1.066128963,-3.85810333,1.812138256,0.946500576,-1.759045,0.09599,2.22811
235,TaHfNSe2,BA,bridge,1.45,1.5,0.32312,11,7.549571,0.65,3.04,-0.07,5,14.53413,1.15,2.55,2.020604712,6,9.752392,1.55,1.3,0.17807,10,6.82507,-0.1,-0.3,-0.4,-0.016666667,1.54,1.74,1.05,1.25,0.2,2.5,1,0.403846154,0.462962963,0.733333333,0.790909091,0.550699301,0.58535547,1.5,1.4,0,1,1.15,1.5,5.2,7.1873205,179.71894,0.935483871,1.153846154,1.814567305,1.1,1.106152904,7,94,8,0.1473,0.81216,93,0.14784,0.79901,34,102,14,0.21954,0.54493,101,0.22068,0.53528,72,48,71,0.57475,0.20815,45,0.58884,0.2006,73,52,69,0.54867,0.21804,49,0.56231,0.21007,3.359595218,2.604698371,3.007094746,2.317708993,1.774761,0.830954,0.663877,-1.836911,-1.432681,4.912471333,4.509340333,-0.403131,4.710905833,2.967149543,1.852074248,-2.476709702,0.675445858,1.236427179,-2.388663907,0.816800489,1.296944441,-1.189342,0.097428,2.049959
501,V2NCl2,AA,m2,1.35,1.63,0.527662,13,6.746187,0.65,3.04,-0.07,5,14.53413,1,3.16,3.61272528,7,12.967633,1.35,1.63,0.527662,13,6.746187,0,-0.35,-0.35,0,1.41,1.41,1.53,1.53,0,3,0,0.65106383,0.65106383,0.705,0.705,0.923494794,0.923494794,1.35,1.63,0,0,1.53,2,5.8,6.746187,50.9415,1,1,1,1,1,7,94,8,0.1473,0.81216,93,0.14784,0.79901,17,107,6,0.16265,0.73553,107,0.1606,0.73553,23,50,60,0.41533,0.28804,47,0.42558,0.27756,23,50,60,0.41533,0.28804,47,0.42558,0.27756,3.205668164,2.505809757,3.159997312,2.045939722,1.572973,0.56806,0.597343,-1.38186,-1.356514,4.578414333,4.581029,0.002614667,4.579721667,4.28048045,3.192527725,-4.084221214,-0.166287073,-0.166287073,-4.327059817,0.439443932,0.439443932,-1.099061,0.098744,2.1697
380,ScTiNCl2,AA,m2,1.6,1.36,0.1882,11,6.56149,0.65,3.04,-0.07,5,14.53413,1,3.16,3.61272528,7,12.967633,1.4,1.54,0.075545,12,6.82812,0.2,-0.6,-0.4,0.033333333,1.68,1.5,1.8,1.62,-0.18,1.5,1,0.692307692,0.675,0.746666667,0.731707317,0.927197802,0.9225,1.5,1.45,0,1,1.71,3.5,5.2,6.694805,46.411456,1.142857143,0.883116883,2.491230392,0.916666667,0.960951184,7,94,8,0.1473,0.81216,93,0.14784,0.79901,17,107,6,0.16265,0.73553,107,0.1606,0.73553,22,46,64,0.43051,0.27789,43,0.441,0.26786,21,14,105,0.6303,0.1898,11,0.64709,0.18255,3.281894446,2.564836416,3.289685798,2.240407164,1.865254,0.688737,0.659138,-1.586556,-1.626574,4.251952,4.612025667,0.360073667,4.431988833,4.373009801,3.252279818,-4.639494428,1.243843603,0.687273812,-4.640561883,1.182949245,0.685344436,-1.817284,0.100615,2.164507
391,WVCSe2,BA,bridge,1.35,2.36,0.816268,14,7.86403,0.7,2.55,1.262113612,4,11.260288,1.15,2.55,2.020604712,6,9.752392,1.35,1.63,0.527662,13,6.746187,0,-0.2,-0.2,0,0.19,0.92,0.19,0.92,0.73,3.5,1,0.076,0.368,0.092682927,0.448780488,0.82,0.82,1.35,1.995,2,1,0.555,0.5,5.4,7.3051085,117.39075,1,1.447852761,1.546952405,1.076923077,1.165699972,6,88,12,0.15167,0.78879,87,0.15208,0.77673,34,102,14,0.21954,0.54493,101,0.22068,0.53528,23,50,60,0.41533,0.28804,47,0.42558,0.27756,74,56,66,0.52343,0.22855,53,0.5367,0.22009,3.160026601,2.581543743,3.002243239,2.170520418,1.587214,0.475113,0.520136,-1.322407,-1.260056,4.553353333,4.279438333,-0.273915,4.416395833,3.042397381,1.826080983,-2.117273313,-0.081393039,0.165849732,-2.12953024,-0.032830883,0.162820525,-0.439554,0.101014,1.442554
495,MoNbCS2,BB,x,1.45,2.16,0.74733,14,7.09243,0.7,2.55,1.262113612,4,11.260288,1,2.58,2.077104512,6,10.36001,1.45,1.6,0.917407,13,6.75885,0,-0.45,-0.45,0,0.39,0.95,0.42,0.98,0.56,4.5,1,0.171428571,0.4,0.181395349,0.441860465,0.945054945,0.905263158,1.45,1.88,0,1,0.7,0.5,5.4,6.92564,94.42319,1,1.35,0.814611181,1.076923077,1.04935455,6,88,12,0.15167,0.78879,87,0.15208,0.77673,16,101,9,0.1781,0.67171,100,0.17899,0.65995,41,51,65,0.48244,0.24797,48,0.49439,0.23893,42,55,61,0.46178,0.25907,52,0.47342,0.24951,3.130354007,2.429021078,2.853980377,2.186765784,1.504141,0.573944,0.710025,-1.509193,-1.278917,5.795232667,5.069446,-0.725786667,5.432339333,3.400727169,1.367600179,-1.608291828,-0.290471766,1.378914396,-2.195800277,-0.70775569,1.316672114,-0.66161,0.101614,1.439718
418,HfMoCS2,AB,bridge,1.55,1.3,0.17807,10,6.82507,0.7,2.55,1.262113612,4,11.260288,1,2.58,2.077104512,6,10.36001,1.45,2.16,0.74733,14,7.09243,0.1,-0.55,-0.45,0.016666667,1.25,0.39,1.28,0.42,-0.86,3.5,3,0.501960784,0.171428571,0.555555556,0.181395349,0.903529412,0.945054945,1.5,1.73,1,2,0.85,0.5,5.2,6.95875,137.215,1.068965517,0.601851852,0.238274925,0.714285714,0.96230347,6,88,12,0.15167,0.78879,87,0.15208,0.77673,16,101,9,0.1781,0.67171,100,0.17899,0.65995,42,55,61,0.46178,0.25907,52,0.47342,0.24951,72,48,71,0.57475,0.20815,45,0.58884,0.2006,3.254781889,2.491741911,2.784355814,2.297601859,1.631836,0.895735,0.60433,-1.25674,-1.875161,5.057907,5.872628333,0.814721333,5.465267667,2.115409447,1.645666529,-2.101597815,1.636445304,-0.48561431,-3.039486419,0.787151494,-0.917870897,-0.890469,0.101874,1.134564
279,MoHfCS2,BA,x,1.45,2.16,0.74733,14,7.09243,0.7,2.55,1.262113612,4,11.260288,1,2.58,2.077104512,6,10.36001,1.55,1.3,0.17807,10,6.82507,-0.1,-0.45,-0.55,-0.016666667,0.39,1.25,0.42,1.28,0.86,3.5,3,0.171428571,0.501960784,0.181395349,0.555555556,0.945054945,0.903529412,1.5,1.73,1,2,0.85,0.5,5.2,6.95875,137.215,0.935483871,1.661538462,4.196832706,1.4,1.039173225,6,88,12,0.15167,0.78879,87,0.15208,0.77673,16,101,9,0.1781,0.67171,100,0.17899,0.65995,72,48,71,0.57475,0.20815,45,0.58884,0.2006,42,55,61,0.46178,0.25907,52,0.47342,0.24951,3.254777743,2.444454584,2.78437101,2.240980276,1.63072,0.906043,0.573492,-1.880712,-1.229544,5.858059667,5.043454,-0.814605667,5.450756833,3.447938307,1.384645991,-2.097519212,-0.48431483,1.637203709,-2.775406425,-0.927982473,1.059226826,-0.890469,0.101874,1.603183
395,CrNbCSe2,AA,m1,1.4,1.66,0.6758412,12,6.76651,0.7,2.55,1.262113612,4,11.260288,1.15,2.55,2.020604712,6,9.752392,1.45,1.6,0.917407,13,6.75885,-0.05,-0.25,-0.3,-0.00877193,0.89,0.95,0.89,0.95,0.06,4.5,1,0.349019608,0.365384615,0.423809524,0.441860465,0.823529412,0.826923077,1.425,1.63,1,1,0.92,0.5,5.4,6.76268,72.45124,0.965517241,1.0375,0.736686334,0.923076923,1.001133329,6,88,12,0.15167,0.78879,87,0.15208,0.77673,34,102,14,0.21954,0.54493,101,0.22068,0.53528,41,51,65,0.48244,0.24797,48,0.49439,0.23893,24,54,56,0.40019,0.29894,51,0.41024,0.28794,3.245261965,2.518267265,3.198873109,2.083006723,1.594882,0.406645,0.612921,-1.535466,-1.078981,5.085613,5.286283333,0.200670333,5.185948167,3.50057767,1.499017083,-1.998942746,-0.573212319,0.503350719,-2.485724861,0.331545912,0.216789114,-0.492011,0.10229,0.79804
540,VWNO2,AB,m1,1.35,1.63,0.527662,13,6.746187,0.65,3.04,-0.07,5,14.53413,0.6,3.44,1.4611053,6,13.618055,1.35,2.36,0.816268,14,7.86403,0,-0.75,-0.75,0,1.41,0.68,1.81,1.08,-0.73,3.5,1,0.928205128,0.553846154,0.705,0.34,1.316603019,1.628959276,1.35,1.995,2,1,1.445,0.5,5.6,7.3051085,117.39075,1,0.690677966,0.646432299,0.928571429,0.85785367,7,94,8,0.1473,0.81216,93,0.14784,0.79901,8,100,5,0.14058,0.85098,99,0.14125,0.83626,74,56,66,0.52343,0.22855,53,0.5367,0.22009,23,50,60,0.41533,0.28804,47,0.42558,0.27756,2.904770125,1.906261965,2.525011525,2.235475782,1.527767,1.056595,0.991996,-1.864767,-1.711591,5.538654667,5.530548333,-0.008106333,5.5346015,2.692860581,0.975091661,-3.566256203,-0.499138088,-0.495444375,-3.833560487,0.545118457,-0.492811935,-1.466813,0.107,-0.261777
145,NbVNS2,BA,x,1.45,1.6,0.917407,13,6.75885,0.65,3.04,-0.07,5,14.53413,1,2.58,2.077104512,6,10.36001,1.35,1.63,0.527662,13,6.746187,0.1,-0.45,-0.35,0.017857143,1.44,1.41,0.98,0.95,-0.03,3.5,1,0.4,0.404255319,0.685714286,0.705,0.583333333,0.5734118,1.4,1.615,1,0,0.965,0.5,5.4,6.7525185,71.92394,1.074074074,0.981595092,1.738626242,1,1.00187706,7,94,8,0.1473,0.81216,93,0.14784,0.79901,16,101,9,0.1781,0.67171,100,0.17899,0.65995,23,50,60,0.41533,0.28804,47,0.42558,0.27756,41,51,65,0.48244,0.24797,48,0.49439,0.23893,3.135655762,2.465519452,2.935280328,2.206573652,1.630028,0.673946,0.727441,-1.466105,-1.565311,5.182207667,5.492028,0.309820333,5.337117833,3.477022323,1.360492698,-1.901535761,0.957804673,0.052119491,-2.421778239,0.788346653,0.161151771,-1.001239,0.107152,0.982956
466,TiCrCCl2,AA,m2,1.4,1.54,0.075545,12,6.82812,0.7,2.55,1.262113612,4,11.260288,1,3.16,3.61272528,7,12.967633,1.4,1.66,0.6758412,12,6.76651,0,-0.4,-0.4,0,1.01,0.89,1.62,1.5,-0.12,3.5,3,0.675,0.625,0.480952381,0.423809524,1.403465347,1.474719101,1.4,1.6,0,2,1.56,1.5,5.6,6.797315,49.93155,1,0.927710843,0.111779217,1,1.009105137,6,88,12,0.15167,0.78879,87,0.15208,0.77673,17,107,6,0.16265,0.73553,107,0.1606,0.73553,24,54,56,0.40019,0.29894,51,0.41024,0.28794,22,46,64,0.43051,0.27789,43,0.441,0.26786,3.206826951,2.502311553,3.15250652,2.154485722,1.658096,0.630253,0.543509,-1.217693,-1.614165,5.249831667,4.575114667,-0.674717,4.912473167,4.271650949,3.18021263,-3.98152773,0.869187876,-0.864073012,-3.987088933,0.797650547,0.870587618,-0.973016,0.107271,2.178253
505,ZrTaNSe2,AB,bridge,1.55,1.33,0.433289,12,6.634126,0.65,3.04,-0.07,5,14.53413,1.15,2.55,2.020604712,6,9.752392,1.45,1.5,0.32312,11,7.549571,0.1,-0.4,-0.3,0.016666667,1.71,1.54,1.22,1.05,-0.17,2.5,1,0.451851852,0.403846154,0.777272727,0.733333333,0.581329868,0.550699301,1.5,1.415,1,1,1.135,1.5,5.2,7.0918485,136.08594,1.068965517,0.886666667,1.340953825,1.090909091,0.878742117,7,94,8,0.1473,0.81216,93,0.14784,0.79901,34,102,14,0.21954,0.54493,101,0.22068,0.53528,73,52,69,0.54867,0.21804,49,0.56231,0.21007,40,47,68,0.50364,0.23753,44,0.51595,0.22894,3.366691627,2.652718604,2.971839303,2.29248585,1.77058,0.825545,0.65609,-1.460329,-1.791886,4.518785333,4.987402667,0.468617333,4.753094,2.020002721,1.785508067,-2.514105019,0.932140071,0.616383696,-2.92168925,0.508097885,0.32309604,-1.183416,0.108293,1.417702
546,VTiCSe2,AA,bridge,1.35,1.63,0.527662,13,6.746187,0.7,2.55,1.262113612,4,11.260288,1.15,2.55,2.020604712,6,9.752392,1.4,1.54,0.075545,12,6.82812,-0.05,-0.2,-0.25,-0.009090909,0.92,1.01,0.92,1.01,0.09,2.5,1,0.368,0.396078431,0.448780488,0.480952381,0.82,0.823529412,1.375,1.585,0,1,0.965,1.5,5,6.7871535,49.40425,0.964285714,1.058441558,6.984737574,1.083333333,0.98800065,6,88,12,0.15167,0.78879,87,0.15208,0.77673,34,102,14,0.21954,0.54493,101,0.22068,0.53528,22,46,64,0.43051,0.27789,43,0.441,0.26786,23,50,60,0.41533,0.28804,47,0.42558,0.27756,3.186803105,2.500624191,3.315074118,2.125469828,1.733463,0.522901,0.624232,-1.533782,-1.346813,5.443443333,5.071748,-0.371695333,5.257595667,1.894419814,1.722804668,-2.01808207,0.358873164,0.982017785,-2.144079551,0.264057983,0.945042586,-0.771,0.108586,1.006418
318,Zr2NS2,AA,m1,1.55,1.33,0.433289,12,6.634126,0.65,3.04,-0.07,5,14.53413,1,2.58,2.077104512,6,10.36001,1.55,1.33,0.433289,12,6.634126,0,-0.55,-0.55,0,1.71,1.71,1.25,1.25,0,2,0,0.490196078,0.490196078,0.777272727,0.777272727,0.630661621,0.630661621,1.55,1.33,0,0,1.25,2,5,6.634126,91.224,1,1,1,1,1,7,94,8,0.1473,0.81216,93,0.14784,0.79901,16,101,9,0.1781,0.67171,100,0.17899,0.65995,40,47,68,0.50364,0.23753,44,0.51595,0.22894,40,47,68,0.50364,0.23753,44,0.51595,0.22894,3.429631842,2.529592388,3.486893737,2.366508541,1.834094,0.991497,0.981688,-1.900748,-1.906531,5.780571667,5.780240333,-0.000331333,5.780406,3.563117016,1.352988772,-2.091939583,1.412739154,1.412739154,-2.589106332,1.305839439,1.305839439,-1.555417,0.109076,0.584459
489,TiCrNS2,AA,m1,1.4,1.54,0.075545,12,6.82812,0.65,3.04,-0.07,5,14.53413,1,2.58,2.077104512,6,10.36001,1.4,1.66,0.6758412,12,6.76651,0,-0.4,-0.4,0,1.5,1.38,1.04,0.92,-0.12,3.5,3,0.433333333,0.383333333,0.731707317,0.673170732,0.592222222,0.569444444,1.4,1.6,0,2,0.98,0.5,5.4,6.797315,49.93155,1,0.927710843,0.111779217,1,1.009105137,7,94,8,0.1473,0.81216,93,0.14784,0.79901,16,101,9,0.1781,0.67171,100,0.17899,0.65995,24,54,56,0.40019,0.29894,51,0.41024,0.28794,22,46,64,0.43051,0.27789,43,0.441,0.26786,3.164327586,2.412849652,3.134480331,2.127841021,1.586346,0.765347,0.622497,-1.282121,-1.692069,5.808275667,5.889566333,0.081290667,5.848921,3.423408628,1.347081899,-2.120987838,0.956041582,-0.807808807,-2.696673899,0.794210605,0.604326264,-0.952447,0.11006,0.556949
126,WNbCS2,BB,x,1.35,2.36,0.816268,14,7.86403,0.7,2.55,1.262113612,4,11.260288,1,2.58,2.077104512,6,10.36001,1.45,1.6,0.917407,13,6.75885,-0.1,-0.35,-0.45,-0.017857143,0.19,0.95,0.22,0.98,0.76,4,0,0.093617021,0.4,0.092682927,0.441860465,1.010078387,0.905263158,1.4,1.98,1,1,0.6,0,5.4,7.31144,138.37319,0.931034483,1.475,0.889755583,1.076923077,1.163515983,6,88,12,0.15167,0.78879,87,0.15208,0.77673,16,101,9,0.1781,0.67171,100,0.17899,0.65995,41,51,65,0.48244,0.24797,48,0.49439,0.23893,74,56,66,0.52343,0.22855,53,0.5367,0.22009,3.130209008,2.437782265,2.865329164,2.185668154,1.585903,0.722123,0.640112,-1.513482,-1.434656,5.758406,4.941915333,-0.816490667,5.350160667,3.416243837,1.368862167,-1.710525685,0.119007436,1.317057171,-2.331236904,-0.282060295,1.285606773,-0.631424,0.111096,1.595112
258,CrVCCl2,AA,x,1.4,1.66,0.6758412,12,6.76651,0.7,2.55,1.262113612,4,11.260288,1,3.16,3.61272528,7,12.967633,1.35,1.63,0.527662,13,6.746187,0.05,-0.4,-0.35,0.009090909,0.89,0.92,1.5,1.53,0.03,4,2,0.625,0.65106383,0.423809524,0.448780488,1.474719101,1.450740056,1.375,1.645,0,1,1.515,1,5.8,6.7563485,51.4688,1.037037037,1.018404908,1.280822193,0.923076923,1.003012517,6,88,12,0.15167,0.78879,87,0.15208,0.77673,17,107,6,0.16265,0.73553,107,0.1606,0.73553,23,50,60,0.41533,0.28804,47,0.42558,0.27756,24,54,56,0.40019,0.29894,51,0.41024,0.28794,3.189113332,2.469613054,3.128063594,2.04197513,1.53012,0.538981,0.585358,-1.443163,-1.211296,4.538679667,4.997671,0.458991333,4.768175333,2.780987832,1.788039051,-3.796976328,-0.883630929,0.483236553,-4.036643762,0.467236357,0.479540468,-0.726648,0.111711,2.141345
30,VMoCCl2,AA,m2,1.35,1.63,0.527662,13,6.746187,0.7,2.55,1.262113612,4,11.260288,1,3.16,3.61272528,7,12.967633,1.45,2.16,0.74733,14,7.09243,-0.1,-0.35,-0.45,-0.017857143,0.92,0.39,1.53,1,-0.53,4,2,0.65106383,0.408163265,0.448780488,0.181395349,1.450740056,2.250130822,1.4,1.895,1,1,1.265,1,5.8,6.9193085,73.44075,0.931034483,0.75462963,0.706062917,0.928571429,0.95118133,6,88,12,0.15167,0.78879,87,0.15208,0.77673,17,107,6,0.16265,0.73553,107,0.1606,0.73553,42,55,61,0.46178,0.25907,52,0.47342,0.24951,23,50,60,0.41533,0.28804,47,0.42558,0.27756,3.239985339,2.500780261,3.191857533,2.087490683,1.52258,0.584891,0.562659,-1.246684,-1.423444,4.601698333,4.579150667,-0.022547667,4.5904245,4.175661272,3.134425061,-3.935019518,0.03730219,-0.509801359,-4.012782879,0.034881182,-0.512328768,-0.680508,0.113043,2.186435
295,YZrCBr2,AA,bridge,1.8,1.22,0.30712,11,6.21726,0.7,2.55,1.262113612,4,11.260288,1.15,2.96,3.3635883,7,11.81381,1.55,1.33,0.433289,12,6.634126,0.25,-0.65,-0.4,0.037313433,1.33,1.22,1.74,1.63,-0.11,1.5,1,0.589830508,0.603703704,0.532,0.542222222,1.108703963,1.113387978,1.675,1.275,0,1,1.685,3.5,5,6.425693,90.064925,1.161290323,0.917293233,0.708810978,0.916666667,0.937163388,6,88,12,0.15167,0.78879,87,0.15208,0.77673,35,108,10,0.19779,0.60484,108,0.1953,0.60484,40,47,68,0.50364,0.23753,44,0.51595,0.22894,39,15,108,0.74258,0.1611,12,0.76224,0.15497,3.589718372,2.868482221,3.673067605,2.530157743,2.124246,0.688958,0.64164,-1.774049,-1.680795,4.127477,4.734114,0.606637,4.4307955,2.551078043,1.733569194,-3.623675714,1.743522261,1.414191003,-3.98976787,1.425863418,1.224017915,-1.325513,0.115474,2.196194
378,YZrNCl2,AB,x,1.8,1.22,0.30712,11,6.21726,0.65,3.04,-0.07,5,14.53413,1,3.16,3.61272528,7,12.967633,1.55,1.33,0.433289,12,6.634126,0.25,-0.8,-0.55,0.037313433,1.82,1.71,1.94,1.83,-0.11,1.5,1,0.692857143,0.717647059,0.742857143,0.777272727,0.932692308,0.923288614,1.675,1.275,0,1,1.885,3.5,5.2,6.425693,90.064925,1.161290323,0.917293233,0.708810978,0.916666667,0.937163388,7,94,8,0.1473,0.81216,93,0.14784,0.79901,17,107,6,0.16265,0.73553,107,0.1606,0.73553,40,47,68,0.50364,0.23753,44,0.51595,0.22894,39,15,108,0.74258,0.1611,12,0.76224,0.15497,3.44788151,2.715584388,3.039269946,2.35353054,1.897228,0.716546,0.682243,-1.546157,-1.74986,3.469221667,3.864981333,0.395759667,3.6671015,4.866129824,3.272870038,-5.208369393,0.301635842,0.81752388,-5.226647496,0.229613749,0.792154064,-1.866666,0.116453,2.173055
10,ZrYNCl2,BA,m2,1.55,1.33,0.433289,12,6.634126,0.65,3.04,-0.07,5,14.53413,1,3.16,3.61272528,7,12.967633,1.8,1.22,0.30712,11,6.21726,-0.25,-0.55,-0.8,-0.037313433,1.71,1.82,1.83,1.94,0.11,1.5,1,0.717647059,0.692857143,0.777272727,0.742857143,0.923288614,0.932692308,1.675,1.275,0,1,1.885,3.5,5.2,6.425693,90.064925,0.861111111,1.090163934,1.410813363,1.090909091,1.067049794,7,94,8,0.1473,0.81216,93,0.14784,0.79901,17,107,6,0.16265,0.73553,107,0.1606,0.73553,39,15,108,0.74258,0.1611,12,0.76224,0.15497,40,47,68,0.50364,0.23753,44,0.51595,0.22894,3.448058628,2.650744759,3.039300984,2.371634002,1.893175,0.720409,0.678401,-1.752407,-1.539578,3.858435667,3.462116333,-0.396319333,3.660276,4.243517649,3.190164294,-5.210173914,0.81818484,0.300590842,-5.224792437,0.813923503,0.233691137,-1.866666,0.116453,2.18857
255,ZrMoCS2,AB,m1,1.55,1.33,0.433289,12,6.634126,0.7,2.55,1.262113612,4,11.260288,1,2.58,2.077104512,6,10.36001,1.45,2.16,0.74733,14,7.09243,0.1,-0.55,-0.45,0.016666667,1.22,0.39,1.25,0.42,-0.83,3.5,3,0.490196078,0.171428571,0.542222222,0.181395349,0.904050145,0.945054945,1.5,1.745,0,2,0.835,0.5,5.2,6.863278,93.582,1.068965517,0.615740741,0.579782693,0.857142857,0.935381245,6,88,12,0.15167,0.78879,87,0.15208,0.77673,16,101,9,0.1781,0.67171,100,0.17899,0.65995,42,55,61,0.46178,0.25907,52,0.47342,0.24951,40,47,68,0.50364,0.23753,44,0.51595,0.22894,3.27197379,2.516196639,2.760644631,2.324928075,1.610096,0.887037,0.59739,-1.250948,-1.843575,5.124397,6.008839,0.884442,5.566618,3.582223724,1.355762961,-2.127617493,1.17589629,-0.49669256,-3.016696522,0.336939805,-0.931766076,-0.858024,0.117405,0.992436
89,Hf2CS2,AA,m1,1.55,1.3,0.17807,10,6.82507,0.7,2.55,1.262113612,4,11.260288,1,2.58,2.077104512,6,10.36001,1.55,1.3,0.17807,10,6.82507,0,-0.55,-0.55,0,1.25,1.25,1.28,1.28,0,2,0,0.501960784,0.501960784,0.555555556,0.555555556,0.903529412,0.903529412,1.55,1.3,0,0,1.28,2,4.8,6.82507,178.49,1,1,1,1,1,6,88,12,0.15167,0.78879,87,0.15208,0.77673,16,101,9,0.1781,0.67171,100,0.17899,0.65995,72,48,71,0.57475,0.20815,45,0.58884,0.2006,72,48,71,0.57475,0.20815,45,0.58884,0.2006,3.431508151,2.516072136,3.489828404,2.381736622,1.968097,0.960122,0.969141,-1.949609,-1.947751,6.159106,6.159029333,-7.67E-05,6.159067667,3.551614622,1.347264088,-1.722105816,1.726965141,1.726965141,-1.938055515,2.450517025,2.450517025,-1.230908,0.118043,0.34187
188,ZrTaCS2,AA,m1,1.55,1.33,0.433289,12,6.634126,0.7,2.55,1.262113612,4,11.260288,1,2.58,2.077104512,6,10.36001,1.45,1.5,0.32312,11,7.549571,0.1,-0.55,-0.45,0.016666667,1.22,1.05,1.25,1.08,-0.17,2.5,1,0.490196078,0.440816327,0.542222222,0.488372093,0.904050145,0.902623907,1.5,1.415,1,1,1.165,1.5,5,7.0918485,136.08594,1.068965517,0.886666667,1.340953825,1.090909091,0.878742117,6,88,12,0.15167,0.78879,87,0.15208,0.77673,16,101,9,0.1781,0.67171,100,0.17899,0.65995,73,52,69,0.54867,0.21804,49,0.56231,0.21007,40,47,68,0.50364,0.23753,44,0.51595,0.22894,3.360061371,2.526424866,3.363797574,2.381589148,1.896782,0.92849,0.842294,-1.811077,-1.85649,5.478439667,6.146151,0.667711333,5.812295333,3.573093235,1.346256433,-1.83442687,2.06323639,1.070830817,-2.389800357,1.863705495,0.920038259,-1.049694,0.118261,0.316543
333,CrMoNS2,AB,m2,1.4,1.66,0.6758412,12,6.76651,0.65,3.04,-0.07,5,14.53413,1,2.58,2.077104512,6,10.36001,1.45,2.16,0.74733,14,7.09243,-0.05,-0.4,-0.45,-0.00877193,1.38,0.88,0.92,0.42,-0.5,5,0,0.383333333,0.171428571,0.673170732,0.419047619,0.569444444,0.409090909,1.425,1.91,1,0,0.67,1,5.8,6.92947,73.96805,0.965517241,0.768518519,0.904341054,0.857142857,0.954046779,7,94,8,0.1473,0.81216,93,0.14784,0.79901,16,101,9,0.1781,0.67171,100,0.17899,0.65995,42,55,61,0.46178,0.25907,52,0.47342,0.24951,24,54,56,0.40019,0.29894,51,0.41024,0.28794,3.101413302,2.274174235,2.836557828,2.226692382,1.427274,0.59456,0.565946,-1.369153,-1.218628,4.519121,5.208351333,0.689230333,4.863736167,1.716868266,1.820829959,-2.562639613,-0.373877123,-0.781521339,-2.784171474,1.130018126,-0.992198907,-0.556354,0.119147,0.390422
180,Ti2CO2,AA,m1,1.4,1.54,0.075545,12,6.82812,0.7,2.55,1.262113612,4,11.260288,0.6,3.44,1.4611053,6,13.618055,1.4,1.54,0.075545,12,6.82812,0,-0.8,-0.8,0,1.01,1.01,1.9,1.9,0,2,0,0.95,0.95,0.480952381,0.480952381,1.975247525,1.975247525,1.4,1.54,0,0,1.9,2,4.8,6.82812,47.867,1,1,1,1,1,6,88,12,0.15167,0.78879,87,0.15208,0.77673,8,100,5,0.14058,0.85098,99,0.14125,0.83626,22,46,64,0.43051,0.27789,43,0.441,0.26786,22,46,64,0.43051,0.27789,43,0.441,0.26786,3.031519925,1.97203201,2.823788708,2.184612436,1.683097,1.114638,1.112856,-1.956031,-1.95456,5.674778,5.674644667,-0.000133333,5.674711333,2.790965809,0.972706258,-2.886222123,0.902784597,0.902784597,-3.48677096,0.727476282,0.727476282,-2.057168,0.119988,0.210182
192,Zr2NSe2,AA,bridge,1.55,1.33,0.433289,12,6.634126,0.65,3.04,-0.07,5,14.53413,1.15,2.55,2.020604712,6,9.752392,1.55,1.33,0.433289,12,6.634126,0,-0.4,-0.4,0,1.71,1.71,1.22,1.22,0,2,0,0.451851852,0.451851852,0.777272727,0.777272727,0.581329868,0.581329868,1.55,1.33,0,0,1.22,2,5,6.634126,91.224,1,1,1,1,1,7,94,8,0.1473,0.81216,93,0.14784,0.79901,34,102,14,0.21954,0.54493,101,0.22068,0.53528,40,47,68,0.50364,0.23753,44,0.51595,0.22894,40,47,68,0.50364,0.23753,44,0.51595,0.22894,3.473051437,2.666485466,3.623472015,2.368409805,1.842209,0.853445,0.861904,-1.782929,-1.774629,5.450675667,5.450341333,-0.000334333,5.4505085,2.135643568,1.779657181,-1.929027464,1.488976573,1.488976573,-2.053385024,1.366919236,1.366919236,-1.402931,0.120217,0.62903
421,NbVCS2,AB,m1,1.45,1.6,0.917407,13,6.75885,0.7,2.55,1.262113612,4,11.260288,1,2.58,2.077104512,6,10.36001,1.35,1.63,0.527662,13,6.746187,0.1,-0.45,-0.35,0.017857143,0.95,0.92,0.98,0.95,-0.03,3.5,1,0.4,0.404255319,0.441860465,0.448780488,0.905263158,0.900786309,1.4,1.615,1,0,0.965,0.5,5.2,6.7525185,71.92394,1.074074074,0.981595092,1.738626242,1,1.00187706,6,88,12,0.15167,0.78879,87,0.15208,0.77673,16,101,9,0.1781,0.67171,100,0.17899,0.65995,23,50,60,0.41533,0.28804,47,0.42558,0.27756,41,51,65,0.48244,0.24797,48,0.49439,0.23893,3.178475596,2.478174287,2.593068113,2.202913075,1.679951,0.749621,0.621668,-1.380177,-1.671061,5.568005,5.282548,-0.285457,5.4252765,3.507504892,1.364395188,-2.187262622,-0.246069616,0.345438493,-2.925620617,-0.554983183,0.073625777,-0.813842,0.120431,1.343241
581,VNbCS2,BA,x,1.35,1.63,0.527662,13,6.746187,0.7,2.55,1.262113612,4,11.260288,1,2.58,2.077104512,6,10.36001,1.45,1.6,0.917407,13,6.75885,-0.1,-0.35,-0.45,-0.017857143,0.92,0.95,0.95,0.98,0.03,3.5,1,0.404255319,0.4,0.448780488,0.441860465,0.900786309,0.905263158,1.4,1.615,1,0,0.965,0.5,5.2,6.7525185,71.92394,0.931034483,1.01875,0.575166747,1,0.998126456,6,88,12,0.15167,0.78879,87,0.15208,0.77673,16,101,9,0.1781,0.67171,100,0.17899,0.65995,41,51,65,0.48244,0.24797,48,0.49439,0.23893,23,50,60,0.41533,0.28804,47,0.42558,0.27756,3.178460753,2.386288597,2.593049539,2.123065787,1.699242,0.595486,0.751916,-1.673624,-1.37302,5.287584,5.57247,0.284886,5.430027,3.352700403,1.366933542,-2.18657612,0.345191968,-0.245743547,-3.055109801,-0.023087135,-0.416432658,-0.813839,0.120434,0.741446
313,VCrNF2,AA,m2,1.35,1.63,0.527662,13,6.746187,0.65,3.04,-0.07,5,14.53413,0.5,3.98,3.401189824,7,17.42282,1.4,1.66,0.6758412,12,6.76651,-0.05,-0.85,-0.9,-0.009090909,1.41,1.38,2.35,2.32,-0.03,4,2,1.27027027,1.221052632,0.705,0.673170732,1.801801802,1.813882532,1.375,1.645,0,1,2.335,1,6,6.7563485,51.4688,0.964285714,0.981927711,0.780748495,1.083333333,0.996996531,7,94,8,0.1473,0.81216,93,0.14784,0.79901,9,106,3,0.13207,0.90585,106,0.1304,0.90585,24,54,56,0.40019,0.29894,51,0.41024,0.28794,23,50,60,0.41533,0.28804,47,0.42558,0.27756,3.072317394,2.133240844,2.726286674,2.042203624,1.508779,0.738675,0.701305,-1.378469,-1.570291,5.268096333,4.425499,-0.842597333,4.846797667,1.629091411,2.125285822,-5.790251947,1.048253974,-1.522197683,-5.694735066,0.66306038,0.391157757,-1.697012,0.120589,1.747526
113,ZrMoCSe2,AB,bridge,1.55,1.33,0.433289,12,6.634126,0.7,2.55,1.262113612,4,11.260288,1.15,2.55,2.020604712,6,9.752392,1.45,2.16,0.74733,14,7.09243,0.1,-0.4,-0.3,0.016666667,1.22,0.39,1.22,0.39,-0.83,3.5,3,0.451851852,0.15,0.542222222,0.181395349,0.833333333,0.826923077,1.5,1.745,0,2,0.805,0.5,5.2,6.863278,93.582,1.068965517,0.615740741,0.579782693,0.857142857,0.935381245,6,88,12,0.15167,0.78879,87,0.15208,0.77673,34,102,14,0.21954,0.54493,101,0.22068,0.53528,42,55,61,0.46178,0.25907,52,0.47342,0.24951,40,47,68,0.50364,0.23753,44,0.51595,0.22894,3.325475765,2.660039986,2.88832682,2.326601777,1.626464,0.765861,0.435196,-1.089058,-1.738464,4.445573,5.570331333,1.124758333,5.007952167,2.128230727,1.746491058,-2.146814339,0.999997432,-0.593480496,-2.614772107,0.500920218,-0.87752873,-0.73809,0.120904,0.904074
229,MoZrCSe2,BA,bridge,1.45,2.16,0.74733,14,7.09243,0.7,2.55,1.262113612,4,11.260288,1.15,2.55,2.020604712,6,9.752392,1.55,1.33,0.433289,12,6.634126,-0.1,-0.3,-0.4,-0.016666667,0.39,1.22,0.39,1.22,0.83,3.5,3,0.15,0.451851852,0.181395349,0.542222222,0.826923077,0.833333333,1.5,1.745,0,2,0.805,0.5,5.2,6.863278,93.582,0.935483871,1.62406015,1.724784151,1.166666667,1.0690828,6,88,12,0.15167,0.78879,87,0.15208,0.77673,34,102,14,0.21954,0.54493,101,0.22068,0.53528,40,47,68,0.50364,0.23753,44,0.51595,0.22894,42,55,61,0.46178,0.25907,52,0.47342,0.24951,3.325463631,2.568048643,2.888392262,2.255110185,1.624289,0.762041,0.430672,-1.736829,-1.080174,5.550736,4.425785667,-1.124950333,4.988260833,2.994145413,1.852212666,-2.14874646,-0.594126669,1.014222131,-2.016207919,-0.397071304,0.978717681,-0.73809,0.120904,1.714326
141,MoVCS2,BA,x,1.45,2.16,0.74733,14,7.09243,0.7,2.55,1.262113612,4,11.260288,1,2.58,2.077104512,6,10.36001,1.35,1.63,0.527662,13,6.746187,0.1,-0.45,-0.35,0.017857143,0.39,0.92,0.42,0.95,0.53,4,2,0.171428571,0.404255319,0.181395349,0.448780488,0.945054945,0.900786309,1.4,1.895,1,1,0.685,0,5.4,6.9193085,73.44075,1.074074074,1.325153374,1.416304377,1.076923077,1.051324252,6,88,12,0.15167,0.78879,87,0.15208,0.77673,16,101,9,0.1781,0.67171,100,0.17899,0.65995,23,50,60,0.41533,0.28804,47,0.42558,0.27756,42,55,61,0.46178,0.25907,52,0.47342,0.24951,3.08399768,2.429696251,2.877536826,2.160863748,1.481393,0.647951,0.553046,-1.440171,-1.242219,5.306972667,5.047266333,-0.259706333,5.1771195,3.455397844,1.371695262,-1.928934326,-0.371068773,0.309110763,-2.406047563,-0.586655662,0.309220069,-0.616652,0.122082,1.346951
470,TaHfCBr2,AA,x,1.45,1.5,0.32312,11,7.549571,0.7,2.55,1.262113612,4,11.260288,1.15,2.96,3.3635883,7,11.81381,1.55,1.3,0.17807,10,6.82507,-0.1,-0.3,-0.4,-0.016666667,1.05,1.25,1.46,1.66,0.2,2.5,1,0.561538462,0.614814815,0.488372093,0.555555556,1.14981685,1.106666667,1.5,1.4,0,1,1.56,2.5,5.4,7.1873205,179.71894,0.935483871,1.153846154,1.814567305,1.1,1.106152904,6,88,12,0.15167,0.78879,87,0.15208,0.77673,35,108,10,0.19779,0.60484,108,0.1953,0.60484,72,48,71,0.57475,0.20815,45,0.58884,0.2006,73,52,69,0.54867,0.21804,49,0.56231,0.21007,3.441249629,2.767914256,3.557022177,2.234828689,1.995047,0.577975,0.623981,-1.696873,-1.500131,3.778707333,3.613172,-0.165535333,3.695939667,3.658136816,2.291367454,-4.081580625,0.451471056,1.051725638,-4.231521544,0.634224729,0.868129455,-1.000999,0.122666,2.212692
408,NbTiCF2,AA,m2,1.45,1.6,0.917407,13,6.75885,0.7,2.55,1.262113612,4,11.260288,0.5,3.98,3.401189824,7,17.42282,1.4,1.54,0.075545,12,6.82812,0.05,-0.95,-0.9,0.00877193,0.95,1.01,2.38,2.44,0.06,3,2,1.220512821,1.284210526,0.441860465,0.480952381,2.762213225,2.670140698,1.425,1.57,1,1,2.41,2,5.4,6.793485,70.38669,1.035714286,1.038961039,12.14384804,1.083333333,0.989855187,6,88,12,0.15167,0.78879,87,0.15208,0.77673,9,106,3,0.13207,0.90585,106,0.1304,0.90585,22,46,64,0.43051,0.27789,43,0.441,0.26786,41,51,65,0.48244,0.24797,48,0.49439,0.23893,3.094741538,2.279639349,2.936418332,2.159739466,1.86499,0.746847,0.755387,-1.726664,-1.64056,4.905183667,4.751838667,-0.153345,4.828511167,3.783923254,2.966960937,-5.631183156,0.980195915,1.215242507,-5.696352395,1.049766709,1.139769588,-1.976112,0.125032,2.193349
5,TiNbCF2,AA,m2,1.4,1.54,0.075545,12,6.82812,0.7,2.55,1.262113612,4,11.260288,0.5,3.98,3.401189824,7,17.42282,1.45,1.6,0.917407,13,6.75885,-0.05,-0.9,-0.95,-0.00877193,1.01,0.95,2.44,2.38,-0.06,3,2,1.284210526,1.220512821,0.480952381,0.441860465,2.670140698,2.762213225,1.425,1.57,1,1,2.41,2,5.4,6.793485,70.38669,0.965517241,0.9625,0.082346221,0.923076923,1.010248785,6,88,12,0.15167,0.78879,87,0.15208,0.77673,9,106,3,0.13207,0.90585,106,0.1304,0.90585,41,51,65,0.48244,0.24797,48,0.49439,0.23893,22,46,64,0.43051,0.27789,43,0.441,0.26786,3.094648886,2.178224849,2.93673986,2.090206997,1.866074,0.755786,0.738405,-1.638334,-1.721931,4.762093667,4.908689,0.146595333,4.835391333,3.44730158,2.8473787,-5.620603668,1.216673337,0.979504031,-5.657488468,1.211666587,0.971753516,-1.976112,0.125033,2.19959
544,TaHfCSe2,AA,bridge,1.45,1.5,0.32312,11,7.549571,0.7,2.55,1.262113612,4,11.260288,1.15,2.55,2.020604712,6,9.752392,1.55,1.3,0.17807,10,6.82507,-0.1,-0.3,-0.4,-0.016666667,1.05,1.25,1.05,1.25,0.2,2.5,1,0.403846154,0.462962963,0.488372093,0.555555556,0.826923077,0.833333333,1.5,1.4,0,1,1.15,1.5,5,7.1873205,179.71894,0.935483871,1.153846154,1.814567305,1.1,1.106152904,6,88,12,0.15167,0.78879,87,0.15208,0.77673,34,102,14,0.21954,0.54493,101,0.22068,0.53528,72,48,71,0.57475,0.20815,45,0.58884,0.2006,73,52,69,0.54867,0.21804,49,0.56231,0.21007,3.391197966,2.627967971,3.506519802,2.273733457,1.923598,0.711463,0.808942,-1.775867,-1.668136,5.618169,4.971694,-0.646475,5.2949315,2.015092432,1.783452518,-1.574092896,1.228736291,2.254001734,-1.670154787,1.124009015,2.155191188,-0.921515,0.125065,1.132322
524,TiNbCS2,AA,m1,1.4,1.54,0.075545,12,6.82812,0.7,2.55,1.262113612,4,11.260288,1,2.58,2.077104512,6,10.36001,1.45,1.6,0.917407,13,6.75885,-0.05,-0.4,-0.45,-0.00877193,1.01,0.95,1.04,0.98,-0.06,3,2,0.433333333,0.4,0.480952381,0.441860465,0.900990099,0.905263158,1.425,1.57,1,1,1.01,1,5,6.793485,70.38669,0.965517241,0.9625,0.082346221,0.923076923,1.010248785,6,88,12,0.15167,0.78879,87,0.15208,0.77673,16,101,9,0.1781,0.67171,100,0.17899,0.65995,41,51,65,0.48244,0.24797,48,0.49439,0.23893,22,46,64,0.43051,0.27789,43,0.441,0.26786,3.242606496,2.410181333,3.30565943,2.227208049,1.762119,0.787277,0.770324,-1.682209,-1.637511,5.517206,6.077802667,0.560596667,5.797504333,3.410957465,1.346806038,-1.981595653,1.488585538,0.28928366,-2.572588886,1.290715336,0.19844145,-0.981365,0.125456,0.248564
190,VTaNS2,AB,m1,1.35,1.63,0.527662,13,6.746187,0.65,3.04,-0.07,5,14.53413,1,2.58,2.077104512,6,10.36001,1.45,1.5,0.32312,11,7.549571,-0.1,-0.35,-0.45,-0.017857143,1.41,1.54,0.95,1.08,0.13,3,0,0.404255319,0.440816327,0.705,0.733333333,0.5734118,0.601113173,1.4,1.565,2,0,1.015,1,5.4,7.147879,115.94469,0.931034483,1.086666667,1.633021788,1.181818182,0.893585477,7,94,8,0.1473,0.81216,93,0.14784,0.79901,16,101,9,0.1781,0.67171,100,0.17899,0.65995,73,52,69,0.54867,0.21804,49,0.56231,0.21007,23,50,60,0.41533,0.28804,47,0.42558,0.27756,3.144086579,2.348029594,2.91063193,2.136346348,1.677514,0.693253,0.765574,-1.66966,-1.466682,5.336892,5.176894333,-0.159997667,5.256893167,3.255350765,1.348796687,-2.72166893,-0.083331188,0.384454384,-3.094871089,0.102270312,0.342011776,-0.980904,0.126207,0.609237
166,TaVNS2,BA,x,1.45,1.5,0.32312,11,7.549571,0.65,3.04,-0.07,5,14.53413,1,2.58,2.077104512,6,10.36001,1.35,1.63,0.527662,13,6.746187,0.1,-0.45,-0.35,0.017857143,1.54,1.41,1.08,0.95,-0.13,3,0,0.440816327,0.404255319,0.733333333,0.705,0.601113173,0.5734118,1.4,1.565,2,0,1.015,1,5.4,7.147879,115.94469,1.074074074,0.920245399,0.612361701,0.846153846,1.119087123,7,94,8,0.1473,0.81216,93,0.14784,0.79901,16,101,9,0.1781,0.67171,100,0.17899,0.65995,23,50,60,0.41533,0.28804,47,0.42558,0.27756,73,52,69,0.54867,0.21804,49,0.56231,0.21007,3.14422032,2.465797907,2.910637072,2.199454924,1.673262,0.681027,0.783751,-1.451952,-1.686089,5.198275,5.296934333,0.098659333,5.247604667,3.48180148,1.361970158,-2.721702047,0.386934221,-0.081730733,-3.243839344,0.101062549,0.049732319,-0.980905,0.126207,1.085067
390,TaMnCS2,AA,m1,1.45,1.5,0.32312,11,7.549571,0.7,2.55,1.262113612,4,11.260288,1,2.58,2.077104512,6,10.36001,1.4,1.55,-0.52,13,7.434038,0.05,-0.45,-0.4,0.00877193,1.05,1,1.08,1.03,-0.05,4,2,0.440816327,0.429166667,0.488372093,0.476190476,0.902623907,0.90125,1.425,1.525,2,2,1.055,0,5.6,7.4918045,117.9429625,1.035714286,0.967741935,-0.621384615,0.846153846,1.015541083,6,88,12,0.15167,0.78879,87,0.15208,0.77673,16,101,9,0.1781,0.67171,100,0.17899,0.65995,25,58,52,0.3851,0.31065,55,0.39497,0.29907,73,52,69,0.54867,0.21804,49,0.56231,0.21007,3.218190204,2.492071104,3.034233332,2.190404229,1.573137,0.80148,0.494649,-1.031472,-1.837794,5.666349667,5.383781333,-0.282568333,5.5250655,3.519849844,1.356052863,-2.054162689,0.982214924,-1.598326222,-2.652454486,0.542211098,0.155474688,-0.573297,0.126936,1.138599
38,NbHfCSe2,AA,bridge,1.45,1.6,0.917407,13,6.75885,0.7,2.55,1.262113612,4,11.260288,1.15,2.55,2.020604712,6,9.752392,1.55,1.3,0.17807,10,6.82507,-0.1,-0.3,-0.4,-0.016666667,0.95,1.25,0.95,1.25,0.3,3,2,0.365384615,0.462962963,0.441860465,0.555555556,0.826923077,0.833333333,1.5,1.45,1,1,1.1,1,5,6.79196,135.69819,0.935483871,1.230769231,5.151945864,1.3,0.990297535,6,88,12,0.15167,0.78879,87,0.15208,0.77673,34,102,14,0.21954,0.54493,101,0.22068,0.53528,72,48,71,0.57475,0.20815,45,0.58884,0.2006,41,51,65,0.48244,0.24797,48,0.49439,0.23893,3.39166076,2.628333584,3.528370067,2.287225901,1.86562,0.66843,0.801941,-1.780397,-1.555594,5.657072333,5.133376333,-0.523696,5.395224333,2.02412632,1.778764165,-1.607692175,1.058941646,2.03802456,-1.743637297,0.951737447,1.916467146,-0.915005,0.127324,0.989106
57,TaCrCCl2,AA,m2,1.45,1.5,0.32312,11,7.549571,0.7,2.55,1.262113612,4,11.260288,1,3.16,3.61272528,7,12.967633,1.4,1.66,0.6758412,12,6.76651,0.05,-0.45,-0.4,0.00877193,1.05,0.89,1.66,1.5,-0.16,4,2,0.67755102,0.625,0.488372093,0.423809524,1.387366375,1.474719101,1.425,1.58,2,1,1.58,1,5.8,7.1580405,116.47199,1.035714286,0.903614458,0.478100477,0.916666667,1.11572598,6,88,12,0.15167,0.78879,87,0.15208,0.77673,17,107,6,0.16265,0.73553,107,0.1606,0.73553,24,54,56,0.40019,0.29894,51,0.41024,0.28794,73,52,69,0.54867,0.21804,49,0.56231,0.21007,3.283736697,2.630220658,3.101429619,2.169604107,1.633901,0.641439,0.541304,-1.128074,-1.688572,4.864053333,3.424280333,-1.439773,4.144166833,4.310451357,3.128264599,-4.51480955,0.109145598,-0.987756176,-4.509648819,-0.034280226,0.081800926,-0.726488,0.128581,2.212117
167,VTiCF2,AA,m2,1.35,1.63,0.527662,13,6.746187,0.7,2.55,1.262113612,4,11.260288,0.5,3.98,3.401189824,7,17.42282,1.4,1.54,0.075545,12,6.82812,-0.05,-0.85,-0.9,-0.009090909,0.92,1.01,2.35,2.44,0.09,2.5,1,1.27027027,1.284210526,0.448780488,0.480952381,2.830493537,2.670140698,1.375,1.585,0,1,2.395,2.5,5.4,6.7871535,49.40425,0.964285714,1.058441558,6.984737574,1.083333333,0.98800065,6,88,12,0.15167,0.78879,87,0.15208,0.77673,9,106,3,0.13207,0.90585,106,0.1304,0.90585,22,46,64,0.43051,0.27789,43,0.441,0.26786,23,50,60,0.41533,0.28804,47,0.42558,0.27756,3.011121584,2.153008439,2.890336947,2.025268052,1.790906,0.724682,0.746771,-1.697762,-1.564595,4.904196333,5.466630667,0.562434333,5.1854135,1.615076858,2.019729036,-5.481721931,0.338622005,1.2973076,-5.5135968,0.373337063,1.278509685,-1.954377,0.128703,2.247741
43,YHfCCl2,AA,m2,1.8,1.22,0.30712,11,6.21726,0.7,2.55,1.262113612,4,11.260288,1,3.16,3.61272528,7,12.967633,1.55,1.3,0.17807,10,6.82507,0.25,-0.8,-0.55,0.037313433,1.33,1.25,1.94,1.86,-0.08,1.5,1,0.692857143,0.729411765,0.532,0.555555556,1.30236305,1.312941176,1.675,1.26,1,1,1.9,3.5,5,6.521165,133.697925,1.161290323,0.938461538,1.724715,1.1,0.910944503,6,88,12,0.15167,0.78879,87,0.15208,0.77673,17,107,6,0.16265,0.73553,107,0.1606,0.73553,72,48,71,0.57475,0.20815,45,0.58884,0.2006,39,15,108,0.74258,0.1611,12,0.76224,0.15497,3.505625121,2.722230523,3.476680465,2.512602383,2.12858,0.727332,0.704176,-1.862242,-1.697846,4.060289333,4.858069667,0.797780333,4.4591795,4.375439896,3.258826923,-4.180342807,2.231357148,1.53186425,-4.199156281,2.195025177,1.495805592,-1.50772,0.129514,2.171223
347,CrTiCS2,BA,x,1.4,1.66,0.6758412,12,6.76651,0.7,2.55,1.262113612,4,11.260288,1,2.58,2.077104512,6,10.36001,1.4,1.54,0.075545,12,6.82812,0,-0.4,-0.4,0,0.89,1.01,0.92,1.04,0.12,3.5,3,0.383333333,0.433333333,0.423809524,0.480952381,0.904494382,0.900990099,1.4,1.6,0,2,0.98,0.5,5.2,6.797315,49.93155,1,1.077922078,8.946206897,1,0.990977019,6,88,12,0.15167,0.78879,87,0.15208,0.77673,16,101,9,0.1781,0.67171,100,0.17899,0.65995,22,46,64,0.43051,0.27789,43,0.441,0.26786,24,54,56,0.40019,0.29894,51,0.41024,0.28794,3.063938838,2.307675246,2.584002049,2.084175203,1.507042,0.507322,0.732374,-1.608335,-1.138403,5.971508,5.203339667,-0.768168333,5.587423833,3.219875707,1.369609026,-2.115116928,-0.411734787,1.355453854,-2.74062171,-0.537376828,1.007118991,-0.7192,0.129813,1.163813
289,HfZrCSe2,AA,bridge,1.55,1.3,0.17807,10,6.82507,0.7,2.55,1.262113612,4,11.260288,1.15,2.55,2.020604712,6,9.752392,1.55,1.33,0.433289,12,6.634126,0,-0.4,-0.4,0,1.25,1.22,1.25,1.22,-0.03,2,0,0.462962963,0.451851852,0.555555556,0.542222222,0.833333333,0.833333333,1.55,1.315,1,0,1.235,2,4.8,6.729598,134.857,1,0.977443609,0.410972815,0.833333333,1.028782088,6,88,12,0.15167,0.78879,87,0.15208,0.77673,34,102,14,0.21954,0.54493,101,0.22068,0.53528,40,47,68,0.50364,0.23753,44,0.51595,0.22894,72,48,71,0.57475,0.20815,45,0.58884,0.2006,3.472649588,2.665199074,3.632361584,2.374881262,1.97793,0.822814,0.811705,-1.792261,-1.820188,5.736833333,5.708794667,-0.028038667,5.722814,2.126353144,1.782753622,-1.345293114,2.372585541,2.40213821,-1.578945758,2.104692808,2.219555629,-1.066222,0.129899,0.430694
201,WMoNO2,BB,x,1.35,2.36,0.816268,14,7.86403,0.65,3.04,-0.07,5,14.53413,0.6,3.44,1.4611053,6,13.618055,1.45,2.16,0.74733,14,7.09243,-0.1,-0.75,-0.85,-0.017857143,0.68,0.88,1.08,1.28,0.2,4.5,1,0.553846154,0.624390244,0.34,0.419047619,1.628959276,1.490022173,1.4,2.26,1,0,1.18,0.5,5.8,7.47823,139.89,0.931034483,1.092592593,1.092245728,1,1.10879205,7,94,8,0.1473,0.81216,93,0.14784,0.79901,8,100,5,0.14058,0.85098,99,0.14125,0.83626,42,55,61,0.46178,0.25907,52,0.47342,0.24951,74,56,66,0.52343,0.22855,53,0.5367,0.22009,2.877186257,2.056619227,2.596245284,2.161942533,1.438666,0.943089,0.971752,-1.604834,-1.748675,5.657945667,5.328372667,-0.329573,5.493159167,2.959034903,0.990447642,-3.808410988,-0.612318301,-1.021174911,-4.214492693,-0.590084274,-1.012106655,-1.159802,0.130676,1.570958
328,NbHfCS2,AA,m1,1.45,1.6,0.917407,13,6.75885,0.7,2.55,1.262113612,4,11.260288,1,2.58,2.077104512,6,10.36001,1.55,1.3,0.17807,10,6.82507,-0.1,-0.45,-0.55,-0.016666667,0.95,1.25,0.98,1.28,0.3,3,2,0.4,0.501960784,0.441860465,0.555555556,0.905263158,0.903529412,1.5,1.45,1,1,1.13,1,5,6.79196,135.69819,0.935483871,1.230769231,5.151945864,1.3,0.990297535,6,88,12,0.15167,0.78879,87,0.15208,0.77673,16,101,9,0.1781,0.67171,100,0.17899,0.65995,72,48,71,0.57475,0.20815,45,0.58884,0.2006,41,51,65,0.48244,0.24797,48,0.49439,0.23893,3.342826921,2.500701712,3.398582939,2.276452183,1.85272,0.804098,0.922798,-1.877408,-1.702208,6.084272,5.604179,-0.480093,5.8442255,3.497318393,1.356211598,-1.676347293,1.077548677,2.194331672,-2.162325192,0.904416658,1.993149832,-1.049908,0.13071,0.775681
81,HfZrNSe2,AA,bridge,1.55,1.3,0.17807,10,6.82507,0.65,3.04,-0.07,5,14.53413,1.15,2.55,2.020604712,6,9.752392,1.55,1.33,0.433289,12,6.634126,0,-0.4,-0.4,0,1.74,1.71,1.25,1.22,-0.03,2,0,0.462962963,0.451851852,0.790909091,0.777272727,0.58535547,0.581329868,1.55,1.315,1,0,1.235,2,5,6.729598,134.857,1,0.977443609,0.410972815,0.833333333,1.028782088,7,94,8,0.1473,0.81216,93,0.14784,0.79901,34,102,14,0.21954,0.54493,101,0.22068,0.53528,40,47,68,0.50364,0.23753,44,0.51595,0.22894,72,48,71,0.57475,0.20815,45,0.58884,0.2006,3.459254855,2.642702434,3.552196533,2.333561347,1.847837,0.871993,0.861286,-1.753554,-1.827563,5.392945,5.332157,-0.060788,5.362551,2.105170105,1.778998047,-1.864515798,1.761231063,1.794908234,-2.018014833,1.585832748,1.745845806,-1.395551,0.132676,0.793162
102,TaZrCSe2,AA,bridge,1.45,1.5,0.32312,11,7.549571,0.7,2.55,1.262113612,4,11.260288,1.15,2.55,2.020604712,6,9.752392,1.55,1.33,0.433289,12,6.634126,-0.1,-0.3,-0.4,-0.016666667,1.05,1.22,1.05,1.22,0.17,2.5,1,0.403846154,0.451851852,0.488372093,0.542222222,0.826923077,0.833333333,1.5,1.415,1,1,1.135,1.5,5,7.0918485,136.08594,0.935483871,1.127819549,0.745737833,0.916666667,1.137990294,6,88,12,0.15167,0.78879,87,0.15208,0.77673,34,102,14,0.21954,0.54493,101,0.22068,0.53528,40,47,68,0.50364,0.23753,44,0.51595,0.22894,73,52,69,0.54867,0.21804,49,0.56231,0.21007,3.40732386,2.633187776,3.48925918,2.26940563,1.908161,0.712012,0.795184,-1.736894,-1.678462,5.707043,5.018685333,-0.688357667,5.362864167,2.021040211,1.787399343,-1.739422436,1.089029582,1.976933703,-1.866635951,0.939303543,1.915871101,-0.915704,0.135817,1.102453
416,ZrScCF2,AA,m2,1.55,1.33,0.433289,12,6.634126,0.7,2.55,1.262113612,4,11.260288,0.5,3.98,3.401189824,7,17.42282,1.6,1.36,0.1882,11,6.56149,-0.05,-1.05,-1.1,-0.007936508,1.22,1.19,2.65,2.62,-0.03,1.5,1,1.292682927,1.247619048,0.542222222,0.517391304,2.384046381,2.411364546,1.575,1.345,1,1,2.635,3.5,5,6.597808,68.089956,0.96875,0.977941176,2.30227949,1.090909091,1.011070047,6,88,12,0.15167,0.78879,87,0.15208,0.77673,9,106,3,0.13207,0.90585,106,0.1304,0.90585,21,14,105,0.6303,0.1898,11,0.64709,0.18255,40,47,68,0.50364,0.23753,44,0.51595,0.22894,3.261400048,2.308043806,3.109590314,2.252418154,2.063893,0.792976,0.798153,-1.754805,-1.900214,4.287534333,3.822847333,-0.464687,4.055190833,3.463076819,2.852610907,-6.089166809,0.917525329,1.975844084,-6.101744738,0.895318397,1.960808641,-2.339605,0.137323,2.198129
231,HfVCBr2,AA,bridge,1.55,1.3,0.17807,10,6.82507,0.7,2.55,1.262113612,4,11.260288,1.15,2.96,3.3635883,7,11.81381,1.35,1.63,0.527662,13,6.746187,0.2,-0.4,-0.2,0.034482759,1.25,0.92,1.66,1.33,-0.33,2.5,1,0.614814815,0.532,0.555555556,0.448780488,1.106666667,1.185434783,1.45,1.465,2,1,1.495,2.5,5.4,6.7856285,114.71575,1.148148148,0.797546012,0.33746982,0.769230769,1.011692976,6,88,12,0.15167,0.78879,87,0.15208,0.77673,35,108,10,0.19779,0.60484,108,0.1953,0.60484,23,50,60,0.41533,0.28804,47,0.42558,0.27756,72,48,71,0.57475,0.20815,45,0.58884,0.2006,3.376465884,2.774823197,3.347645055,2.25443837,1.902415,0.618036,0.523764,-1.308527,-1.735686,4.423759667,3.850832333,-0.572927333,4.137296,4.907883474,3.160571979,-3.905726489,0.832737467,0.19933695,-4.005582278,0.699138429,0.192123057,-0.9479,0.138683,2.169574
592,VHfCBr2,AA,bridge,1.35,1.63,0.527662,13,6.746187,0.7,2.55,1.262113612,4,11.260288,1.15,2.96,3.3635883,7,11.81381,1.55,1.3,0.17807,10,6.82507,-0.2,-0.2,-0.4,-0.034482759,0.92,1.25,1.33,1.66,0.33,2.5,1,0.532,0.614814815,0.448780488,0.555555556,1.185434783,1.106666667,1.45,1.465,2,1,1.495,2.5,5.4,6.7856285,114.71575,0.870967742,1.253846154,2.963227944,1.3,0.98844217,6,88,12,0.15167,0.78879,87,0.15208,0.77673,35,108,10,0.19779,0.60484,108,0.1953,0.60484,72,48,71,0.57475,0.20815,45,0.58884,0.2006,23,50,60,0.41533,0.28804,47,0.42558,0.27756,3.376734656,2.633239493,3.347470875,2.169182842,1.902484,0.523131,0.617172,-1.732384,-1.310403,3.862966333,4.433285,0.570318667,4.148125667,2.546690705,1.69407467,-3.903185242,0.198189757,0.801086543,-4.537850215,0.405414401,0.156832415,-0.947898,0.138685,1.890735
135,ZrNbCS2,AA,m1,1.55,1.33,0.433289,12,6.634126,0.7,2.55,1.262113612,4,11.260288,1,2.58,2.077104512,6,10.36001,1.45,1.6,0.917407,13,6.75885,0.1,-0.55,-0.45,0.016666667,1.22,0.95,1.25,0.98,-0.27,3,2,0.490196078,0.4,0.542222222,0.441860465,0.904050145,0.905263158,1.5,1.465,0,1,1.115,1,5,6.696488,92.06519,1.068965517,0.83125,0.472297464,0.923076923,0.981546565,6,88,12,0.15167,0.78879,87,0.15208,0.77673,16,101,9,0.1781,0.67171,100,0.17899,0.65995,41,51,65,0.48244,0.24797,48,0.49439,0.23893,40,47,68,0.50364,0.23753,44,0.51595,0.22894,3.360727748,2.529160497,3.383296368,2.370382333,1.841827,0.919692,0.796949,-1.703956,-1.854512,5.644911,6.184204667,0.539293667,5.914557833,3.574758271,1.346239783,-1.764609026,1.718662088,0.902727051,-2.373465223,1.492765461,0.693610444,-1.024359,0.139346,0.30176
424,HfWCS2,AB,m1,1.55,1.3,0.17807,10,6.82507,0.7,2.55,1.262113612,4,11.260288,1,2.58,2.077104512,6,10.36001,1.35,2.36,0.816268,14,7.86403,0.2,-0.55,-0.35,0.034482759,1.25,0.19,1.28,0.22,-1.06,3,2,0.501960784,0.093617021,0.555555556,0.092682927,0.903529412,1.010078387,1.45,1.83,0,2,0.75,1,5.2,7.34455,181.165,1.148148148,0.550847458,0.218151391,0.714285714,0.867884532,6,88,12,0.15167,0.78879,87,0.15208,0.77673,16,101,9,0.1781,0.67171,100,0.17899,0.65995,74,56,66,0.52343,0.22855,53,0.5367,0.22009,72,48,71,0.57475,0.20815,45,0.58884,0.2006,3.252984012,2.490244845,2.793391328,2.30098198,1.705639,0.90043,0.665163,-1.390131,-1.8811,4.807315333,5.761997333,0.954682,5.284656333,3.559120228,1.363625202,-2.305684337,1.456988101,-0.23992671,-3.236831016,0.686603674,-0.692783004,-0.863031,0.141495,1.30404
48,ZrVCBr2,AA,m2,1.55,1.33,0.433289,12,6.634126,0.7,2.55,1.262113612,4,11.260288,1.15,2.96,3.3635883,7,11.81381,1.35,1.63,0.527662,13,6.746187,0.2,-0.4,-0.2,0.034482759,1.22,0.92,1.63,1.33,-0.3,2.5,1,0.603703704,0.532,0.542222222,0.448780488,1.113387978,1.185434783,1.45,1.48,1,1,1.48,2.5,5.4,6.6901565,71.08275,1.148148148,0.81595092,0.821148766,0.923076923,0.983388987,6,88,12,0.15167,0.78879,87,0.15208,0.77673,35,108,10,0.19779,0.60484,108,0.1953,0.60484,23,50,60,0.41533,0.28804,47,0.42558,0.27756,40,47,68,0.50364,0.23753,44,0.51595,0.22894,3.390365919,2.791118785,3.326968611,2.292402991,1.872029,0.622644,0.52441,-1.319594,-1.699489,4.477166,4.135359667,-0.341806333,4.306262833,4.505500706,3.187579648,-3.313780733,1.8106452,0.276969938,-3.373667001,1.800295267,0.273327534,-0.963586,0.142146,2.170086
441,Nb2NCl2,AA,x,1.45,1.6,0.917407,13,6.75885,0.65,3.04,-0.07,5,14.53413,1,3.16,3.61272528,7,12.967633,1.45,1.6,0.917407,13,6.75885,0,-0.45,-0.45,0,1.44,1.44,1.56,1.56,0,4,0,0.636734694,0.636734694,0.685714286,0.685714286,0.928571429,0.928571429,1.45,1.6,0,0,1.56,1,5.8,6.75885,92.90638,1,1,1,1,1,7,94,8,0.1473,0.81216,93,0.14784,0.79901,17,107,6,0.16265,0.73553,107,0.1606,0.73553,41,51,65,0.48244,0.24797,48,0.49439,0.23893,41,51,65,0.48244,0.24797,48,0.49439,0.23893,3.400076696,2.661901301,3.380878889,2.182913124,1.608394,0.64014,0.635541,-1.434481,-1.449594,4.121597,4.121260333,-0.000336667,4.121428667,4.731615657,3.220393374,-4.292043843,0.288776437,0.288776437,-4.446589353,0.541862698,0.541862698,-1.097828,0.143604,2.171925
454,MnCrCSe2,AA,bridge,1.4,1.55,-0.52,13,7.434038,0.7,2.55,1.262113612,4,11.260288,1.15,2.55,2.020604712,6,9.752392,1.4,1.66,0.6758412,12,6.76651,0,-0.25,-0.25,0,1,0.89,1,0.89,-0.11,5,0,0.392156863,0.349019608,0.476190476,0.423809524,0.823529412,0.823529412,1.4,1.605,0,1,0.945,1,5.8,7.100274,53.4670725,1,0.93373494,-0.769411513,1.083333333,1.098651742,6,88,12,0.15167,0.78879,87,0.15208,0.77673,34,102,14,0.21954,0.54493,101,0.22068,0.53528,24,54,56,0.40019,0.29894,51,0.41024,0.28794,25,58,52,0.3851,0.31065,55,0.39497,0.29907,3.145318997,2.467340101,3.186632922,2.048607888,1.313796,0.340935,0.388819,-1.111987,-0.931563,5.017004,4.871856333,-0.145147667,4.944430167,2.526021683,1.702117838,-2.025933579,-1.537290166,0.574709505,-2.207795627,-0.011258502,0.521307435,-0.217926,0.143688,1.216066
76,WMoCSe2,BB,bridge,1.35,2.36,0.816268,14,7.86403,0.7,2.55,1.262113612,4,11.260288,1.15,2.55,2.020604712,6,9.752392,1.45,2.16,0.74733,14,7.09243,-0.1,-0.2,-0.3,-0.017857143,0.19,0.39,0.19,0.39,0.2,4.5,1,0.076,0.15,0.092682927,0.181395349,0.82,0.826923077,1.4,2.26,1,0,0.29,0.5,5.6,7.47823,139.89,0.931034483,1.092592593,1.092245728,1,1.10879205,6,88,12,0.15167,0.78879,87,0.15208,0.77673,34,102,14,0.21954,0.54493,101,0.22068,0.53528,42,55,61,0.46178,0.25907,52,0.47342,0.24951,74,56,66,0.52343,0.22855,53,0.5367,0.22009,3.146753425,2.542609073,3.038445356,2.210734827,1.444144,0.415005,0.46261,-1.091034,-1.230726,4.348014333,4.318812333,-0.029202,4.333413333,2.994938067,1.824089157,-2.180616929,0.145750327,-0.334367539,-2.314885865,0.036340504,-0.396844332,-0.27651,0.144524,1.760673
367,Cr2CS2,BB,x,1.4,1.66,0.6758412,12,6.76651,0.7,2.55,1.262113612,4,11.260288,1,2.58,2.077104512,6,10.36001,1.4,1.66,0.6758412,12,6.76651,0,-0.4,-0.4,0,0.89,0.89,0.92,0.92,0,5,0,0.383333333,0.383333333,0.423809524,0.423809524,0.904494382,0.904494382,1.4,1.66,0,0,0.92,1,5.6,6.76651,51.9961,1,1,1,1,1,6,88,12,0.15167,0.78879,87,0.15208,0.77673,16,101,9,0.1781,0.67171,100,0.17899,0.65995,24,54,56,0.40019,0.29894,51,0.41024,0.28794,24,54,56,0.40019,0.29894,51,0.41024,0.28794,2.929768203,2.279212936,2.687283118,2.050862843,1.277544,0.488079,0.480757,-1.122326,-1.124054,5.190568,5.19016,-0.000408,5.190364,3.204191185,1.36735542,-2.280351738,-0.233732958,-0.233732958,-2.858202603,-0.581845526,-0.581845526,-0.340012,0.145871,1.125469
277,WCrCSe2,BA,bridge,1.35,2.36,0.816268,14,7.86403,0.7,2.55,1.262113612,4,11.260288,1.15,2.55,2.020604712,6,9.752392,1.4,1.66,0.6758412,12,6.76651,-0.05,-0.2,-0.25,-0.009090909,0.19,0.89,0.19,0.89,0.7,4.5,1,0.076,0.349019608,0.092682927,0.423809524,0.82,0.823529412,1.375,2.01,2,0,0.54,0.5,5.6,7.31527,117.91805,0.964285714,1.421686747,1.207780763,1.166666667,1.162198829,6,88,12,0.15167,0.78879,87,0.15208,0.77673,34,102,14,0.21954,0.54493,101,0.22068,0.53528,24,54,56,0.40019,0.29894,51,0.41024,0.28794,74,56,66,0.52343,0.22855,53,0.5367,0.22009,3.184787099,2.563526725,2.971423651,2.187593604,1.486812,0.422972,0.474582,-1.113538,-1.270828,5.083926,4.388726333,-0.695199667,4.736326167,3.03510736,1.831413764,-2.468673876,-0.690501936,-0.913345514,-2.515804321,-0.590790371,0.721099731,-0.23984,0.145906,0.51747
323,MnHfNSe2,AA,m1,1.4,1.55,-0.52,13,7.434038,0.65,3.04,-0.07,5,14.53413,1.15,2.55,2.020604712,6,9.752392,1.55,1.3,0.17807,10,6.82507,-0.15,-0.25,-0.4,-0.025423729,1.49,1.74,1,1.25,0.25,3.5,3,0.392156863,0.462962963,0.726829268,0.790909091,0.539544677,0.58535547,1.475,1.425,2,3,1.125,0.5,5.6,7.129554,116.7140225,0.903225806,1.192307692,-2.920199921,1.3,1.089225165,7,94,8,0.1473,0.81216,93,0.14784,0.79901,34,102,14,0.21954,0.54493,101,0.22068,0.53528,72,48,71,0.57475,0.20815,45,0.58884,0.2006,25,58,52,0.3851,0.31065,55,0.39497,0.29907,3.322426372,2.433810632,3.133450097,2.153917468,1.564853,0.375217,0.737408,-1.841805,-0.835673,5.392763667,5.169923,-0.222840667,5.281343333,3.422945666,1.504042464,-2.034927293,-1.747683093,1.553350671,-2.320895841,0.282934757,1.275160854,-0.739394,0.146376,1.203934
426,ZrYNBr2,BA,m2,1.55,1.33,0.433289,12,6.634126,0.65,3.04,-0.07,5,14.53413,1.15,2.96,3.3635883,7,11.81381,1.8,1.22,0.30712,11,6.21726,-0.25,-0.4,-0.65,-0.037313433,1.71,1.82,1.63,1.74,0.11,1.5,1,0.603703704,0.589830508,0.777272727,0.742857143,0.776694823,0.794002608,1.675,1.275,0,1,1.685,3.5,5.2,6.425693,90.064925,0.861111111,1.090163934,1.410813363,1.090909091,1.067049794,7,94,8,0.1473,0.81216,93,0.14784,0.79901,35,108,10,0.19779,0.60484,108,0.1953,0.60484,39,15,108,0.74258,0.1611,12,0.76224,0.15497,40,47,68,0.50364,0.23753,44,0.51595,0.22894,3.515286739,2.78003215,3.171914021,2.395238528,1.901235,0.617872,0.674642,-1.715821,-1.477928,3.647374333,3.098926333,-0.548448,3.373150333,4.353840321,3.190043634,-4.672123053,0.728740995,0.312894168,-4.658384894,0.734580951,0.265278372,-1.657298,0.147995,2.188388
91,NbVNCl2,AA,x,1.45,1.6,0.917407,13,6.75885,0.65,3.04,-0.07,5,14.53413,1,3.16,3.61272528,7,12.967633,1.35,1.63,0.527662,13,6.746187,0.1,-0.45,-0.35,0.017857143,1.44,1.41,1.56,1.53,-0.03,3.5,1,0.636734694,0.65106383,0.685714286,0.705,0.928571429,0.923494794,1.4,1.615,1,0,1.545,1.5,5.8,6.7525185,71.92394,1.074074074,0.981595092,1.738626242,1,1.00187706,7,94,8,0.1473,0.81216,93,0.14784,0.79901,17,107,6,0.16265,0.73553,107,0.1606,0.73553,23,50,60,0.41533,0.28804,47,0.42558,0.27756,41,51,65,0.48244,0.24797,48,0.49439,0.23893,3.299087512,2.630070439,3.11515545,2.172046217,1.588406,0.620308,0.58506,-1.308496,-1.485279,4.866259,3.944669667,-0.921589333,4.405464333,4.602464515,3.06651179,-4.144824601,0.342741714,-0.224814575,-4.190551408,0.38207211,0.72935196,-1.096759,0.149717,2.187775
286,Nb2NO2,BB,x,1.45,1.6,0.917407,13,6.75885,0.65,3.04,-0.07,5,14.53413,0.6,3.44,1.4611053,6,13.618055,1.45,1.6,0.917407,13,6.75885,0,-0.85,-0.85,0,1.44,1.44,1.84,1.84,0,4,0,0.897560976,0.897560976,0.685714286,0.685714286,1.308943089,1.308943089,1.45,1.6,0,0,1.84,0,5.4,6.75885,92.90638,1,1,1,1,1,7,94,8,0.1473,0.81216,93,0.14784,0.79901,8,100,5,0.14058,0.85098,99,0.14125,0.83626,41,51,65,0.48244,0.24797,48,0.49439,0.23893,41,51,65,0.48244,0.24797,48,0.49439,0.23893,2.991263826,2.072579821,2.535039419,2.216373669,1.606296,1.07193,1.074408,-1.866152,-1.886482,6.454251667,6.454105333,-0.000146333,6.4541785,2.88225496,0.973467468,-2.464449316,1.45146596,1.45146596,-3.094286144,1.352981696,1.352981696,-1.876642,0.151216,-0.035871
315,V2NBr2,AA,x,1.35,1.63,0.527662,13,6.746187,0.65,3.04,-0.07,5,14.53413,1.15,2.96,3.3635883,7,11.81381,1.35,1.63,0.527662,13,6.746187,0,-0.2,-0.2,0,1.41,1.41,1.33,1.33,0,3,0,0.532,0.532,0.705,0.705,0.754609929,0.754609929,1.35,1.63,0,0,1.33,2,5.8,6.746187,50.9415,1,1,1,1,1,7,94,8,0.1473,0.81216,93,0.14784,0.79901,35,108,10,0.19779,0.60484,108,0.1953,0.60484,23,50,60,0.41533,0.28804,47,0.42558,0.27756,23,50,60,0.41533,0.28804,47,0.42558,0.27756,3.283412484,2.646688979,3.293725178,2.076123441,1.557374,0.499066,0.502885,-1.284718,-1.274608,4.178135667,4.177675,-0.000460667,4.177905333,3.018621649,1.924525111,-3.611199911,-0.083171898,-0.083171898,-4.008505563,0.984513254,0.984513254,-0.872927,0.153928,2.022133
211,TaTiNCl2,AA,x,1.45,1.5,0.32312,11,7.549571,0.65,3.04,-0.07,5,14.53413,1,3.16,3.61272528,7,12.967633,1.4,1.54,0.075545,12,6.82812,0.05,-0.45,-0.4,0.00877193,1.54,1.5,1.66,1.62,-0.04,2.5,1,0.67755102,0.675,0.733333333,0.731707317,0.92393321,0.9225,1.425,1.52,2,1,1.64,2.5,5.6,7.1888455,114.40744,1.035714286,0.974025974,4.277185783,0.916666667,1.105658805,7,94,8,0.1473,0.81216,93,0.14784,0.79901,17,107,6,0.16265,0.73553,107,0.1606,0.73553,22,46,64,0.43051,0.27789,43,0.441,0.26786,73,52,69,0.54867,0.21804,49,0.56231,0.21007,3.307186826,2.63671267,3.274622891,2.153847981,1.749577,0.631138,0.641408,-1.490084,-1.532039,4.353766333,3.498448,-0.855318333,3.926107167,3.628440739,2.319851908,-4.930047185,-0.48083191,0.51010668,-4.904218587,-0.322303876,0.497056894,-1.293082,0.154906,2.356802
471,TiTaNCl2,AA,x,1.4,1.54,0.075545,12,6.82812,0.65,3.04,-0.07,5,14.53413,1,3.16,3.61272528,7,12.967633,1.45,1.5,0.32312,11,7.549571,-0.05,-0.4,-0.45,-0.00877193,1.5,1.54,1.62,1.66,0.04,2.5,1,0.675,0.67755102,0.731707317,0.733333333,0.9225,0.92393321,1.425,1.52,2,1,1.64,2.5,5.6,7.1888455,114.40744,0.965517241,1.026666667,0.233798589,1.090909091,0.904438146,7,94,8,0.1473,0.81216,93,0.14784,0.79901,17,107,6,0.16265,0.73553,107,0.1606,0.73553,73,52,69,0.54867,0.21804,49,0.56231,0.21007,22,46,64,0.43051,0.27789,43,0.441,0.26786,3.307097958,2.547504456,3.274887969,2.143535265,1.740296,0.639238,0.668953,-1.559872,-1.488615,3.513712333,4.368792333,0.85508,3.941252333,4.625135383,3.173278949,-4.947117039,0.511394226,-0.496021481,-5.118020042,0.688249405,-0.629634946,-1.293082,0.154907,2.177923
274,ScTiCF2,AA,x,1.6,1.36,0.1882,11,6.56149,0.7,2.55,1.262113612,4,11.260288,0.5,3.98,3.401189824,7,17.42282,1.4,1.54,0.075545,12,6.82812,0.2,-1.1,-0.9,0.033333333,1.19,1.01,2.62,2.44,-0.18,1.5,1,1.247619048,1.284210526,0.517391304,0.480952381,2.411364546,2.670140698,1.5,1.45,0,1,2.53,3.5,5,6.694805,46.411456,1.142857143,0.883116883,2.491230392,0.916666667,0.960951184,6,88,12,0.15167,0.78879,87,0.15208,0.77673,9,106,3,0.13207,0.90585,106,0.1304,0.90585,22,46,64,0.43051,0.27789,43,0.441,0.26786,21,14,105,0.6303,0.1898,11,0.64709,0.18255,3.141650334,2.18223652,2.954655513,2.25052679,1.932109,0.784776,0.767137,-1.75647,-1.727551,4.650691,4.518089667,-0.132601333,4.584390333,3.93508999,2.911092789,-5.847342034,1.769556416,0.846423132,-5.850948126,1.735527063,0.815007712,-2.303508,0.155462,2.200078
329,TiScCF2,AA,bridge,1.4,1.54,0.075545,12,6.82812,0.7,2.55,1.262113612,4,11.260288,0.5,3.98,3.401189824,7,17.42282,1.6,1.36,0.1882,11,6.56149,-0.2,-0.9,-1.1,-0.033333333,1.01,1.19,2.44,2.62,0.18,1.5,1,1.284210526,1.247619048,0.480952381,0.517391304,2.670140698,2.411364546,1.5,1.45,0,1,2.53,3.5,5,6.694805,46.411456,0.875,1.132352941,0.401408077,1.090909091,1.040635587,6,88,12,0.15167,0.78879,87,0.15208,0.77673,9,106,3,0.13207,0.90585,106,0.1304,0.90585,21,14,105,0.6303,0.1898,11,0.64709,0.18255,22,46,64,0.43051,0.27789,43,0.441,0.26786,3.141605316,2.186689281,2.954560935,2.12697805,1.936005,0.767789,0.784477,-1.733142,-1.755131,4.523247667,4.652669667,0.129422,4.587958667,1.70398996,2.137735313,-5.847414257,0.850393368,1.780348511,-5.813396569,0.849151706,1.729857095,-2.303502,0.155468,2.013045
36,NbCrCBr2,AA,x,1.45,1.6,0.917407,13,6.75885,0.7,2.55,1.262113612,4,11.260288,1.15,2.96,3.3635883,7,11.81381,1.4,1.66,0.6758412,12,6.76651,0.05,-0.3,-0.25,0.00877193,0.95,0.89,1.36,1.3,-0.06,4.5,1,0.523076923,0.509803922,0.441860465,0.423809524,1.183805668,1.20290813,1.425,1.63,1,1,1.33,0.5,5.8,6.76268,72.45124,1.035714286,0.963855422,1.357429822,1.083333333,0.998867954,6,88,12,0.15167,0.78879,87,0.15208,0.77673,35,108,10,0.19779,0.60484,108,0.1953,0.60484,24,54,56,0.40019,0.29894,51,0.41024,0.28794,41,51,65,0.48244,0.24797,48,0.49439,0.23893,3.352225548,2.752858566,3.224988983,2.204430876,1.580602,0.556294,0.464312,-1.077047,-1.524163,4.459102,3.616921667,-0.842180333,4.038011833,3.731125513,2.310723954,-3.366197369,0.527567347,-0.836260424,-3.33331385,0.616692841,0.448022322,-0.570699,0.156173,2.232142
8,WZrCS2,BA,x,1.35,2.36,0.816268,14,7.86403,0.7,2.55,1.262113612,4,11.260288,1,2.58,2.077104512,6,10.36001,1.55,1.33,0.433289,12,6.634126,-0.2,-0.35,-0.55,-0.034482759,0.19,1.22,0.22,1.25,1.03,3,2,0.093617021,0.490196078,0.092682927,0.542222222,1.010078387,0.904050145,1.45,1.845,1,2,0.735,1,5.2,7.249078,137.532,0.870967742,1.77443609,1.883888121,1.166666667,1.18539051,6,88,12,0.15167,0.78879,87,0.15208,0.77673,16,101,9,0.1781,0.67171,100,0.17899,0.65995,40,47,68,0.50364,0.23753,44,0.51595,0.22894,74,56,66,0.52343,0.22855,53,0.5367,0.22009,3.268848618,2.457932399,2.769383653,2.233624056,1.681707,0.89261,0.643441,-1.845771,-1.371987,5.912011333,4.887072667,-1.024938667,5.399542,3.46686368,1.389398296,-2.345729892,-0.282231312,1.039880926,-3.040999726,-0.778208285,0.441146686,-0.83132,0.156293,1.77335
45,YHfCBr2,AA,bridge,1.8,1.22,0.30712,11,6.21726,0.7,2.55,1.262113612,4,11.260288,1.15,2.96,3.3635883,7,11.81381,1.55,1.3,0.17807,10,6.82507,0.25,-0.65,-0.4,0.037313433,1.33,1.25,1.74,1.66,-0.08,1.5,1,0.589830508,0.614814815,0.532,0.555555556,1.108703963,1.106666667,1.675,1.26,1,1,1.7,3.5,5,6.521165,133.697925,1.161290323,0.938461538,1.724715,1.1,0.910944503,6,88,12,0.15167,0.78879,87,0.15208,0.77673,35,108,10,0.19779,0.60484,108,0.1953,0.60484,72,48,71,0.57475,0.20815,45,0.58884,0.2006,39,15,108,0.74258,0.1611,12,0.76224,0.15497,3.567915064,2.864420265,3.611215444,2.538282246,2.136664,0.689326,0.634505,-1.791615,-1.668881,3.904592667,4.664461,0.759868333,4.284526833,2.537727097,1.73442437,-3.595969817,2.182224157,1.424977798,-3.978212097,1.803015734,1.263276293,-1.308833,0.156713,2.236958
321,VZrCCl2,AA,bridge,1.35,1.63,0.527662,13,6.746187,0.7,2.55,1.262113612,4,11.260288,1,3.16,3.61272528,7,12.967633,1.55,1.33,0.433289,12,6.634126,-0.2,-0.35,-0.55,-0.034482759,0.92,1.22,1.53,1.83,0.3,2.5,1,0.65106383,0.717647059,0.448780488,0.542222222,1.450740056,1.323529412,1.45,1.48,1,1,1.68,2.5,5.4,6.6901565,71.08275,0.870967742,1.22556391,1.217806129,1.083333333,1.0168916,6,88,12,0.15167,0.78879,87,0.15208,0.77673,17,107,6,0.16265,0.73553,107,0.1606,0.73553,40,47,68,0.50364,0.23753,44,0.51595,0.22894,23,50,60,0.41533,0.28804,47,0.42558,0.27756,3.311109567,2.507370058,3.195317827,2.129354593,1.87122,0.584367,0.67592,-1.746166,-1.38534,4.347002,4.863840333,0.516838333,4.605421167,2.449182333,1.561064519,-3.824168053,0.259852852,1.857245909,-4.614175367,0.521957054,1.300946159,-1.17535,0.157139,1.905293
121,MoCrCS2,BA,x,1.45,2.16,0.74733,14,7.09243,0.7,2.55,1.262113612,4,11.260288,1,2.58,2.077104512,6,10.36001,1.4,1.66,0.6758412,12,6.76651,0.05,-0.45,-0.4,0.00877193,0.39,0.89,0.42,0.92,0.5,5,0,0.171428571,0.383333333,0.181395349,0.423809524,0.945054945,0.904494382,1.425,1.91,1,0,0.67,1,5.6,6.92947,73.96805,1.035714286,1.301204819,1.105777511,1.166666667,1.048166632,6,88,12,0.15167,0.78879,87,0.15208,0.77673,16,101,9,0.1781,0.67171,100,0.17899,0.65995,24,54,56,0.40019,0.29894,51,0.41024,0.28794,42,55,61,0.46178,0.25907,52,0.47342,0.24951,3.106361166,2.418650982,2.843650932,2.169570138,1.376514,0.55331,0.573796,-1.228657,-1.274962,5.506656667,5.214431333,-0.292225333,5.360544,3.418270427,1.366995932,-2.368344576,-0.725341205,-0.984464211,-2.931278933,-0.913659984,0.142681383,-0.412971,0.161323,1.692085
311,HfScCF2,AA,bridge,1.55,1.3,0.17807,10,6.82507,0.7,2.55,1.262113612,4,11.260288,0.5,3.98,3.401189824,7,17.42282,1.6,1.36,0.1882,11,6.56149,-0.05,-1.05,-1.1,-0.007936508,1.25,1.19,2.68,2.62,-0.06,1.5,1,1.307317073,1.247619048,0.555555556,0.517391304,2.353170732,2.411364546,1.575,1.33,2,1,2.65,3.5,5,6.69328,111.722956,0.96875,0.955882353,0.946174283,0.909090909,1.040170754,6,88,12,0.15167,0.78879,87,0.15208,0.77673,9,106,3,0.13207,0.90585,106,0.1304,0.90585,21,14,105,0.6303,0.1898,11,0.64709,0.18255,72,48,71,0.57475,0.20815,45,0.58884,0.2006,3.260340269,2.301950458,3.12764865,2.218421575,2.092654,0.78769,0.801207,-1.751538,-1.93001,4.196973333,3.418367667,-0.778605667,3.8076705,2.059149395,2.154206263,-6.27068791,1.005763268,2.133864635,-6.104772398,1.10971691,2.108365653,-2.34486,0.162367,0.614735
85,TiMnCCl2,AA,m2,1.4,1.54,0.075545,12,6.82812,0.7,2.55,1.262113612,4,11.260288,1,3.16,3.61272528,7,12.967633,1.4,1.55,-0.52,13,7.434038,0,-0.4,-0.4,0,1.01,1,1.62,1.61,-0.01,3.5,3,0.675,0.670833333,0.480952381,0.476190476,1.403465347,1.40875,1.4,1.545,0,3,1.615,1.5,5.8,7.131079,51.4025225,1,0.993548387,-0.145278846,0.923076923,0.918494094,6,88,12,0.15167,0.78879,87,0.15208,0.77673,17,107,6,0.16265,0.73553,107,0.1606,0.73553,25,58,52,0.3851,0.31065,55,0.39497,0.29907,22,46,64,0.43051,0.27789,43,0.441,0.26786,3.19391946,2.504577764,3.051130878,2.139803157,1.488314,0.620641,0.485275,-0.98794,-1.606293,5.049570333,4.390474667,-0.659095667,4.7200225,4.243158617,3.145115108,-3.659967565,1.198911252,-1.251193813,-3.712458906,1.174257554,-0.065608769,-0.901605,0.162371,2.171588
250,TiHfCSe2,AA,bridge,1.4,1.54,0.075545,12,6.82812,0.7,2.55,1.262113612,4,11.260288,1.15,2.55,2.020604712,6,9.752392,1.55,1.3,0.17807,10,6.82507,-0.15,-0.25,-0.4,-0.025423729,1.01,1.25,1.01,1.25,0.24,2,0,0.396078431,0.462962963,0.480952381,0.555555556,0.823529412,0.833333333,1.475,1.42,2,0,1.13,2,4.8,6.826595,113.1785,0.903225806,1.184615385,0.424243275,1.2,1.000446882,6,88,12,0.15167,0.78879,87,0.15208,0.77673,34,102,14,0.21954,0.54493,101,0.22068,0.53528,72,48,71,0.57475,0.20815,45,0.58884,0.2006,22,46,64,0.43051,0.27789,43,0.441,0.26786,3.357025461,2.558147553,3.468096437,2.282942601,1.90259,0.692784,0.755577,-1.778995,-1.571955,5.544431333,5.601014333,0.056583,5.572722833,1.978138025,1.761420085,-1.453567265,1.639000141,2.018228566,-1.641304166,1.468731166,1.83380379,-0.978642,0.16283,0.534157
287,HfCrCCl2,AA,m2,1.55,1.3,0.17807,10,6.82507,0.7,2.55,1.262113612,4,11.260288,1,3.16,3.61272528,7,12.967633,1.4,1.66,0.6758412,12,6.76651,0.15,-0.55,-0.4,0.025423729,1.25,0.89,1.86,1.5,-0.36,3.5,3,0.729411765,0.625,0.555555556,0.423809524,1.312941176,1.474719101,1.475,1.48,2,2,1.68,1.5,5.6,6.79579,115.24305,1.107142857,0.78313253,0.263479054,0.833333333,1.008654388,6,88,12,0.15167,0.78879,87,0.15208,0.77673,17,107,6,0.16265,0.73553,107,0.1606,0.73553,24,54,56,0.40019,0.29894,51,0.41024,0.28794,72,48,71,0.57475,0.20815,45,0.58884,0.2006,3.306057868,2.633785326,3.147462387,2.244095215,1.763019,0.660828,0.548775,-1.178664,-1.793959,5.073683333,3.851598,-1.222085333,4.462640667,4.39594915,3.209690097,-4.18879092,1.247115386,-0.894578239,-4.202692767,1.141734024,0.936138521,-1.003082,0.163857,2.161469
350,WHfCSe2,BA,bridge,1.35,2.36,0.816268,14,7.86403,0.7,2.55,1.262113612,4,11.260288,1.15,2.55,2.020604712,6,9.752392,1.55,1.3,0.17807,10,6.82507,-0.2,-0.2,-0.4,-0.034482759,0.19,1.25,0.19,1.25,1.06,3,2,0.076,0.462962963,0.092682927,0.555555556,0.82,0.833333333,1.45,1.83,0,2,0.72,1,5.2,7.34455,181.165,0.870967742,1.815384615,4.583972595,1.4,1.15222701,6,88,12,0.15167,0.78879,87,0.15208,0.77673,34,102,14,0.21954,0.54493,101,0.22068,0.53528,72,48,71,0.57475,0.20815,45,0.58884,0.2006,74,56,66,0.52343,0.22855,53,0.5367,0.22009,3.310671661,2.572612962,2.916919315,2.254252906,1.709621,0.484443,0.779853,-1.773001,-1.200916,5.353893,4.124264,-1.229629,4.7390785,3.086714571,1.905672977,-2.289438898,-0.331865049,1.289844725,-2.076087809,-0.018707657,1.462900994,-0.700494,0.165744,1.865634
317,NbTaCO2,AA,m1,1.45,1.6,0.917407,13,6.75885,0.7,2.55,1.262113612,4,11.260288,0.6,3.44,1.4611053,6,13.618055,1.45,1.5,0.32312,11,7.549571,0,-0.85,-0.85,0,0.95,1.05,1.84,1.94,0.1,3.5,1,0.897560976,0.946341463,0.441860465,0.488372093,2.031322208,1.937746806,1.45,1.55,1,0,1.89,0.5,5.2,7.1542105,136.92713,1,1.066666667,2.839214533,1.181818182,0.89526279,6,88,12,0.15167,0.78879,87,0.15208,0.77673,8,100,5,0.14058,0.85098,99,0.14125,0.83626,73,52,69,0.54867,0.21804,49,0.56231,0.21007,41,51,65,0.48244,0.24797,48,0.49439,0.23893,3.130803094,2.098294058,2.939515443,2.209115016,1.890957,1.144861,1.176106,-2.169757,-2.042168,5.510217667,5.770114,0.259896333,5.640165833,2.894235953,0.973383475,-3.034806787,0.71647981,0.462230516,-3.614560219,0.631829158,0.283608079,-1.70695,0.167096,0.187579
232,NbScNSe2,BA,bridge,1.45,1.6,0.917407,13,6.75885,0.65,3.04,-0.07,5,14.53413,1.15,2.55,2.020604712,6,9.752392,1.6,1.36,0.1882,11,6.56149,-0.15,-0.3,-0.45,-0.024590164,1.44,1.68,0.95,1.19,0.24,2.5,3,0.365384615,0.432727273,0.685714286,0.746666667,0.532852564,0.579545455,1.525,1.48,1,2,1.07,1.5,5,6.66017,68.931146,0.90625,1.176470588,4.874638682,1.181818182,1.030078534,7,94,8,0.1473,0.81216,93,0.14784,0.79901,34,102,14,0.21954,0.54493,101,0.22068,0.53528,21,14,105,0.6303,0.1898,11,0.64709,0.18255,41,51,65,0.48244,0.24797,48,0.49439,0.23893,3.275314024,2.590725538,3.030304162,2.272018347,1.756103,0.667151,0.621873,-1.624875,-1.420252,5.628064333,5.399497667,-0.228566667,5.513781,1.941349386,1.782547436,-1.834506641,1.157518302,1.984609957,-2.102080702,0.921654348,1.816494563,-1.20126,0.167324,0.874826
482,VTiNBr2,AA,x,1.35,1.63,0.527662,13,6.746187,0.65,3.04,-0.07,5,14.53413,1.15,2.96,3.3635883,7,11.81381,1.4,1.54,0.075545,12,6.82812,-0.05,-0.2,-0.25,-0.009090909,1.41,1.5,1.33,1.42,0.09,2.5,1,0.532,0.556862745,0.705,0.731707317,0.754609929,0.761045752,1.375,1.585,0,1,1.375,2.5,5.6,6.7871535,49.40425,0.964285714,1.058441558,6.984737574,1.083333333,0.98800065,7,94,8,0.1473,0.81216,93,0.14784,0.79901,35,108,10,0.19779,0.60484,108,0.1953,0.60484,22,46,64,0.43051,0.27789,43,0.441,0.26786,23,50,60,0.41533,0.28804,47,0.42558,0.27756,3.306842386,2.636681516,3.289778211,2.094195351,1.676276,0.514374,0.570033,-1.493541,-1.267143,4.195209667,4.234450667,0.039241,4.214830167,3.09237596,1.965505578,-3.510027142,0.135215421,0.954543028,-4.159476106,0.623030886,0.528931248,-1.150422,0.168456,2.112837
212,ScYNF2,AA,bridge,1.6,1.36,0.1882,11,6.56149,0.65,3.04,-0.07,5,14.53413,0.5,3.98,3.401189824,7,17.42282,1.8,1.22,0.30712,11,6.21726,-0.2,-1.1,-1.3,-0.029411765,1.68,1.82,2.62,2.76,0.14,1,0,1.247619048,1.2,0.746666667,0.742857143,1.670918367,1.615384615,1.7,1.29,1,0,2.69,4,5,6.389375,66.930881,0.888888889,1.114754098,0.612789789,1,1.055366834,7,94,8,0.1473,0.81216,93,0.14784,0.79901,9,106,3,0.13207,0.90585,106,0.1304,0.90585,39,15,108,0.74258,0.1611,12,0.76224,0.15497,21,14,105,0.6303,0.1898,11,0.64709,0.18255,3.299375394,2.230256063,3.010947284,2.236483611,1.941525,0.806446,0.814946,-1.776574,-1.786341,3.615918667,3.707105333,0.091186667,3.661512,1.813123632,2.327211593,-6.330209423,1.735544195,0.808080717,-6.284548631,1.826773631,0.884823881,-2.810705,0.169929,1.80887
504,CrMoNSe2,AA,bridge,1.4,1.66,0.6758412,12,6.76651,0.65,3.04,-0.07,5,14.53413,1.15,2.55,2.020604712,6,9.752392,1.45,2.16,0.74733,14,7.09243,-0.05,-0.25,-0.3,-0.00877193,1.38,0.88,0.89,0.39,-0.5,5,0,0.349019608,0.15,0.673170732,0.419047619,0.518471157,0.357954545,1.425,1.91,1,0,0.64,1,5.8,6.92947,73.96805,0.965517241,0.768518519,0.904341054,0.857142857,0.954046779,7,94,8,0.1473,0.81216,93,0.14784,0.79901,34,102,14,0.21954,0.54493,101,0.22068,0.53528,42,55,61,0.46178,0.25907,52,0.47342,0.24951,24,54,56,0.40019,0.29894,51,0.41024,0.28794,3.199037703,2.547446543,3.071785206,1.975171824,1.405256,0.406401,0.47193,-1.105373,-1.178213,4.398269,4.952484,0.554215,4.6753765,2.500615633,1.709157455,-1.861224955,-0.859991604,-0.36094646,-1.736033277,0.026803089,-0.308081203,-0.381986,0.172057,0.743117
73,MoCrNSe2,AA,bridge,1.45,2.16,0.74733,14,7.09243,0.65,3.04,-0.07,5,14.53413,1.15,2.55,2.020604712,6,9.752392,1.4,1.66,0.6758412,12,6.76651,0.05,-0.3,-0.25,0.00877193,0.88,1.38,0.39,0.89,0.5,5,0,0.15,0.349019608,0.419047619,0.673170732,0.357954545,0.518471157,1.425,1.91,1,0,0.64,1,5.8,6.92947,73.96805,1.035714286,1.301204819,1.105777511,1.166666667,1.048166632,7,94,8,0.1473,0.81216,93,0.14784,0.79901,34,102,14,0.21954,0.54493,101,0.22068,0.53528,24,54,56,0.40019,0.29894,51,0.41024,0.28794,42,55,61,0.46178,0.25907,52,0.47342,0.24951,3.198506856,2.547467912,3.073008463,2.257725669,1.405933,0.474123,0.400658,-1.171741,-1.108973,4.939513333,4.386251667,-0.553261667,4.6628825,3.036352111,1.860903313,-1.854084594,-0.363462779,-0.859970807,-1.856527609,-0.407171113,0.336481647,-0.381984,0.172059,1.188104
25,CrVNO2,AA,m1,1.4,1.66,0.6758412,12,6.76651,0.65,3.04,-0.07,5,14.53413,0.6,3.44,1.4611053,6,13.618055,1.35,1.63,0.527662,13,6.746187,0.05,-0.8,-0.75,0.009090909,1.38,1.41,1.78,1.81,0.03,4,2,0.89,0.928205128,0.673170732,0.705,1.322101449,1.316603019,1.375,1.645,0,1,1.795,0,5.6,6.7563485,51.4688,1.037037037,1.018404908,1.280822193,0.923076923,1.003012517,7,94,8,0.1473,0.81216,93,0.14784,0.79901,8,100,5,0.14058,0.85098,99,0.14125,0.83626,23,50,60,0.41533,0.28804,47,0.42558,0.27756,24,54,56,0.40019,0.29894,51,0.41024,0.28794,2.927129755,1.900677279,2.762189017,2.153140961,1.499311,0.981033,1.042287,-1.853323,-1.669309,5.954260667,6.165507,0.211246333,6.059883833,2.665567132,0.974810544,-3.26614147,-1.239368363,-0.775015686,-3.525253225,1.084965697,0.512510401,-1.488104,0.172716,0.025334
80,VCrNO2,AA,m1,1.35,1.63,0.527662,13,6.746187,0.65,3.04,-0.07,5,14.53413,0.6,3.44,1.4611053,6,13.618055,1.4,1.66,0.6758412,12,6.76651,-0.05,-0.75,-0.8,-0.009090909,1.41,1.38,1.81,1.78,-0.03,4,2,0.928205128,0.89,0.705,0.673170732,1.316603019,1.322101449,1.375,1.645,0,1,1.795,0,5.6,6.7563485,51.4688,0.964285714,0.981927711,0.780748495,1.083333333,0.996996531,7,94,8,0.1473,0.81216,93,0.14784,0.79901,8,100,5,0.14058,0.85098,99,0.14125,0.83626,24,54,56,0.40019,0.29894,51,0.41024,0.28794,23,50,60,0.41533,0.28804,47,0.42558,0.27756,2.927130969,1.931792209,2.76218056,2.101447217,1.481105,1.044472,0.979437,-1.658115,-1.8469,6.161789333,5.951007667,-0.210781667,6.0563985,2.730308955,0.973714055,-3.266545086,-0.776772374,-1.238017959,-3.577454971,0.118494322,0.8527376,-1.488103,0.172718,-0.340383
571,CrNbNO2,AB,m1,1.4,1.66,0.6758412,12,6.76651,0.65,3.04,-0.07,5,14.53413,0.6,3.44,1.4611053,6,13.618055,1.45,1.6,0.917407,13,6.75885,-0.05,-0.8,-0.85,-0.00877193,1.38,1.44,1.78,1.84,0.06,4.5,1,0.89,0.897560976,0.673170732,0.685714286,1.322101449,1.308943089,1.425,1.63,1,1,1.81,0.5,5.6,6.76268,72.45124,0.965517241,1.0375,0.736686334,0.923076923,1.001133329,7,94,8,0.1473,0.81216,93,0.14784,0.79901,8,100,5,0.14058,0.85098,99,0.14125,0.83626,41,51,65,0.48244,0.24797,48,0.49439,0.23893,24,54,56,0.40019,0.29894,51,0.41024,0.28794,2.977735781,1.928592246,2.501678517,2.128960595,1.531914,0.980757,1.068297,-1.912168,-1.668799,6.841967333,6.466873667,-0.375093667,6.6544205,2.67546814,0.975181963,-2.520524406,-1.084876559,1.111622273,-3.021141816,1.149814496,0.873383334,-1.575276,0.174114,-0.22786
402,ScCrNSe2,AA,bridge,1.6,1.36,0.1882,11,6.56149,0.65,3.04,-0.07,5,14.53413,1.15,2.55,2.020604712,6,9.752392,1.4,1.66,0.6758412,12,6.76651,0.2,-0.45,-0.25,0.033333333,1.68,1.38,1.19,0.89,-0.3,3,4,0.432727273,0.349019608,0.746666667,0.673170732,0.579545455,0.518471157,1.5,1.51,0,3,1.04,1,5.2,6.664,48.476006,1.142857143,0.819277108,0.278467782,0.916666667,0.969700776,7,94,8,0.1473,0.81216,93,0.14784,0.79901,34,102,14,0.21954,0.54493,101,0.22068,0.53528,24,54,56,0.40019,0.29894,51,0.41024,0.28794,21,14,105,0.6303,0.1898,11,0.64709,0.18255,3.279858054,2.725786996,3.287219249,2.218319838,1.643961,0.672781,0.50325,-1.174244,-1.645749,5.354085333,5.620429667,0.266344333,5.4872575,2.17776587,1.721512022,-1.835500909,2.319559707,-0.746518056,-1.88616659,2.286322602,0.78074129,-0.857515,0.175016,0.318264
584,HfTiNS2,AA,m1,1.55,1.3,0.17807,10,6.82507,0.65,3.04,-0.07,5,14.53413,1,2.58,2.077104512,6,10.36001,1.4,1.54,0.075545,12,6.82812,0.15,-0.55,-0.4,0.025423729,1.74,1.5,1.28,1.04,-0.24,2,0,0.501960784,0.433333333,0.790909091,0.731707317,0.634663061,0.592222222,1.475,1.42,2,0,1.16,2,5,6.826595,113.1785,1.107142857,0.844155844,2.35713813,0.833333333,0.999553318,7,94,8,0.1473,0.81216,93,0.14784,0.79901,16,101,9,0.1781,0.67171,100,0.17899,0.65995,22,46,64,0.43051,0.27789,43,0.441,0.26786,72,48,71,0.57475,0.20815,45,0.58884,0.2006,3.304655438,2.493230126,3.298340017,2.277283971,1.789219,0.958419,0.848857,-1.658132,-1.938364,5.780083333,5.698165333,-0.081918,5.739124333,3.534643901,1.35244157,-1.927732023,1.587092215,1.1326487,-2.437249437,1.206391718,1.1456464,-1.470847,0.176001,0.819749
115,TiHfNS2,AA,m1,1.4,1.54,0.075545,12,6.82812,0.65,3.04,-0.07,5,14.53413,1,2.58,2.077104512,6,10.36001,1.55,1.3,0.17807,10,6.82507,-0.15,-0.4,-0.55,-0.025423729,1.5,1.74,1.04,1.28,0.24,2,0,0.433333333,0.501960784,0.731707317,0.790909091,0.592222222,0.634663061,1.475,1.42,2,0,1.16,2,5,6.826595,113.1785,0.903225806,1.184615385,0.424243275,1.2,1.000446882,7,94,8,0.1473,0.81216,93,0.14784,0.79901,16,101,9,0.1781,0.67171,100,0.17899,0.65995,72,48,71,0.57475,0.20815,45,0.58884,0.2006,22,46,64,0.43051,0.27789,43,0.441,0.26786,3.304653145,2.41050476,3.298339442,2.263201599,1.787829,0.849402,0.949909,-1.928832,-1.658309,5.699222,5.780574333,0.081352333,5.739898167,3.393552382,1.350307802,-1.925466697,1.133348614,1.562355491,-2.37770292,1.068955478,1.408197686,-1.470846,0.176003,0.424504
4,CrHfNS2,AA,m1,1.4,1.66,0.6758412,12,6.76651,0.65,3.04,-0.07,5,14.53413,1,2.58,2.077104512,6,10.36001,1.55,1.3,0.17807,10,6.82507,-0.15,-0.4,-0.55,-0.025423729,1.38,1.74,0.92,1.28,0.36,3.5,3,0.383333333,0.501960784,0.673170732,0.790909091,0.569444444,0.634663061,1.475,1.48,2,2,1.1,0.5,5.4,6.79579,115.24305,0.903225806,1.276923077,3.795368114,1.2,0.991419868,7,94,8,0.1473,0.81216,93,0.14784,0.79901,16,101,9,0.1781,0.67171,100,0.17899,0.65995,72,48,71,0.57475,0.20815,45,0.58884,0.2006,24,54,56,0.40019,0.29894,51,0.41024,0.28794,3.354062783,2.311976713,3.205876705,2.327844263,1.673475,0.692933,0.949161,-2.060133,-1.255436,6.099993667,5.773964,-0.326029667,5.936978833,3.243371488,1.355755472,-1.798625003,-0.371671557,2.020617943,-2.311184358,0.503117398,1.606255147,-1.047902,0.176983,-1.593448
253,ScTaCCl2,AB,m2,1.6,1.36,0.1882,11,6.56149,0.7,2.55,1.262113612,4,11.260288,1,3.16,3.61272528,7,12.967633,1.45,1.5,0.32312,11,7.549571,0.15,-0.6,-0.45,0.024590164,1.19,1.05,1.8,1.66,-0.14,2,2,0.692307692,0.67755102,0.517391304,0.488372093,1.338073691,1.387366375,1.525,1.43,2,2,1.73,3,5.2,7.0555305,112.951896,1.103448276,0.906666667,0.58244615,1,0.869120908,6,88,12,0.15167,0.78879,87,0.15208,0.77673,17,107,6,0.16265,0.73553,107,0.1606,0.73553,73,52,69,0.54867,0.21804,49,0.56231,0.21007,21,14,105,0.6303,0.1898,11,0.64709,0.18255,3.273270562,2.558678,2.968805246,2.277505502,1.89077,0.675976,0.614822,-1.522418,-1.65915,3.160462667,4.414138,1.253675333,3.787300333,4.350105256,3.23412908,-4.93244204,1.665427405,0.102130801,-4.958387137,1.628793295,0.083323979,-1.287855,0.178808,2.17893
125,TaScCCl2,BA,m2,1.45,1.5,0.32312,11,7.549571,0.7,2.55,1.262113612,4,11.260288,1,3.16,3.61272528,7,12.967633,1.6,1.36,0.1882,11,6.56149,-0.15,-0.45,-0.6,-0.024590164,1.05,1.19,1.66,1.8,0.14,2,2,0.67755102,0.692307692,0.488372093,0.517391304,1.387366375,1.338073691,1.525,1.43,2,2,1.73,3,5.2,7.0555305,112.951896,0.90625,1.102941176,1.716896918,1,1.1505879,6,88,12,0.15167,0.78879,87,0.15208,0.77673,17,107,6,0.16265,0.73553,107,0.1606,0.73553,21,14,105,0.6303,0.1898,11,0.64709,0.18255,73,52,69,0.54867,0.21804,49,0.56231,0.21007,3.273278805,2.586910374,2.968770034,2.239822098,1.88669,0.671819,0.632992,-1.655459,-1.536042,4.392345333,3.138230333,-1.254115,3.765287833,4.282816876,3.145978106,-4.929705672,0.100677885,1.670343626,-4.964843971,0.093444747,1.629631813,-1.287854,0.178808,2.181114
532,WVCO2,BA,x,1.35,2.36,0.816268,14,7.86403,0.7,2.55,1.262113612,4,11.260288,0.6,3.44,1.4611053,6,13.618055,1.35,1.63,0.527662,13,6.746187,0,-0.75,-0.75,0,0.19,0.92,1.08,1.81,0.73,3.5,1,0.553846154,0.928205128,0.092682927,0.448780488,5.975708502,2.068283166,1.35,1.995,2,1,1.445,0.5,5.4,7.3051085,117.39075,1,1.447852761,1.546952405,1.076923077,1.165699972,6,88,12,0.15167,0.78879,87,0.15208,0.77673,8,100,5,0.14058,0.85098,99,0.14125,0.83626,23,50,60,0.41533,0.28804,47,0.42558,0.27756,74,56,66,0.52343,0.22855,53,0.5367,0.22009,2.916110478,2.082456466,2.53602597,2.133497379,1.51785,1.014657,1.017421,-1.782306,-1.767622,6.171834333,6.877408667,0.705574333,6.5246215,2.875082835,0.976220748,-2.522509899,0.858371435,-0.102920705,-3.064675045,0.351860305,0.82776082,-1.286946,0.17887,0.166948
575,TiMnCSe2,AB,bridge,1.4,1.54,0.075545,12,6.82812,0.7,2.55,1.262113612,4,11.260288,1.15,2.55,2.020604712,6,9.752392,1.4,1.55,-0.52,13,7.434038,0,-0.25,-0.25,0,1.01,1,1.01,1,-0.01,3.5,3,0.396078431,0.392156863,0.480952381,0.476190476,0.823529412,0.823529412,1.4,1.545,0,3,1.005,0.5,5.4,7.131079,51.4025225,1,0.993548387,-0.145278846,0.923076923,0.918494094,6,88,12,0.15167,0.78879,87,0.15208,0.77673,34,102,14,0.21954,0.54493,101,0.22068,0.53528,25,58,52,0.3851,0.31065,55,0.39497,0.29907,22,46,64,0.43051,0.27789,43,0.441,0.26786,3.150591851,2.566128339,2.653745425,2.153829757,1.486651,0.596561,0.301421,-0.862262,-1.522373,4.893521,5.368841,0.47532,5.131181,1.993445584,1.703118249,-1.922490031,1.314383781,-1.305957019,-2.070330598,1.170032016,0.139229783,-0.519769,0.179065,0.70699
582,MnMoCO2,AA,m1,1.4,1.55,-0.52,13,7.434038,0.7,2.55,1.262113612,4,11.260288,0.6,3.44,1.4611053,6,13.618055,1.45,2.16,0.74733,14,7.09243,-0.05,-0.8,-0.85,-0.00877193,1,0.39,1.89,1.28,-0.61,5,0,0.945,0.624390244,0.476190476,0.181395349,1.9845,3.442151345,1.425,1.855,1,1,1.585,1,5.8,7.263234,75.4390225,0.965517241,0.717592593,-0.695810418,0.928571429,1.048165156,6,88,12,0.15167,0.78879,87,0.15208,0.77673,8,100,5,0.14058,0.85098,99,0.14125,0.83626,42,55,61,0.46178,0.25907,52,0.47342,0.24951,25,58,52,0.3851,0.31065,55,0.39497,0.29907,2.950031283,1.942813422,2.718839745,2.074626111,1.383234,0.907704,0.984975,-1.742278,-1.533635,6.478160333,6.948988667,0.470828333,6.7135745,2.741650045,0.975215699,-2.288866127,-2.00274604,0.10739236,-2.644355467,0.584679102,0.26199619,-0.829151,0.179786,-0.98963
214,WZrCSe2,BA,bridge,1.35,2.36,0.816268,14,7.86403,0.7,2.55,1.262113612,4,11.260288,1.15,2.55,2.020604712,6,9.752392,1.55,1.33,0.433289,12,6.634126,-0.2,-0.2,-0.4,-0.034482759,0.19,1.22,0.19,1.22,1.03,3,2,0.076,0.451851852,0.092682927,0.542222222,0.82,0.833333333,1.45,1.845,1,2,0.705,1,5.2,7.249078,137.532,0.870967742,1.77443609,1.883888121,1.166666667,1.18539051,6,88,12,0.15167,0.78879,87,0.15208,0.77673,34,102,14,0.21954,0.54493,101,0.22068,0.53528,40,47,68,0.50364,0.23753,44,0.51595,0.22894,74,56,66,0.52343,0.22855,53,0.5367,0.22009,3.323794499,2.577849774,2.891723734,2.247773247,1.700389,0.770888,0.484599,-1.739271,-1.216605,5.500652667,4.229610667,-1.271042,4.865131667,3.068336509,1.893846795,-2.336623206,-0.355476694,0.952264069,-2.149330269,-0.132990174,1.03347721,-0.6912,0.179977,1.862915
83,TiZrNS2,AA,m1,1.4,1.54,0.075545,12,6.82812,0.65,3.04,-0.07,5,14.53413,1,2.58,2.077104512,6,10.36001,1.55,1.33,0.433289,12,6.634126,-0.15,-0.4,-0.55,-0.025423729,1.5,1.71,1.04,1.25,0.21,2,0,0.433333333,0.490196078,0.731707317,0.777272727,0.592222222,0.630661621,1.475,1.435,1,0,1.145,2,5,6.731123,69.5455,0.903225806,1.157894737,0.174352453,1,1.029241832,7,94,8,0.1473,0.81216,93,0.14784,0.79901,16,101,9,0.1781,0.67171,100,0.17899,0.65995,40,47,68,0.50364,0.23753,44,0.51595,0.22894,22,46,64,0.43051,0.27789,43,0.441,0.26786,3.319379461,2.416668485,3.276731412,2.25353299,1.777085,0.848291,0.948552,-1.896749,-1.677179,5.842673,5.846758667,0.004085667,5.844715833,3.401639438,1.349635227,-1.941880547,1.113033977,0.996791724,-2.458771449,1.033741161,0.845301698,-1.448276,0.181659,0.362071
461,CrScNCl2,AA,m2,1.4,1.66,0.6758412,12,6.76651,0.65,3.04,-0.07,5,14.53413,1,3.16,3.61272528,7,12.967633,1.6,1.36,0.1882,11,6.56149,-0.2,-0.4,-0.6,-0.033333333,1.38,1.68,1.5,1.8,0.3,3,4,0.625,0.692307692,0.673170732,0.746666667,0.928442029,0.927197802,1.5,1.51,0,3,1.65,2,5.6,6.664,48.476006,0.875,1.220588235,3.591079702,1.090909091,1.031245952,7,94,8,0.1473,0.81216,93,0.14784,0.79901,17,107,6,0.16265,0.73553,107,0.1606,0.73553,21,14,105,0.6303,0.1898,11,0.64709,0.18255,24,54,56,0.40019,0.29894,51,0.41024,0.28794,3.264016882,2.448974504,3.12334549,2.100030389,1.648603,0.564187,0.675165,-1.648379,-1.239576,4.536803333,4.517954667,-0.018848667,4.527379,4.280659214,3.299583036,-4.499388694,-1.249298684,1.678398301,-4.735297449,0.772612359,1.384518879,-1.357717,0.182426,2.224378
490,TiZrCSe2,AA,bridge,1.4,1.54,0.075545,12,6.82812,0.7,2.55,1.262113612,4,11.260288,1.15,2.55,2.020604712,6,9.752392,1.55,1.33,0.433289,12,6.634126,-0.15,-0.25,-0.4,-0.025423729,1.01,1.22,1.01,1.22,0.21,2,0,0.396078431,0.451851852,0.480952381,0.542222222,0.823529412,0.833333333,1.475,1.435,1,0,1.115,2,4.8,6.731123,69.5455,0.903225806,1.157894737,0.174352453,1,1.029241832,6,88,12,0.15167,0.78879,87,0.15208,0.77673,34,102,14,0.21954,0.54493,101,0.22068,0.53528,40,47,68,0.50364,0.23753,44,0.51595,0.22894,22,46,64,0.43051,0.27789,43,0.441,0.26786,3.372440174,2.560006294,3.456749816,2.284092478,1.886431,0.697519,0.745535,-1.754473,-1.575013,5.616638,5.628650667,0.012012667,5.622644333,1.984497057,1.764166317,-1.509201987,1.576584168,1.481999921,-1.680824383,1.388084971,1.388097902,-0.962289,0.184123,0.500772
528,ZrTiCSe2,AA,bridge,1.55,1.33,0.433289,12,6.634126,0.7,2.55,1.262113612,4,11.260288,1.15,2.55,2.020604712,6,9.752392,1.4,1.54,0.075545,12,6.82812,0.15,-0.4,-0.25,0.025423729,1.22,1.01,1.22,1.01,-0.21,2,0,0.451851852,0.396078431,0.542222222,0.480952381,0.833333333,0.823529412,1.475,1.435,1,0,1.115,2,4.8,6.731123,69.5455,1.107142857,0.863636364,5.735508637,1,0.971588959,6,88,12,0.15167,0.78879,87,0.15208,0.77673,34,102,14,0.21954,0.54493,101,0.22068,0.53528,22,46,64,0.43051,0.27789,43,0.441,0.26786,40,47,68,0.50364,0.23753,44,0.51595,0.22894,3.372447222,2.694154151,3.456774629,2.335724041,1.882418,0.748833,0.697111,-1.577925,-1.750437,5.628513,5.616325667,-0.012187333,5.622419333,2.159658874,1.757368655,-1.509056072,1.481647095,1.577521461,-1.653235947,1.248198313,1.552401263,-0.962289,0.184124,0.414275
120,Hf2CO2,AA,m1,1.55,1.3,0.17807,10,6.82507,0.7,2.55,1.262113612,4,11.260288,0.6,3.44,1.4611053,6,13.618055,1.55,1.3,0.17807,10,6.82507,0,-0.95,-0.95,0,1.25,1.25,2.14,2.14,0,2,0,0.995348837,0.995348837,0.555555556,0.555555556,1.791627907,1.791627907,1.55,1.3,0,0,2.14,2,4.8,6.82507,178.49,1,1,1,1,1,6,88,12,0.15167,0.78879,87,0.15208,0.77673,8,100,5,0.14058,0.85098,99,0.14125,0.83626,72,48,71,0.57475,0.20815,45,0.58884,0.2006,72,48,71,0.57475,0.20815,45,0.58884,0.2006,3.260051436,2.098931812,2.97699903,2.332469987,1.986974,1.248048,1.251378,-2.246344,-2.240055,5.126660667,5.126571,-8.97E-05,5.126615833,2.923399734,0.973742044,-3.142547115,1.146021264,1.146021264,-3.353869249,1.75477147,1.75477147,-2.341239,0.185022,1.105118
481,ScNbCBr2,AB,m2,1.6,1.36,0.1882,11,6.56149,0.7,2.55,1.262113612,4,11.260288,1.15,2.96,3.3635883,7,11.81381,1.45,1.6,0.917407,13,6.75885,0.15,-0.45,-0.3,0.024590164,1.19,0.95,1.6,1.36,-0.24,2.5,3,0.581818182,0.523076923,0.517391304,0.441860465,1.124522536,1.183805668,1.525,1.48,1,2,1.48,2.5,5.2,6.66017,68.931146,1.103448276,0.85,0.20514341,0.846153846,0.970799766,6,88,12,0.15167,0.78879,87,0.15208,0.77673,35,108,10,0.19779,0.60484,108,0.1953,0.60484,41,51,65,0.48244,0.24797,48,0.49439,0.23893,21,14,105,0.6303,0.1898,11,0.64709,0.18255,3.36690011,2.702601556,3.078979212,2.307589431,1.855702,0.640486,0.534283,-1.395834,-1.634637,3.186709667,4.256704,1.069994333,3.721706833,4.398157878,3.184753489,-4.344248585,1.394538796,-0.032422719,-4.361842964,1.333656581,-0.067893388,-1.081847,0.185099,2.191296
60,Zr2CO2,AA,m1,1.55,1.33,0.433289,12,6.634126,0.7,2.55,1.262113612,4,11.260288,0.6,3.44,1.4611053,6,13.618055,1.55,1.33,0.433289,12,6.634126,0,-0.95,-0.95,0,1.22,1.22,2.11,2.11,0,2,0,0.981395349,0.981395349,0.542222222,0.542222222,1.809950438,1.809950438,1.55,1.33,0,0,2.11,2,4.8,6.634126,91.224,1,1,1,1,1,6,88,12,0.15167,0.78879,87,0.15208,0.77673,8,100,5,0.14058,0.85098,99,0.14125,0.83626,40,47,68,0.50364,0.23753,44,0.51595,0.22894,40,47,68,0.50364,0.23753,44,0.51595,0.22894,3.300515821,2.117613167,3.00472838,2.364281843,1.957649,1.257,1.256106,-2.23314,-2.237614,5.085618,5.085461667,-0.000156333,5.085539833,2.951742566,0.973342704,-2.783391544,1.691256878,1.691256878,-3.653129125,1.213826786,1.213826786,-2.238167,0.185618,0.828508
341,CrMnNCl2,AB,m2,1.4,1.66,0.6758412,12,6.76651,0.65,3.04,-0.07,5,14.53413,1,3.16,3.61272528,7,12.967633,1.4,1.55,-0.52,13,7.434038,0,-0.4,-0.4,0,1.38,1.49,1.5,1.61,0.11,5,0,0.625,0.670833333,0.673170732,0.726829268,0.928442029,0.922958613,1.4,1.605,0,1,1.555,0,6.4,7.100274,53.4670725,1,1.070967742,-1.299694615,0.923076923,0.910206539,7,94,8,0.1473,0.81216,93,0.14784,0.79901,17,107,6,0.16265,0.73553,107,0.1606,0.73553,25,58,52,0.3851,0.31065,55,0.39497,0.29907,24,54,56,0.40019,0.29894,51,0.41024,0.28794,3.209008322,2.482876002,2.998166914,2.008835789,1.402731,0.565208,0.571724,-1.150211,-1.389451,6.078796333,5.005224,-1.073572333,5.542010167,4.645411387,3.301815398,-3.208494654,-0.393775422,-2.041397213,-3.450826004,0.982222004,1.859244495,-0.627415,0.188144,1.910345
179,NbMnCS2,AA,m1,1.45,1.6,0.917407,13,6.75885,0.7,2.55,1.262113612,4,11.260288,1,2.58,2.077104512,6,10.36001,1.4,1.55,-0.52,13,7.434038,0.05,-0.45,-0.4,0.00877193,0.95,1,0.98,1.03,0.05,4.5,1,0.4,0.429166667,0.441860465,0.476190476,0.905263158,0.90125,1.425,1.575,1,2,1.005,0.5,5.6,7.096444,73.9222125,1.035714286,1.032258065,-1.764244231,1,0.909176144,6,88,12,0.15167,0.78879,87,0.15208,0.77673,16,101,9,0.1781,0.67171,100,0.17899,0.65995,25,58,52,0.3851,0.31065,55,0.39497,0.29907,41,51,65,0.48244,0.24797,48,0.49439,0.23893,3.210399113,2.492700213,3.02136746,2.200634663,1.493927,0.743596,0.486755,-1.03189,-1.692388,5.686502,5.541114667,-0.145387333,5.613808333,3.516314195,1.355417523,-2.116751831,0.458668801,-1.607109068,-2.646422395,0.088184681,0.09904281,-0.561733,0.189791,0.973314
27,MoHfCBr2,AA,x,1.45,2.16,0.74733,14,7.09243,0.7,2.55,1.262113612,4,11.260288,1.15,2.96,3.3635883,7,11.81381,1.55,1.3,0.17807,10,6.82507,-0.1,-0.3,-0.4,-0.016666667,0.39,1.25,0.8,1.66,0.86,3.5,3,0.307692308,0.614814815,0.181395349,0.555555556,1.696252465,1.106666667,1.5,1.73,1,2,1.23,1.5,5.6,6.95875,137.215,0.935483871,1.661538462,4.196832706,1.4,1.039173225,6,88,12,0.15167,0.78879,87,0.15208,0.77673,35,108,10,0.19779,0.60484,108,0.1953,0.60484,72,48,71,0.57475,0.20815,45,0.58884,0.2006,42,55,61,0.46178,0.25907,52,0.47342,0.24951,3.442572212,2.763514496,3.466740163,2.190312763,1.689551,0.484089,0.621615,-1.737987,-1.057268,3.885594,4.396181,0.510587,4.1408875,3.221849959,2.01394544,-3.867542662,-0.428385922,0.858939237,-3.99513555,-0.409893929,0.714727422,-0.789769,0.192985,1.935912
154,Mo2CF2,AA,bridge,1.45,2.16,0.74733,14,7.09243,0.7,2.55,1.262113612,4,11.260288,0.5,3.98,3.401189824,7,17.42282,1.45,2.16,0.74733,14,7.09243,0,-0.95,-0.95,0,0.39,0.39,1.82,1.82,0,5,0,0.933333333,0.933333333,0.181395349,0.181395349,5.145299145,5.145299145,1.45,2.16,0,0,1.82,0,6,7.09243,95.94,1,1,1,1,1,6,88,12,0.15167,0.78879,87,0.15208,0.77673,9,106,3,0.13207,0.90585,106,0.1304,0.90585,42,55,61,0.46178,0.25907,52,0.47342,0.24951,42,55,61,0.46178,0.25907,52,0.47342,0.24951,3.258403655,2.300267737,2.948681952,2.106114675,1.394375,0.718532,0.719311,-1.416783,-1.415432,4.819892667,4.819155,-0.000737667,4.819523833,1.708214228,2.204689341,-5.430970931,-0.409822134,-0.409822134,-5.093022035,-0.248091822,-0.248091822,-1.05489,0.193581,1.083144
569,MoVCBr2,AA,x,1.45,2.16,0.74733,14,7.09243,0.7,2.55,1.262113612,4,11.260288,1.15,2.96,3.3635883,7,11.81381,1.35,1.63,0.527662,13,6.746187,0.1,-0.3,-0.2,0.017857143,0.39,0.92,0.8,1.33,0.53,4,2,0.307692308,0.532,0.181395349,0.448780488,1.696252465,1.185434783,1.4,1.895,1,1,1.065,1,5.8,6.9193085,73.44075,1.074074074,1.325153374,1.416304377,1.076923077,1.051324252,6,88,12,0.15167,0.78879,87,0.15208,0.77673,35,108,10,0.19779,0.60484,108,0.1953,0.60484,23,50,60,0.41533,0.28804,47,0.42558,0.27756,42,55,61,0.46178,0.25907,52,0.47342,0.24951,3.350561362,2.759501244,3.323472485,2.138304372,1.482732,0.466295,0.502141,-1.321609,-1.129559,4.368822,4.231314333,-0.137507667,4.300068167,3.263774664,2.005506861,-3.393752827,-0.496767104,0.053599619,-3.731034668,-0.026812082,-0.039097906,-0.488822,0.19398,2.017284
7,CrZrNS2,AA,m1,1.4,1.66,0.6758412,12,6.76651,0.65,3.04,-0.07,5,14.53413,1,2.58,2.077104512,6,10.36001,1.55,1.33,0.433289,12,6.634126,-0.15,-0.4,-0.55,-0.025423729,1.38,1.71,0.92,1.25,0.33,3.5,3,0.383333333,0.490196078,0.673170732,0.777272727,0.569444444,0.630661621,1.475,1.495,1,2,1.085,0.5,5.4,6.700318,71.61005,0.903225806,1.248120301,1.559793117,1,1.019955002,7,94,8,0.1473,0.81216,93,0.14784,0.79901,16,101,9,0.1781,0.67171,100,0.17899,0.65995,40,47,68,0.50364,0.23753,44,0.51595,0.22894,24,54,56,0.40019,0.29894,51,0.41024,0.28794,3.376748325,2.319140218,3.183842387,2.321902459,1.652266,0.697498,0.945508,-2.036374,-1.258898,6.176268333,5.870648667,-0.305619667,6.0234585,3.25415708,1.356260769,-1.771182647,-0.835187665,1.600538786,-2.189866215,1.365422979,1.482149814,-1.015029,0.194615,0.337011
331,ScTaNSe2,AB,bridge,1.6,1.36,0.1882,11,6.56149,0.65,3.04,-0.07,5,14.53413,1.15,2.55,2.020604712,6,9.752392,1.45,1.5,0.32312,11,7.549571,0.15,-0.45,-0.3,0.024590164,1.68,1.54,1.19,1.05,-0.14,2,2,0.432727273,0.403846154,0.746666667,0.733333333,0.579545455,0.550699301,1.525,1.43,2,2,1.12,2,5,7.0555305,112.951896,1.103448276,0.906666667,0.58244615,1,0.869120908,7,94,8,0.1473,0.81216,93,0.14784,0.79901,34,102,14,0.21954,0.54493,101,0.22068,0.53528,73,52,69,0.54867,0.21804,49,0.56231,0.21007,21,14,105,0.6303,0.1898,11,0.64709,0.18255,3.277573718,2.730742446,3.013750168,2.23513114,1.78363,0.681297,0.648881,-1.49522,-1.618587,5.248903333,5.622719333,0.373816,5.435811333,2.183917822,1.71922314,-1.746161597,2.494822139,1.302755564,-1.862248551,2.388433087,1.255925383,-1.174172,0.196669,0.255115
298,MoCrCSe2,AA,bridge,1.45,2.16,0.74733,14,7.09243,0.7,2.55,1.262113612,4,11.260288,1.15,2.55,2.020604712,6,9.752392,1.4,1.66,0.6758412,12,6.76651,0.05,-0.3,-0.25,0.00877193,0.39,0.89,0.39,0.89,0.5,5,0,0.15,0.349019608,0.181395349,0.423809524,0.826923077,0.823529412,1.425,1.91,1,0,0.64,1,5.6,6.92947,73.96805,1.035714286,1.301204819,1.105777511,1.166666667,1.048166632,6,88,12,0.15167,0.78879,87,0.15208,0.77673,34,102,14,0.21954,0.54493,101,0.22068,0.53528,24,54,56,0.40019,0.29894,51,0.41024,0.28794,42,55,61,0.46178,0.25907,52,0.47342,0.24951,3.213373366,2.596199794,3.153899674,2.161737329,1.419622,0.456112,0.388466,-1.077638,-1.186561,5.166256333,4.599551333,-0.566705,4.882903833,2.875077202,1.760581763,-2.211396048,-0.802590097,-0.749084815,-2.281656539,-0.820141744,0.369710806,-0.256151,0.196685,1.271195
449,Mn2NF2,AA,m2,1.4,1.55,-0.52,13,7.434038,0.65,3.04,-0.07,5,14.53413,0.5,3.98,3.401189824,7,17.42282,1.4,1.55,-0.52,13,7.434038,0,-0.9,-0.9,0,1.49,1.49,2.43,2.43,0,5,0,1.278947368,1.278947368,0.726829268,0.726829268,1.759625574,1.759625574,1.4,1.55,0,0,2.43,0,6.6,7.434038,54.938045,1,1,1,1,1,7,94,8,0.1473,0.81216,93,0.14784,0.79901,9,106,3,0.13207,0.90585,106,0.1304,0.90585,25,58,52,0.3851,0.31065,55,0.39497,0.29907,25,58,52,0.3851,0.31065,55,0.39497,0.29907,3.052320042,2.108985144,2.905039845,2.105087826,1.454403,0.73417,0.73417,-1.461483,-1.461259,5.662937,5.666998333,0.004061333,5.664967667,1.54755461,1.949322631,-4.904268498,-2.38955535,-2.38955535,-4.865837268,0.938892245,0.938892245,-1.345789,0.197498,1.625773
265,MnCrNO2,AA,m1,1.4,1.55,-0.52,13,7.434038,0.65,3.04,-0.07,5,14.53413,0.6,3.44,1.4611053,6,13.618055,1.4,1.66,0.6758412,12,6.76651,0,-0.8,-0.8,0,1.49,1.38,1.89,1.78,-0.11,5,0,0.945,0.89,0.726829268,0.673170732,1.300167785,1.322101449,1.4,1.605,0,1,1.835,1,6,7.100274,53.4670725,1,0.93373494,-0.769411513,1.083333333,1.098651742,7,94,8,0.1473,0.81216,93,0.14784,0.79901,8,100,5,0.14058,0.85098,99,0.14125,0.83626,24,54,56,0.40019,0.29894,51,0.41024,0.28794,25,58,52,0.3851,0.31065,55,0.39497,0.29907,2.927499506,1.929532236,2.675995165,2.040883227,1.383544,0.931489,0.98339,-1.627756,-1.670665,6.197782333,6.516580333,0.318798,6.357181333,2.69289356,0.975567166,-2.999248209,-2.611841138,-1.008342706,-3.134168598,0.229149187,0.669227479,-1.148881,0.197642,-0.596936
152,CrMnNO2,AA,m1,1.4,1.66,0.6758412,12,6.76651,0.65,3.04,-0.07,5,14.53413,0.6,3.44,1.4611053,6,13.618055,1.4,1.55,-0.52,13,7.434038,0,-0.8,-0.8,0,1.38,1.49,1.78,1.89,0.11,5,0,0.89,0.945,0.673170732,0.726829268,1.322101449,1.300167785,1.4,1.605,0,1,1.835,1,6,7.100274,53.4670725,1,1.070967742,-1.299694615,0.923076923,0.910206539,7,94,8,0.1473,0.81216,93,0.14784,0.79901,8,100,5,0.14058,0.85098,99,0.14125,0.83626,25,58,52,0.3851,0.31065,55,0.39497,0.29907,24,54,56,0.40019,0.29894,51,0.41024,0.28794,2.927499467,1.900435864,2.675993237,2.185966524,1.377063,0.985869,0.930973,-1.671635,-1.622269,6.510218333,6.192596,-0.317622333,6.351407167,2.655468561,0.97506992,-2.999537337,-1.00935065,-2.611199258,-3.154199459,1.401750148,0.241456968,-1.14888,0.197643,0.090774
430,CrNbNCl2,AA,x,1.4,1.66,0.6758412,12,6.76651,0.65,3.04,-0.07,5,14.53413,1,3.16,3.61272528,7,12.967633,1.45,1.6,0.917407,13,6.75885,-0.05,-0.4,-0.45,-0.00877193,1.38,1.44,1.5,1.56,0.06,4.5,1,0.625,0.636734694,0.673170732,0.685714286,0.928442029,0.928571429,1.425,1.63,1,1,1.53,0.5,6,6.76268,72.45124,0.965517241,1.0375,0.736686334,0.923076923,1.001133329,7,94,8,0.1473,0.81216,93,0.14784,0.79901,17,107,6,0.16265,0.73553,107,0.1606,0.73553,41,51,65,0.48244,0.24797,48,0.49439,0.23893,24,54,56,0.40019,0.29894,51,0.41024,0.28794,3.231920787,2.506328687,2.962177872,1.968569717,1.46822,0.506963,0.649607,-1.475201,-1.149589,3.800635333,5.132057,1.331421667,4.466346167,2.809984162,1.802809282,-3.920414886,-0.286500245,0.463871824,-4.518488553,-0.046777446,0.008410999,-0.893452,0.198118,2.063365
381,CrTiCF2,AA,m1,1.4,1.66,0.6758412,12,6.76651,0.7,2.55,1.262113612,4,11.260288,0.5,3.98,3.401189824,7,17.42282,1.4,1.54,0.075545,12,6.82812,0,-0.9,-0.9,0,0.89,1.01,2.32,2.44,0.12,3.5,3,1.221052632,1.284210526,0.423809524,0.480952381,2.881135423,2.670140698,1.4,1.6,0,2,2.38,1.5,5.6,6.797315,49.93155,1,1.077922078,8.946206897,1,0.990977019,6,88,12,0.15167,0.78879,87,0.15208,0.77673,9,106,3,0.13207,0.90585,106,0.1304,0.90585,22,46,64,0.43051,0.27789,43,0.441,0.26786,24,54,56,0.40019,0.29894,51,0.41024,0.28794,3.042415953,2.139080713,2.806963649,2.0059325,1.648856,0.706274,0.753486,-1.709828,-1.398786,4.800356,6.126279333,1.325923333,5.463317667,3.408294406,0.944901429,-5.322488822,-0.889776463,0.724584825,-5.768036823,0.582025682,0.673320472,-1.749175,0.199465,1.520689
502,MoNbNS2,BB,bridge,1.45,2.16,0.74733,14,7.09243,0.65,3.04,-0.07,5,14.53413,1,2.58,2.077104512,6,10.36001,1.45,1.6,0.917407,13,6.75885,0,-0.45,-0.45,0,0.88,1.44,0.42,0.98,0.56,4.5,1,0.171428571,0.4,0.419047619,0.685714286,0.409090909,0.583333333,1.45,1.88,0,1,0.7,0.5,5.6,6.92564,94.42319,1,1.35,0.814611181,1.076923077,1.04935455,7,94,8,0.1473,0.81216,93,0.14784,0.79901,16,101,9,0.1781,0.67171,100,0.17899,0.65995,41,51,65,0.48244,0.24797,48,0.49439,0.23893,42,55,61,0.46178,0.25907,52,0.47342,0.24951,3.096800847,2.399209525,2.859293062,2.186993635,1.50393,0.564644,0.706783,-1.426476,-1.348881,5.873998667,4.464983333,-1.409015333,5.169491,2.805117185,1.714455416,-2.13395176,-0.907197833,1.410915147,-2.132272294,-0.702006512,1.338233384,-0.804118,0.199859,1.722082
401,ScNbNCl2,AA,m2,1.6,1.36,0.1882,11,6.56149,0.65,3.04,-0.07,5,14.53413,1,3.16,3.61272528,7,12.967633,1.45,1.6,0.917407,13,6.75885,0.15,-0.6,-0.45,0.024590164,1.68,1.44,1.8,1.56,-0.24,2.5,3,0.692307692,0.636734694,0.746666667,0.685714286,0.927197802,0.928571429,1.525,1.48,1,2,1.68,2.5,5.4,6.66017,68.931146,1.103448276,0.85,0.20514341,0.846153846,0.970799766,7,94,8,0.1473,0.81216,93,0.14784,0.79901,17,107,6,0.16265,0.73553,107,0.1606,0.73553,41,51,65,0.48244,0.24797,48,0.49439,0.23893,21,14,105,0.6303,0.1898,11,0.64709,0.18255,3.282929713,2.566438306,3.413954606,2.19606316,1.790084,0.674914,0.652681,-1.462208,-1.65547,4.001715667,4.647138667,0.645423,4.324427167,4.304283799,3.289110654,-4.105960854,2.213209072,0.590545543,-4.252577575,2.104900388,0.637578014,-1.558301,0.20036,1.868563
296,ScTaCBr2,AA,bridge,1.6,1.36,0.1882,11,6.56149,0.7,2.55,1.262113612,4,11.260288,1.15,2.96,3.3635883,7,11.81381,1.45,1.5,0.32312,11,7.549571,0.15,-0.45,-0.3,0.024590164,1.19,1.05,1.6,1.46,-0.14,2,2,0.581818182,0.561538462,0.517391304,0.488372093,1.124522536,1.14981685,1.525,1.43,2,2,1.53,3,5.2,7.0555305,112.951896,1.103448276,0.906666667,0.58244615,1,0.869120908,6,88,12,0.15167,0.78879,87,0.15208,0.77673,35,108,10,0.19779,0.60484,108,0.1953,0.60484,73,52,69,0.54867,0.21804,49,0.56231,0.21007,21,14,105,0.6303,0.1898,11,0.64709,0.18255,3.41923334,2.717716621,3.529302212,2.365428958,1.956148,0.65797,0.573488,-1.594023,-1.593583,3.704573667,4.690627333,0.986053667,4.1976005,2.470825451,1.703077513,-3.842589041,2.124965833,0.200316299,-4.369451108,1.719906953,0.008216367,-1.058239,0.201545,2.159613
136,VHfNSe2,BA,x,1.35,1.63,0.527662,13,6.746187,0.65,3.04,-0.07,5,14.53413,1.15,2.55,2.020604712,6,9.752392,1.55,1.3,0.17807,10,6.82507,-0.2,-0.2,-0.4,-0.034482759,1.41,1.74,0.92,1.25,0.33,2.5,1,0.368,0.462962963,0.705,0.790909091,0.521985816,0.58535547,1.45,1.465,2,1,1.085,1.5,5.2,6.7856285,114.71575,0.870967742,1.253846154,2.963227944,1.3,0.98844217,7,94,8,0.1473,0.81216,93,0.14784,0.79901,34,102,14,0.21954,0.54493,101,0.22068,0.53528,72,48,71,0.57475,0.20815,45,0.58884,0.2006,23,50,60,0.41533,0.28804,47,0.42558,0.27756,3.284870095,2.508845647,2.816620441,2.230592865,1.742467,0.787688,0.522839,-1.816636,-1.236359,5.106613667,4.884425667,-0.222188,4.995519667,3.552257778,1.494907647,-2.167424497,0.106884756,0.966187476,-2.720484812,-0.035646783,0.618035523,-1.084686,0.201868,1.5604
436,HfVNSe2,AB,bridge,1.55,1.3,0.17807,10,6.82507,0.65,3.04,-0.07,5,14.53413,1.15,2.55,2.020604712,6,9.752392,1.35,1.63,0.527662,13,6.746187,0.2,-0.4,-0.2,0.034482759,1.74,1.41,1.25,0.92,-0.33,2.5,1,0.462962963,0.368,0.790909091,0.705,0.58535547,0.521985816,1.45,1.465,2,1,1.085,1.5,5.2,6.7856285,114.71575,1.148148148,0.797546012,0.33746982,0.769230769,1.011692976,7,94,8,0.1473,0.81216,93,0.14784,0.79901,34,102,14,0.21954,0.54493,101,0.22068,0.53528,23,50,60,0.41533,0.28804,47,0.42558,0.27756,72,48,71,0.57475,0.20815,45,0.58884,0.2006,3.284865631,2.629572057,2.816645883,2.220924713,1.74103,0.794962,0.523873,-1.234792,-1.825075,4.888338,5.110306,0.221968,4.999322,2.132417732,1.728854042,-2.174984723,0.978658049,0.107745425,-2.679605246,0.333514863,-0.168059281,-1.084685,0.201869,1.273491
348,MoWNS2,BB,bridge,1.45,2.16,0.74733,14,7.09243,0.65,3.04,-0.07,5,14.53413,1,2.58,2.077104512,6,10.36001,1.35,2.36,0.816268,14,7.86403,0.1,-0.45,-0.35,0.017857143,0.88,0.68,0.42,0.22,-0.2,4.5,1,0.171428571,0.093617021,0.419047619,0.34,0.409090909,0.27534418,1.4,2.26,1,0,0.32,0.5,5.8,7.47823,139.89,1.074074074,0.915254237,0.915544895,1,0.901882368,7,94,8,0.1473,0.81216,93,0.14784,0.79901,16,101,9,0.1781,0.67171,100,0.17899,0.65995,74,56,66,0.52343,0.22855,53,0.5367,0.22009,42,55,61,0.46178,0.25907,52,0.47342,0.24951,3.057963297,2.363883747,2.928522556,2.271331439,1.427204,0.531691,0.631471,-1.425909,-1.164458,3.745402667,4.056567667,0.311165,3.900985167,2.867092152,1.756663718,-3.377016392,-1.103718362,-0.823537656,-3.309210686,-0.880973458,-0.813280833,-0.48341,0.202737,1.406342
446,CrWNSe2,AA,bridge,1.4,1.66,0.6758412,12,6.76651,0.65,3.04,-0.07,5,14.53413,1.15,2.55,2.020604712,6,9.752392,1.35,2.36,0.816268,14,7.86403,0.05,-0.25,-0.2,0.009090909,1.38,0.68,0.89,0.19,-0.7,4.5,1,0.349019608,0.076,0.673170732,0.34,0.518471157,0.223529412,1.375,2.01,2,0,0.54,0.5,5.8,7.31527,117.91805,1.037037037,0.703389831,0.827964835,0.857142857,0.860437969,7,94,8,0.1473,0.81216,93,0.14784,0.79901,34,102,14,0.21954,0.54493,101,0.22068,0.53528,74,56,66,0.52343,0.22855,53,0.5367,0.22009,24,54,56,0.40019,0.29894,51,0.41024,0.28794,3.300450761,2.492872187,3.170825287,2.119074822,1.447895,0.459294,0.541691,-1.400967,-1.047915,4.392127333,5.094147667,0.702020333,4.7431375,2.472986612,1.713533206,-1.786464967,-0.864180107,-0.287248952,-1.728780621,0.211626058,-0.031915494,-0.274335,0.202998,0.745925
1,Mo2CCl2,AA,m2,1.45,2.16,0.74733,14,7.09243,0.7,2.55,1.262113612,4,11.260288,1,3.16,3.61272528,7,12.967633,1.45,2.16,0.74733,14,7.09243,0,-0.45,-0.45,0,0.39,0.39,1,1,0,5,0,0.408163265,0.408163265,0.181395349,0.181395349,2.250130822,2.250130822,1.45,2.16,0,0,1,0,6,7.09243,95.94,1,1,1,1,1,6,88,12,0.15167,0.78879,87,0.15208,0.77673,17,107,6,0.16265,0.73553,107,0.1606,0.73553,42,55,61,0.46178,0.25907,52,0.47342,0.24951,42,55,61,0.46178,0.25907,52,0.47342,0.24951,3.359333013,2.626649371,3.325862036,2.151198227,1.365709,0.553948,0.540689,-1.230358,-1.229989,4.447217667,4.446571667,-0.000646,4.446894667,4.397025306,3.227690332,-4.004535025,-0.581197588,-0.581197588,-4.096709587,-0.587279098,-0.587279098,-0.436559,0.203139,2.133656
397,ZrTiNSe2,AA,bridge,1.55,1.33,0.433289,12,6.634126,0.65,3.04,-0.07,5,14.53413,1.15,2.55,2.020604712,6,9.752392,1.4,1.54,0.075545,12,6.82812,0.15,-0.4,-0.25,0.025423729,1.71,1.5,1.22,1.01,-0.21,2,0,0.451851852,0.396078431,0.777272727,0.731707317,0.581329868,0.54130719,1.475,1.435,1,0,1.115,2,5,6.731123,69.5455,1.107142857,0.863636364,5.735508637,1,0.971588959,7,94,8,0.1473,0.81216,93,0.14784,0.79901,34,102,14,0.21954,0.54493,101,0.22068,0.53528,22,46,64,0.43051,0.27789,43,0.441,0.26786,40,47,68,0.50364,0.23753,44,0.51595,0.22894,3.363729996,2.663534146,3.406864804,2.309914068,1.794485,0.806416,0.717747,-1.557474,-1.761173,5.419166,5.408803,-0.010363,5.4139845,2.151197508,1.749570748,-1.847147457,0.962136669,1.219696196,-1.97128572,0.797139958,1.24995443,-1.309936,0.203564,0.574059
465,TiZrNSe2,AA,bridge,1.4,1.54,0.075545,12,6.82812,0.65,3.04,-0.07,5,14.53413,1.15,2.55,2.020604712,6,9.752392,1.55,1.33,0.433289,12,6.634126,-0.15,-0.25,-0.4,-0.025423729,1.5,1.71,1.01,1.22,0.21,2,0,0.396078431,0.451851852,0.731707317,0.777272727,0.54130719,0.581329868,1.475,1.435,1,0,1.115,2,5,6.731123,69.5455,0.903225806,1.157894737,0.174352453,1,1.029241832,7,94,8,0.1473,0.81216,93,0.14784,0.79901,34,102,14,0.21954,0.54493,101,0.22068,0.53528,40,47,68,0.50364,0.23753,44,0.51595,0.22894,22,46,64,0.43051,0.27789,43,0.441,0.26786,3.363574367,2.554120431,3.406819418,2.251910909,1.786745,0.723362,0.809741,-1.759042,-1.560807,5.408902,5.419232,0.01033,5.414067,1.976203539,1.757689205,-1.847102288,1.219820279,0.963539956,-1.953234031,1.1203133,0.945600748,-1.309935,0.203565,0.652991
423,MnTiNF2,AA,bridge,1.4,1.55,-0.52,13,7.434038,0.65,3.04,-0.07,5,14.53413,0.5,3.98,3.401189824,7,17.42282,1.4,1.54,0.075545,12,6.82812,0,-0.9,-0.9,0,1.49,1.5,2.43,2.44,0.01,3.5,3,1.278947368,1.284210526,0.726829268,0.731707317,1.759625574,1.755087719,1.4,1.545,0,3,2.435,1.5,6,7.131079,51.4025225,1,1.006493506,-6.883314581,1.083333333,1.088738628,7,94,8,0.1473,0.81216,93,0.14784,0.79901,9,106,3,0.13207,0.90585,106,0.1304,0.90585,22,46,64,0.43051,0.27789,43,0.441,0.26786,25,58,52,0.3851,0.31065,55,0.39497,0.29907,3.101469247,2.133878141,2.838383476,2.21831891,1.665903,0.758856,0.768395,-1.836909,-1.356248,4.784853333,6.292281,1.507427667,5.538567167,1.551112594,1.944669096,-5.479744039,-0.751009941,0.607805177,-5.742593141,-0.515044307,0.319477525,-1.914527,0.203573,2.25073
206,TiTaCO2,AA,m1,1.4,1.54,0.075545,12,6.82812,0.7,2.55,1.262113612,4,11.260288,0.6,3.44,1.4611053,6,13.618055,1.45,1.5,0.32312,11,7.549571,-0.05,-0.8,-0.85,-0.00877193,1.01,1.05,1.9,1.94,0.04,2.5,1,0.95,0.946341463,0.480952381,0.488372093,1.975247525,1.937746806,1.425,1.52,2,1,1.92,1.5,5,7.1888455,114.40744,0.965517241,1.026666667,0.233798589,1.090909091,0.904438146,6,88,12,0.15167,0.78879,87,0.15208,0.77673,8,100,5,0.14058,0.85098,99,0.14125,0.83626,73,52,69,0.54867,0.21804,49,0.56231,0.21007,22,46,64,0.43051,0.27789,43,0.441,0.26786,3.072432266,1.996830494,2.84639021,2.204647752,1.819967,1.124712,1.160738,-2.162151,-1.943265,5.548253333,5.905419,0.357165667,5.726836167,2.806591231,0.973079829,-3.003272115,1.144172097,0.328389879,-3.555767973,1.168389032,0.148267657,-1.87792,0.204344,-0.17474
306,TiMoNCl2,AA,bridge,1.4,1.54,0.075545,12,6.82812,0.65,3.04,-0.07,5,14.53413,1,3.16,3.61272528,7,12.967633,1.45,2.16,0.74733,14,7.09243,-0.05,-0.4,-0.45,-0.00877193,1.5,0.88,1.62,1,-0.62,3.5,3,0.675,0.408163265,0.731707317,0.419047619,0.9225,0.974025974,1.425,1.85,1,2,1.31,1.5,5.8,6.960275,71.9035,0.965517241,0.712962963,0.101086535,0.857142857,0.962733506,7,94,8,0.1473,0.81216,93,0.14784,0.79901,17,107,6,0.16265,0.73553,107,0.1606,0.73553,42,55,61,0.46178,0.25907,52,0.47342,0.24951,22,46,64,0.43051,0.27789,43,0.441,0.26786,3.309072472,2.553098491,3.26981404,2.138127858,1.529899,0.635239,0.588332,-1.198015,-1.555455,4.633431333,4.57466,-0.058771333,4.604045667,2.528540362,1.560456259,-3.916577025,0.825602009,-0.648019315,-4.346686952,1.219070435,-0.359950433,-1.08964,0.204564,2.351477
63,NbCrNCl2,AA,m2,1.45,1.6,0.917407,13,6.75885,0.65,3.04,-0.07,5,14.53413,1,3.16,3.61272528,7,12.967633,1.4,1.66,0.6758412,12,6.76651,0.05,-0.45,-0.4,0.00877193,1.44,1.38,1.56,1.5,-0.06,4.5,1,0.636734694,0.625,0.685714286,0.673170732,0.928571429,0.928442029,1.425,1.63,1,1,1.53,0.5,6,6.76268,72.45124,1.035714286,0.963855422,1.357429822,1.083333333,0.998867954,7,94,8,0.1473,0.81216,93,0.14784,0.79901,17,107,6,0.16265,0.73553,107,0.1606,0.73553,24,54,56,0.40019,0.29894,51,0.41024,0.28794,41,51,65,0.48244,0.24797,48,0.49439,0.23893,3.226568651,2.574602077,2.96047574,2.248594278,1.47267,0.612795,0.493311,-1.146469,-1.432306,5.110467,3.773272333,-1.337194667,4.441869667,4.315250632,3.150552189,-3.92998963,0.466427543,-0.285906768,-3.97114991,0.455366782,-0.281460293,-0.886956,0.204615,2.185525
561,TiYCCl2,AA,bridge,1.4,1.54,0.075545,12,6.82812,0.7,2.55,1.262113612,4,11.260288,1,3.16,3.61272528,7,12.967633,1.8,1.22,0.30712,11,6.21726,-0.4,-0.4,-0.8,-0.0625,1.01,1.33,1.62,1.94,0.32,1.5,1,0.675,0.692857143,0.480952381,0.532,1.403465347,1.30236305,1.6,1.38,1,1,1.78,3.5,5,6.52269,68.386425,0.777777778,1.262295082,0.245978771,1.090909091,1.098252285,6,88,12,0.15167,0.78879,87,0.15208,0.77673,17,107,6,0.16265,0.73553,107,0.1606,0.73553,39,15,108,0.74258,0.1611,12,0.76224,0.15497,22,46,64,0.43051,0.27789,43,0.441,0.26786,3.422170254,2.559930707,3.309199143,2.226716258,1.981548,0.654871,0.717036,-1.701419,-1.652036,5.072457667,4.803599,-0.268858667,4.938028333,2.444544534,1.569907699,-3.89602343,0.998476387,1.574956109,-4.154683907,0.959938568,1.34519348,-1.382591,0.204934,2.204387
598,YHfNBr2,BA,m2,1.8,1.22,0.30712,11,6.21726,0.65,3.04,-0.07,5,14.53413,1.15,2.96,3.3635883,7,11.81381,1.55,1.3,0.17807,10,6.82507,0.25,-0.65,-0.4,0.037313433,1.82,1.74,1.74,1.66,-0.08,1.5,1,0.589830508,0.614814815,0.742857143,0.790909091,0.794002608,0.777352065,1.675,1.26,1,1,1.7,3.5,5.2,6.521165,133.697925,1.161290323,0.938461538,1.724715,1.1,0.910944503,7,94,8,0.1473,0.81216,93,0.14784,0.79901,35,108,10,0.19779,0.60484,108,0.1953,0.60484,72,48,71,0.57475,0.20815,45,0.58884,0.2006,39,15,108,0.74258,0.1611,12,0.76224,0.15497,3.529767148,2.851225793,3.476492822,2.538458894,1.866661,0.661344,0.642676,-1.645738,-1.524942,2.951132333,3.845015667,0.893883333,3.398074,4.473250517,3.218659072,-4.535480108,1.382471538,0.47985492,-4.544843119,1.347895321,0.442253325,-1.603695,0.206652,2.190971
173,Mo2NSe2,BB,bridge,1.45,2.16,0.74733,14,7.09243,0.65,3.04,-0.07,5,14.53413,1.15,2.55,2.020604712,6,9.752392,1.45,2.16,0.74733,14,7.09243,0,-0.3,-0.3,0,0.88,0.88,0.39,0.39,0,5,0,0.15,0.15,0.419047619,0.419047619,0.357954545,0.357954545,1.45,2.16,0,0,0.39,1,5.8,7.09243,95.94,1,1,1,1,1,7,94,8,0.1473,0.81216,93,0.14784,0.79901,34,102,14,0.21954,0.54493,101,0.22068,0.53528,42,55,61,0.46178,0.25907,52,0.47342,0.24951,42,55,61,0.46178,0.25907,52,0.47342,0.24951,3.113621548,2.522185112,3.075970062,2.222460097,1.42467,0.411723,0.405583,-1.124204,-1.117771,3.844039667,3.843773,-0.000266667,3.843906333,3.138008282,1.927498769,-2.860435136,-0.819606372,-0.819606372,-2.83827414,-0.649764226,-0.649764226,-0.377642,0.207186,1.38014
570,NbZrCF2,AA,m2,1.45,1.6,0.917407,13,6.75885,0.7,2.55,1.262113612,4,11.260288,0.5,3.98,3.401189824,7,17.42282,1.55,1.33,0.433289,12,6.634126,-0.1,-0.95,-1.05,-0.016666667,0.95,1.22,2.38,2.65,0.27,3,2,1.220512821,1.292682927,0.441860465,0.542222222,2.762213225,2.384046381,1.5,1.465,0,1,2.515,2,5.4,6.696488,92.06519,0.935483871,1.203007519,2.117309694,1.083333333,1.018800366,6,88,12,0.15167,0.78879,87,0.15208,0.77673,9,106,3,0.13207,0.90585,106,0.1304,0.90585,40,47,68,0.50364,0.23753,44,0.51595,0.22894,41,51,65,0.48244,0.24797,48,0.49439,0.23893,3.218269923,2.307808789,3.112349407,2.173699242,1.975544,0.762365,0.784689,-1.842832,-1.679765,4.077019333,4.546313333,0.469294,4.311666333,1.767809342,2.192521293,-5.808753447,0.860493213,1.898808187,-5.732207543,0.957062474,1.928713758,-1.990505,0.207634,1.627971
553,TiTaCF2,AA,x,1.4,1.54,0.075545,12,6.82812,0.7,2.55,1.262113612,4,11.260288,0.5,3.98,3.401189824,7,17.42282,1.45,1.5,0.32312,11,7.549571,-0.05,-0.9,-0.95,-0.00877193,1.01,1.05,2.44,2.48,0.04,2.5,1,1.284210526,1.271794872,0.480952381,0.488372093,2.670140698,2.604151404,1.425,1.52,2,1,2.46,2.5,5.4,7.1888455,114.40744,0.965517241,1.026666667,0.233798589,1.090909091,0.904438146,6,88,12,0.15167,0.78879,87,0.15208,0.77673,9,106,3,0.13207,0.90585,106,0.1304,0.90585,73,52,69,0.54867,0.21804,49,0.56231,0.21007,22,46,64,0.43051,0.27789,43,0.441,0.26786,3.10212806,2.179540061,2.947401083,2.10120046,1.92859,0.757375,0.743234,-1.720356,-1.708845,4.245463667,4.835711,0.590247333,4.540587333,3.922530191,2.878140155,-6.069378564,0.882864401,0.04813948,-6.08959846,0.860882853,-0.000644892,-1.914903,0.208538,2.195164
107,TaTiCF2,AA,bridge,1.45,1.5,0.32312,11,7.549571,0.7,2.55,1.262113612,4,11.260288,0.5,3.98,3.401189824,7,17.42282,1.4,1.54,0.075545,12,6.82812,0.05,-0.95,-0.9,0.00877193,1.05,1.01,2.48,2.44,-0.04,2.5,1,1.271794872,1.284210526,0.488372093,0.480952381,2.604151404,2.670140698,1.425,1.52,2,1,2.46,2.5,5.4,7.1888455,114.40744,1.035714286,0.974025974,4.277185783,0.916666667,1.105658805,6,88,12,0.15167,0.78879,87,0.15208,0.77673,9,106,3,0.13207,0.90585,106,0.1304,0.90585,22,46,64,0.43051,0.27789,43,0.441,0.26786,73,52,69,0.54867,0.21804,49,0.56231,0.21007,3.102163132,2.298794023,2.947439041,2.143053686,1.935129,0.752273,0.756793,-1.713714,-1.730482,4.825674,4.234392333,-0.591281667,4.530033167,1.778904775,2.131479265,-6.06544528,0.054591579,0.886776672,-5.901574936,0.200197133,0.885460796,-1.914902,0.208539,1.509653
511,TiWCBr2,AA,bridge,1.4,1.54,0.075545,12,6.82812,0.7,2.55,1.262113612,4,11.260288,1.15,2.96,3.3635883,7,11.81381,1.35,2.36,0.816268,14,7.86403,0.05,-0.25,-0.2,0.009090909,1.01,0.19,1.42,0.6,-0.82,3,2,0.556862745,0.24,0.480952381,0.092682927,1.15783343,2.589473684,1.375,1.95,2,2,1.01,2,5.6,7.346075,115.8535,1.037037037,0.652542373,0.092549261,0.857142857,0.868272374,6,88,12,0.15167,0.78879,87,0.15208,0.77673,35,108,10,0.19779,0.60484,108,0.1953,0.60484,74,56,66,0.52343,0.22855,53,0.5367,0.22009,22,46,64,0.43051,0.27789,43,0.441,0.26786,3.375274088,2.68327252,3.460161807,2.206400896,1.651086,0.575194,0.496803,-1.209748,-1.513335,3.871670667,4.423584,0.551913333,4.147627333,2.603809506,1.690840657,-3.484443133,1.038775674,-0.244788577,-3.706470262,1.476462503,-0.481670333,-0.657105,0.208582,2.146836
249,NbMnCCl2,AA,m2,1.45,1.6,0.917407,13,6.75885,0.7,2.55,1.262113612,4,11.260288,1,3.16,3.61272528,7,12.967633,1.4,1.55,-0.52,13,7.434038,0.05,-0.45,-0.4,0.00877193,0.95,1,1.56,1.61,0.05,4.5,1,0.636734694,0.670833333,0.441860465,0.476190476,1.441031149,1.40875,1.425,1.575,1,2,1.585,0.5,6,7.096444,73.9222125,1.035714286,1.032258065,-1.764244231,1,0.909176144,6,88,12,0.15167,0.78879,87,0.15208,0.77673,17,107,6,0.16265,0.73553,107,0.1606,0.73553,25,58,52,0.3851,0.31065,55,0.39497,0.29907,41,51,65,0.48244,0.24797,48,0.49439,0.23893,3.242633439,2.59267744,2.97853346,2.210505038,1.416193,0.631053,0.454513,-0.89893,-1.602827,5.249102333,3.74934,-1.499762333,4.499221167,4.348019174,3.162795915,-3.744572676,0.490488523,-0.552862487,-3.812272894,0.481837214,-0.550911638,-0.69396,0.209321,2.1864
41,NbTaCF2,AA,m2,1.45,1.6,0.917407,13,6.75885,0.7,2.55,1.262113612,4,11.260288,0.5,3.98,3.401189824,7,17.42282,1.45,1.5,0.32312,11,7.549571,0,-0.95,-0.95,0,0.95,1.05,2.38,2.48,0.1,3.5,1,1.220512821,1.271794872,0.441860465,0.488372093,2.762213225,2.604151404,1.45,1.55,1,0,2.43,1.5,5.6,7.1542105,136.92713,1,1.066666667,2.839214533,1.181818182,0.89526279,6,88,12,0.15167,0.78879,87,0.15208,0.77673,9,106,3,0.13207,0.90585,106,0.1304,0.90585,73,52,69,0.54867,0.21804,49,0.56231,0.21007,41,51,65,0.48244,0.24797,48,0.49439,0.23893,3.196253167,2.301737589,3.086609889,2.166040329,1.923639,0.755859,0.757811,-1.778752,-1.658558,3.9613,4.358131,0.396831,4.1597155,1.771426776,2.184758898,-6.333378753,0.0346734,-0.19979803,-6.185720358,0.136557744,-0.068658342,-1.647244,0.210922,1.512826
403,TiScNO2,AA,m1,1.4,1.54,0.075545,12,6.82812,0.65,3.04,-0.07,5,14.53413,0.6,3.44,1.4611053,6,13.618055,1.6,1.36,0.1882,11,6.56149,-0.2,-0.8,-1,-0.033333333,1.5,1.68,1.9,2.08,0.18,1.5,1,0.95,0.945454545,0.731707317,0.746666667,1.298333333,1.266233766,1.5,1.45,0,1,1.99,2.5,4.8,6.694805,46.411456,0.875,1.132352941,0.401408077,1.090909091,1.040635587,7,94,8,0.1473,0.81216,93,0.14784,0.79901,8,100,5,0.14058,0.85098,99,0.14125,0.83626,21,14,105,0.6303,0.1898,11,0.64709,0.18255,22,46,64,0.43051,0.27789,43,0.441,0.26786,3.109561294,2.000641004,2.715247497,2.134290612,1.628815,1.130438,1.221708,-1.893365,-2.087597,7.357973333,6.614157667,-0.743815667,6.9860655,2.813146829,0.972691387,-1.898711367,1.444733711,3.061039852,-3.088326563,0.703546461,1.968267687,-2.563223,0.211715,0.469444
208,ScTiNO2,AA,m1,1.6,1.36,0.1882,11,6.56149,0.65,3.04,-0.07,5,14.53413,0.6,3.44,1.4611053,6,13.618055,1.4,1.54,0.075545,12,6.82812,0.2,-1,-0.8,0.033333333,1.68,1.5,2.08,1.9,-0.18,1.5,1,0.945454545,0.95,0.746666667,0.731707317,1.266233766,1.298333333,1.5,1.45,0,1,1.99,2.5,4.8,6.694805,46.411456,1.142857143,0.883116883,2.491230392,0.916666667,0.960951184,7,94,8,0.1473,0.81216,93,0.14784,0.79901,8,100,5,0.14058,0.85098,99,0.14125,0.83626,22,46,64,0.43051,0.27789,43,0.441,0.26786,21,14,105,0.6303,0.1898,11,0.64709,0.18255,3.107699232,1.974725996,2.715994548,2.390770157,1.629843,1.223433,1.133208,-2.092679,-1.893805,6.619829667,7.375646667,0.755817,6.997738167,2.773761618,0.97195671,-1.908899735,3.06229939,1.434715145,-3.609424079,1.595090176,0.662896315,-2.561912,0.213026,0.193315
568,TiHfCS2,AA,m1,1.4,1.54,0.075545,12,6.82812,0.7,2.55,1.262113612,4,11.260288,1,2.58,2.077104512,6,10.36001,1.55,1.3,0.17807,10,6.82507,-0.15,-0.4,-0.55,-0.025423729,1.01,1.25,1.04,1.28,0.24,2,0,0.433333333,0.501960784,0.480952381,0.555555556,0.900990099,0.903529412,1.475,1.42,2,0,1.16,2,4.8,6.826595,113.1785,0.903225806,1.184615385,0.424243275,1.2,1.000446882,6,88,12,0.15167,0.78879,87,0.15208,0.77673,16,101,9,0.1781,0.67171,100,0.17899,0.65995,72,48,71,0.57475,0.20815,45,0.58884,0.2006,22,46,64,0.43051,0.27789,43,0.441,0.26786,3.327452795,2.417193493,3.315074785,2.283636828,1.853098,0.821205,0.903652,-1.896045,-1.681909,6.256172667,6.161498,-0.094674667,6.208835333,3.419816886,1.348329127,-1.349784406,1.731464936,2.420995975,-1.813122392,1.560842025,2.135266869,-1.104535,0.213081,0.124632
31,HfTiCS2,AA,m1,1.55,1.3,0.17807,10,6.82507,0.7,2.55,1.262113612,4,11.260288,1,2.58,2.077104512,6,10.36001,1.4,1.54,0.075545,12,6.82812,0.15,-0.55,-0.4,0.025423729,1.25,1.01,1.28,1.04,-0.24,2,0,0.501960784,0.433333333,0.555555556,0.480952381,0.903529412,0.900990099,1.475,1.42,2,0,1.16,2,4.8,6.826595,113.1785,1.107142857,0.844155844,2.35713813,0.833333333,0.999553318,6,88,12,0.15167,0.78879,87,0.15208,0.77673,16,101,9,0.1781,0.67171,100,0.17899,0.65995,22,46,64,0.43051,0.27789,43,0.441,0.26786,72,48,71,0.57475,0.20815,45,0.58884,0.2006,3.32743712,2.509492493,3.315106455,2.32234138,1.851152,0.906848,0.826846,-1.687747,-1.8971,6.163295,6.257731667,0.094436667,6.210513333,3.552112559,1.346553095,-1.340332742,2.413200266,1.728422721,-1.912029302,1.905112767,1.626765949,-1.104533,0.213083,0.328023
365,WNbCCl2,AA,m2,1.35,2.36,0.816268,14,7.86403,0.7,2.55,1.262113612,4,11.260288,1,3.16,3.61272528,7,12.967633,1.45,1.6,0.917407,13,6.75885,-0.1,-0.35,-0.45,-0.017857143,0.19,0.95,0.8,1.56,0.76,4,0,0.340425532,0.636734694,0.092682927,0.441860465,3.673012318,1.441031149,1.4,1.98,1,1,1.18,1,5.8,7.31144,138.37319,0.931034483,1.475,0.889755583,1.076923077,1.163515983,6,88,12,0.15167,0.78879,87,0.15208,0.77673,17,107,6,0.16265,0.73553,107,0.1606,0.73553,41,51,65,0.48244,0.24797,48,0.49439,0.23893,74,56,66,0.52343,0.22855,53,0.5367,0.22009,3.345088245,2.664107102,3.323764938,2.118195928,1.633009,0.58296,0.635019,-1.530493,-1.320495,3.96144,4.287190333,0.325750333,4.124315167,4.290796928,3.124524091,-4.303639235,-0.406642074,0.275797633,-4.512180277,-0.146650635,0.196262854,-0.627667,0.213175,2.207993
300,NbWCCl2,AA,x,1.45,1.6,0.917407,13,6.75885,0.7,2.55,1.262113612,4,11.260288,1,3.16,3.61272528,7,12.967633,1.35,2.36,0.816268,14,7.86403,0.1,-0.45,-0.35,0.017857143,0.95,0.19,1.56,0.8,-0.76,4,0,0.636734694,0.340425532,0.441860465,0.092682927,1.441031149,3.673012318,1.4,1.98,1,1,1.18,1,5.8,7.31144,138.37319,1.074074074,0.677966102,1.123904159,0.928571429,0.859463914,6,88,12,0.15167,0.78879,87,0.15208,0.77673,17,107,6,0.16265,0.73553,107,0.1606,0.73553,74,56,66,0.52343,0.22855,53,0.5367,0.22009,41,51,65,0.48244,0.24797,48,0.49439,0.23893,3.345152512,2.622662857,3.323692218,2.23768477,1.62438,0.64674,0.564207,-1.293848,-1.541479,4.281361667,3.955661667,-0.3257,4.118511667,4.72249596,3.202664788,-4.293649212,0.278826022,-0.406774458,-4.299937181,0.318097195,-0.381871893,-0.627667,0.213175,2.208997
283,ScCrNBr2,AA,x,1.6,1.36,0.1882,11,6.56149,0.65,3.04,-0.07,5,14.53413,1.15,2.96,3.3635883,7,11.81381,1.4,1.66,0.6758412,12,6.76651,0.2,-0.45,-0.25,0.033333333,1.68,1.38,1.6,1.3,-0.3,3,4,0.581818182,0.509803922,0.746666667,0.673170732,0.779220779,0.75731742,1.5,1.51,0,3,1.45,2,5.6,6.664,48.476006,1.142857143,0.819277108,0.278467782,0.916666667,0.969700776,7,94,8,0.1473,0.81216,93,0.14784,0.79901,35,108,10,0.19779,0.60484,108,0.1953,0.60484,24,54,56,0.40019,0.29894,51,0.41024,0.28794,21,14,105,0.6303,0.1898,11,0.64709,0.18255,3.349520509,2.70608316,3.261708828,2.247213645,1.653073,0.641662,0.481836,-1.143798,-1.632773,4.095130333,4.323155,0.228024667,4.209142667,4.779964438,3.152605159,-4.030529271,1.638138998,-1.252725468,-4.019574041,1.52106282,0.559243713,-1.118079,0.215156,2.193259
217,VWCCl2,AA,m2,1.35,1.63,0.527662,13,6.746187,0.7,2.55,1.262113612,4,11.260288,1,3.16,3.61272528,7,12.967633,1.35,2.36,0.816268,14,7.86403,0,-0.35,-0.35,0,0.92,0.19,1.53,0.8,-0.73,3.5,1,0.65106383,0.340425532,0.448780488,0.092682927,1.450740056,3.673012318,1.35,1.995,2,1,1.165,1.5,5.8,7.3051085,117.39075,1,0.690677966,0.646432299,0.928571429,0.85785367,6,88,12,0.15167,0.78879,87,0.15208,0.77673,17,107,6,0.16265,0.73553,107,0.1606,0.73553,74,56,66,0.52343,0.22855,53,0.5367,0.22009,23,50,60,0.41533,0.28804,47,0.42558,0.27756,3.250851173,2.503384002,3.212672084,2.103983847,1.593781,0.593774,0.581516,-1.365282,-1.403789,4.138701,4.573039333,0.434338333,4.355870167,4.216785112,3.137407794,-4.105391404,-0.003742396,-0.390749904,-4.150112521,0.018453449,-0.375846313,-0.57501,0.216561,2.204181
42,WVCCl2,AA,x,1.35,2.36,0.816268,14,7.86403,0.7,2.55,1.262113612,4,11.260288,1,3.16,3.61272528,7,12.967633,1.35,1.63,0.527662,13,6.746187,0,-0.35,-0.35,0,0.19,0.92,0.8,1.53,0.73,3.5,1,0.340425532,0.65106383,0.092682927,0.448780488,3.673012318,1.450740056,1.35,1.995,2,1,1.165,1.5,5.8,7.3051085,117.39075,1,1.447852761,1.546952405,1.076923077,1.165699972,6,88,12,0.15167,0.78879,87,0.15208,0.77673,17,107,6,0.16265,0.73553,107,0.1606,0.73553,23,50,60,0.41533,0.28804,47,0.42558,0.27756,74,56,66,0.52343,0.22855,53,0.5367,0.22009,3.250860576,2.639077515,3.212783684,2.110723968,1.595722,0.573459,0.577266,-1.388512,-1.357934,4.565205,4.131293333,-0.433911667,4.348249167,3.439169629,2.132035979,-4.10692111,-0.391265086,-0.003517828,-4.143538668,-0.340837726,0.087120957,-0.575009,0.216561,2.366536
473,MnTiCS2,BA,x,1.4,1.55,-0.52,13,7.434038,0.7,2.55,1.262113612,4,11.260288,1,2.58,2.077104512,6,10.36001,1.4,1.54,0.075545,12,6.82812,0,-0.4,-0.4,0,1,1.01,1.03,1.04,0.01,3.5,3,0.429166667,0.433333333,0.476190476,0.480952381,0.90125,0.900990099,1.4,1.545,0,3,1.035,0.5,5.4,7.131079,51.4025225,1,1.006493506,-6.883314581,1.083333333,1.088738628,6,88,12,0.15167,0.78879,87,0.15208,0.77673,16,101,9,0.1781,0.67171,100,0.17899,0.65995,22,46,64,0.43051,0.27789,43,0.441,0.26786,25,58,52,0.3851,0.31065,55,0.39497,0.29907,3.101102338,2.295068059,2.461953308,2.063600218,1.401045,0.411359,0.746232,-1.60913,-0.949507,5.953626,5.183245,-0.770381,5.5684355,3.248543578,1.379813219,-2.028301582,-1.315077093,1.354951562,-2.38657148,-0.058830157,1.2804211,-0.603063,0.217936,0.722394
26,WVCBr2,AA,x,1.35,2.36,0.816268,14,7.86403,0.7,2.55,1.262113612,4,11.260288,1.15,2.96,3.3635883,7,11.81381,1.35,1.63,0.527662,13,6.746187,0,-0.2,-0.2,0,0.19,0.92,0.6,1.33,0.73,3.5,1,0.24,0.532,0.092682927,0.448780488,2.589473684,1.185434783,1.35,1.995,2,1,0.965,1.5,5.8,7.3051085,117.39075,1,1.447852761,1.546952405,1.076923077,1.165699972,6,88,12,0.15167,0.78879,87,0.15208,0.77673,35,108,10,0.19779,0.60484,108,0.1953,0.60484,23,50,60,0.41533,0.28804,47,0.42558,0.27756,74,56,66,0.52343,0.22855,53,0.5367,0.22009,3.362306975,2.783878855,3.348441958,2.130531571,1.533393,0.492556,0.50678,-1.293432,-1.239297,4.40458,3.806169667,-0.598410333,4.105374833,3.616251532,2.227579846,-3.52936173,-0.401582494,-0.073260651,-3.590951596,-0.366123393,0.219294034,-0.38853,0.218009,2.12547
259,VWCBr2,AA,x,1.35,1.63,0.527662,13,6.746187,0.7,2.55,1.262113612,4,11.260288,1.15,2.96,3.3635883,7,11.81381,1.35,2.36,0.816268,14,7.86403,0,-0.2,-0.2,0,0.92,0.19,1.33,0.6,-0.73,3.5,1,0.532,0.24,0.448780488,0.092682927,1.185434783,2.589473684,1.35,1.995,2,1,0.965,1.5,5.8,7.3051085,117.39075,1,0.690677966,0.646432299,0.928571429,0.85785367,6,88,12,0.15167,0.78879,87,0.15208,0.77673,35,108,10,0.19779,0.60484,108,0.1953,0.60484,74,56,66,0.52343,0.22855,53,0.5367,0.22009,23,50,60,0.41533,0.28804,47,0.42558,0.27756,3.362353633,2.667966743,3.348401558,2.138919977,1.534064,0.504096,0.491642,-1.241043,-1.288758,3.814986,4.416924,0.601938,4.115955,3.034001971,1.94391023,-3.531424272,-0.073584487,-0.402182899,-3.744912796,0.272451988,-0.468102624,-0.388525,0.218014,2.151942
18,TiScNF2,AA,bridge,1.4,1.54,0.075545,12,6.82812,0.65,3.04,-0.07,5,14.53413,0.5,3.98,3.401189824,7,17.42282,1.6,1.36,0.1882,11,6.56149,-0.2,-0.9,-1.1,-0.033333333,1.5,1.68,2.44,2.62,0.18,1.5,1,1.284210526,1.247619048,0.731707317,0.746666667,1.755087719,1.670918367,1.5,1.45,0,1,2.53,3.5,5.2,6.694805,46.411456,0.875,1.132352941,0.401408077,1.090909091,1.040635587,7,94,8,0.1473,0.81216,93,0.14784,0.79901,9,106,3,0.13207,0.90585,106,0.1304,0.90585,21,14,105,0.6303,0.1898,11,0.64709,0.18255,22,46,64,0.43051,0.27789,43,0.441,0.26786,3.109638159,2.179826417,2.930263733,2.094939293,1.85497,0.774408,0.786976,-1.707574,-1.708778,4.265101333,4.456836333,0.191735,4.360968833,1.688852258,2.118751634,-6.248297917,0.659536463,1.139957977,-6.155508274,0.677447651,1.099027426,-2.667695,0.218364,1.910602
412,TiTaNBr2,AA,bridge,1.4,1.54,0.075545,12,6.82812,0.65,3.04,-0.07,5,14.53413,1.15,2.96,3.3635883,7,11.81381,1.45,1.5,0.32312,11,7.549571,-0.05,-0.25,-0.3,-0.00877193,1.5,1.54,1.42,1.46,0.04,2.5,1,0.556862745,0.561538462,0.731707317,0.733333333,0.761045752,0.765734266,1.425,1.52,2,1,1.44,2.5,5.6,7.1888455,114.40744,0.965517241,1.026666667,0.233798589,1.090909091,0.904438146,7,94,8,0.1473,0.81216,93,0.14784,0.79901,35,108,10,0.19779,0.60484,108,0.1953,0.60484,73,52,69,0.54867,0.21804,49,0.56231,0.21007,22,46,64,0.43051,0.27789,43,0.441,0.26786,3.385800417,2.688092006,3.422815578,2.179805437,1.714031,0.583935,0.576964,-1.456951,-1.417978,3.311343,4.113046,0.801703,3.7121945,2.657293435,1.695295284,-4.363039416,0.594806235,-0.468676962,-4.676256246,0.839207348,-0.608288857,-1.081743,0.218433,2.33043
150,NbWCBr2,AA,m2,1.45,1.6,0.917407,13,6.75885,0.7,2.55,1.262113612,4,11.260288,1.15,2.96,3.3635883,7,11.81381,1.35,2.36,0.816268,14,7.86403,0.1,-0.3,-0.2,0.017857143,0.95,0.19,1.36,0.6,-0.76,4,0,0.523076923,0.24,0.441860465,0.092682927,1.183805668,2.589473684,1.4,1.98,1,1,0.98,1,5.8,7.31144,138.37319,1.074074074,0.677966102,1.123904159,0.928571429,0.859463914,6,88,12,0.15167,0.78879,87,0.15208,0.77673,35,108,10,0.19779,0.60484,108,0.1953,0.60484,74,56,66,0.52343,0.22855,53,0.5367,0.22009,41,51,65,0.48244,0.24797,48,0.49439,0.23893,3.449691809,2.790125546,3.420039793,2.255602629,1.561577,0.559448,0.495067,-1.164573,-1.451518,3.973514,3.910437,-0.063077,3.9419755,4.318674744,3.096723018,-3.61438642,0.294609625,-0.358755729,-3.662758673,0.292427149,-0.366433465,-0.460493,0.218682,2.198212
576,VZrNCl2,AA,bridge,1.35,1.63,0.527662,13,6.746187,0.65,3.04,-0.07,5,14.53413,1,3.16,3.61272528,7,12.967633,1.55,1.33,0.433289,12,6.634126,-0.2,-0.35,-0.55,-0.034482759,1.41,1.71,1.53,1.83,0.3,2.5,1,0.65106383,0.717647059,0.705,0.777272727,0.923494794,0.923288614,1.45,1.48,1,1,1.68,2.5,5.6,6.6901565,71.08275,0.870967742,1.22556391,1.217806129,1.083333333,1.0168916,7,94,8,0.1473,0.81216,93,0.14784,0.79901,17,107,6,0.16265,0.73553,107,0.1606,0.73553,40,47,68,0.50364,0.23753,44,0.51595,0.22894,23,50,60,0.41533,0.28804,47,0.42558,0.27756,3.329682512,2.525850761,3.138690786,2.098980569,1.729509,0.609631,0.667924,-1.684667,-1.322396,4.112640667,4.897375,0.784734333,4.505007833,2.475061868,1.562217037,-4.08654882,-0.137909479,1.504160299,-4.778771759,1.073768218,1.05826974,-1.392817,0.219577,1.920812
508,ZrVNCl2,AA,x,1.55,1.33,0.433289,12,6.634126,0.65,3.04,-0.07,5,14.53413,1,3.16,3.61272528,7,12.967633,1.35,1.63,0.527662,13,6.746187,0.2,-0.55,-0.35,0.034482759,1.71,1.41,1.83,1.53,-0.3,2.5,1,0.717647059,0.65106383,0.777272727,0.705,0.923288614,0.923494794,1.45,1.48,1,1,1.68,2.5,5.6,6.6901565,71.08275,1.148148148,0.81595092,0.821148766,0.923076923,0.983388987,7,94,8,0.1473,0.81216,93,0.14784,0.79901,17,107,6,0.16265,0.73553,107,0.1606,0.73553,23,50,60,0.41533,0.28804,47,0.42558,0.27756,40,47,68,0.50364,0.23753,44,0.51595,0.22894,3.329702979,2.655172154,3.138105726,2.238426068,1.728099,0.678266,0.602401,-1.312241,-1.696525,4.882372333,4.097747,-0.784625333,4.490059667,4.741377499,3.171311333,-4.08885354,1.50295996,-0.138494578,-4.146608896,1.461719081,0.936159954,-1.392816,0.219578,2.166969
194,MnTiCSe2,BA,x,1.4,1.55,-0.52,13,7.434038,0.7,2.55,1.262113612,4,11.260288,1.15,2.55,2.020604712,6,9.752392,1.4,1.54,0.075545,12,6.82812,0,-0.25,-0.25,0,1,1.01,1,1.01,0.01,3.5,3,0.392156863,0.396078431,0.476190476,0.480952381,0.823529412,0.823529412,1.4,1.545,0,3,1.005,0.5,5.4,7.131079,51.4025225,1,1.006493506,-6.883314581,1.083333333,1.088738628,6,88,12,0.15167,0.78879,87,0.15208,0.77673,34,102,14,0.21954,0.54493,101,0.22068,0.53528,22,46,64,0.43051,0.27789,43,0.441,0.26786,25,58,52,0.3851,0.31065,55,0.39497,0.29907,3.160883809,2.402579614,2.553704582,2.076655672,1.467746,0.616285,0.276521,-1.522103,-0.838449,5.411261667,4.806598333,-0.604663333,5.10893,3.541254209,1.533938727,-1.92057097,-1.307612081,1.31373042,-2.34984283,0.053686215,1.213506785,-0.477643,0.221192,1.187176
87,MnZrCBr2,AA,bridge,1.4,1.55,-0.52,13,7.434038,0.7,2.55,1.262113612,4,11.260288,1.15,2.96,3.3635883,7,11.81381,1.55,1.33,0.433289,12,6.634126,-0.15,-0.25,-0.4,-0.025423729,1,1.22,1.41,1.63,0.22,3.5,3,0.552941176,0.603703704,0.476190476,0.542222222,1.161176471,1.113387978,1.475,1.44,1,3,1.52,1.5,5.8,7.034082,73.0810225,0.903225806,1.165413534,-1.200122782,1.083333333,1.12057534,6,88,12,0.15167,0.78879,87,0.15208,0.77673,35,108,10,0.19779,0.60484,108,0.1953,0.60484,40,47,68,0.50364,0.23753,44,0.51595,0.22894,25,58,52,0.3851,0.31065,55,0.39497,0.29907,3.396936921,2.590022075,3.161858774,2.113762476,1.559328,0.396858,0.616453,-1.746628,-0.826012,4.013308333,4.628578667,0.615270333,4.3209435,2.574476116,1.695012374,-3.049196338,-1.088357306,1.856720376,-3.117617522,-0.005774921,1.815502277,-0.734271,0.221252,1.457107
442,ZrVNS2,AB,bridge,1.55,1.33,0.433289,12,6.634126,0.65,3.04,-0.07,5,14.53413,1,2.58,2.077104512,6,10.36001,1.35,1.63,0.527662,13,6.746187,0.2,-0.55,-0.35,0.034482759,1.71,1.41,1.25,0.95,-0.3,2.5,1,0.490196078,0.404255319,0.777272727,0.705,0.630661621,0.5734118,1.45,1.48,1,1,1.1,1.5,5.2,6.6901565,71.08275,1.148148148,0.81595092,0.821148766,0.923076923,0.983388987,7,94,8,0.1473,0.81216,93,0.14784,0.79901,16,101,9,0.1781,0.67171,100,0.17899,0.65995,23,50,60,0.41533,0.28804,47,0.42558,0.27756,40,47,68,0.50364,0.23753,44,0.51595,0.22894,3.232061839,2.508577776,2.658996588,2.246813635,1.700641,0.90672,0.64629,-1.371375,-1.882276,5.573112,5.653894667,0.080782667,5.613503333,2.171975416,1.631934875,-2.170757872,0.570645408,0.105725296,-2.731894029,-0.102899749,-0.216500078,-1.186559,0.22137,1.078309
185,VNbNO2,AB,m1,1.35,1.63,0.527662,13,6.746187,0.65,3.04,-0.07,5,14.53413,0.6,3.44,1.4611053,6,13.618055,1.45,1.6,0.917407,13,6.75885,-0.1,-0.75,-0.85,-0.017857143,1.41,1.44,1.81,1.84,0.03,3.5,1,0.928205128,0.897560976,0.705,0.685714286,1.316603019,1.308943089,1.4,1.615,1,0,1.825,0.5,5.4,6.7525185,71.92394,0.931034483,1.01875,0.575166747,1,0.998126456,7,94,8,0.1473,0.81216,93,0.14784,0.79901,8,100,5,0.14058,0.85098,99,0.14125,0.83626,41,51,65,0.48244,0.24797,48,0.49439,0.23893,23,50,60,0.41533,0.28804,47,0.42558,0.27756,2.972606191,1.942345066,2.522293542,2.115128263,1.580687,1.053306,1.062461,-1.873669,-1.822784,6.724271333,5.828964333,-0.895307,6.276617833,2.726910926,0.974588928,-2.575268124,-0.345809356,1.633508753,-3.142846578,0.192944267,1.468900036,-1.808833,0.222496,-0.069243
451,NbTaNO2,BB,x,1.45,1.6,0.917407,13,6.75885,0.65,3.04,-0.07,5,14.53413,0.6,3.44,1.4611053,6,13.618055,1.45,1.5,0.32312,11,7.549571,0,-0.85,-0.85,0,1.44,1.54,1.84,1.94,0.1,3.5,1,0.897560976,0.946341463,0.685714286,0.733333333,1.308943089,1.290465632,1.45,1.55,1,0,1.89,0.5,5.4,7.1542105,136.92713,1,1.066666667,2.839214533,1.181818182,0.89526279,7,94,8,0.1473,0.81216,93,0.14784,0.79901,8,100,5,0.14058,0.85098,99,0.14125,0.83626,73,52,69,0.54867,0.21804,49,0.56231,0.21007,41,51,65,0.48244,0.24797,48,0.49439,0.23893,2.991027467,2.072014709,2.540924047,2.22485296,1.639793,1.070151,1.103392,-1.943824,-1.869512,6.262436667,6.374930667,0.112494,6.318683667,2.883626303,0.973752823,-2.949726282,1.084107687,1.047091626,-3.360913974,1.000107176,0.909017041,-1.869985,0.223472,0.03326
65,MnCrCS2,AB,m1,1.4,1.55,-0.52,13,7.434038,0.7,2.55,1.262113612,4,11.260288,1,2.58,2.077104512,6,10.36001,1.4,1.66,0.6758412,12,6.76651,0,-0.4,-0.4,0,1,0.89,1.03,0.92,-0.11,5,0,0.429166667,0.383333333,0.476190476,0.423809524,0.90125,0.904494382,1.4,1.605,0,1,0.975,1,5.8,7.100274,53.4670725,1,0.93373494,-0.769411513,1.083333333,1.098651742,6,88,12,0.15167,0.78879,87,0.15208,0.77673,16,101,9,0.1781,0.67171,100,0.17899,0.65995,24,54,56,0.40019,0.29894,51,0.41024,0.28794,25,58,52,0.3851,0.31065,55,0.39497,0.29907,2.999474617,2.321793892,2.617907269,2.044905702,1.278747,0.465696,0.487836,-1.146263,-1.086017,5.084255,5.193700667,0.109445667,5.138977833,3.270470025,1.360878436,-2.358559081,-1.915987496,-0.614599267,-2.817899335,0.062293247,-0.266890848,-0.273702,0.223836,1.146462
559,TiCrNBr2,AA,x,1.4,1.54,0.075545,12,6.82812,0.65,3.04,-0.07,5,14.53413,1.15,2.96,3.3635883,7,11.81381,1.4,1.66,0.6758412,12,6.76651,0,-0.25,-0.25,0,1.5,1.38,1.42,1.3,-0.12,3.5,3,0.556862745,0.509803922,0.731707317,0.673170732,0.761045752,0.75731742,1.4,1.6,0,2,1.36,1.5,5.8,6.797315,49.93155,1,0.927710843,0.111779217,1,1.009105137,7,94,8,0.1473,0.81216,93,0.14784,0.79901,35,108,10,0.19779,0.60484,108,0.1953,0.60484,24,54,56,0.40019,0.29894,51,0.41024,0.28794,22,46,64,0.43051,0.27789,43,0.441,0.26786,3.299771532,2.663696268,3.224921554,2.131354508,1.5772,0.566179,0.448212,-1.051966,-1.539625,4.201325333,3.993521667,-0.207803667,4.0974235,4.730251133,3.123124701,-3.424304277,0.955758148,-0.96566251,-3.472995559,0.946206749,0.233329528,-0.957085,0.223986,2.187673
221,TiWCCl2,AA,m2,1.4,1.54,0.075545,12,6.82812,0.7,2.55,1.262113612,4,11.260288,1,3.16,3.61272528,7,12.967633,1.35,2.36,0.816268,14,7.86403,0.05,-0.4,-0.35,0.009090909,1.01,0.19,1.62,0.8,-0.82,3,2,0.675,0.340425532,0.480952381,0.092682927,1.403465347,3.673012318,1.375,1.95,2,2,1.21,2,5.6,7.346075,115.8535,1.037037037,0.652542373,0.092549261,0.857142857,0.868272374,6,88,12,0.15167,0.78879,87,0.15208,0.77673,17,107,6,0.16265,0.73553,107,0.1606,0.73553,74,56,66,0.52343,0.22855,53,0.5367,0.22009,22,46,64,0.43051,0.27789,43,0.441,0.26786,3.281218766,2.534885152,3.329365459,2.167669733,1.699653,0.628063,0.575605,-1.327974,-1.575347,4.229754333,4.589715667,0.359961333,4.409735,4.259585017,3.172675312,-4.047633848,0.967902204,-0.171164777,-4.120693857,0.96571291,-0.176837838,-0.855039,0.22434,2.182385
579,WTiCCl2,AA,x,1.35,2.36,0.816268,14,7.86403,0.7,2.55,1.262113612,4,11.260288,1,3.16,3.61272528,7,12.967633,1.4,1.54,0.075545,12,6.82812,-0.05,-0.35,-0.4,-0.009090909,0.19,1.01,0.8,1.62,0.82,3,2,0.340425532,0.675,0.092682927,0.480952381,3.673012318,1.403465347,1.375,1.95,2,2,1.21,2,5.6,7.346075,115.8535,0.964285714,1.532467532,10.80505659,1.166666667,1.151712331,6,88,12,0.15167,0.78879,87,0.15208,0.77673,17,107,6,0.16265,0.73553,107,0.1606,0.73553,22,46,64,0.43051,0.27789,43,0.441,0.26786,74,56,66,0.52343,0.22855,53,0.5367,0.22009,3.281152077,2.645250693,3.329019791,2.11807148,1.692134,0.58334,0.626295,-1.569566,-1.332204,4.581806333,4.223919667,-0.357886667,4.402863,3.320321595,2.036269143,-4.054557989,-0.170410951,0.968269505,-4.60669085,0.106792555,0.644419906,-0.855036,0.224342,2.261017
431,NbScNS2,BA,x,1.45,1.6,0.917407,13,6.75885,0.65,3.04,-0.07,5,14.53413,1,2.58,2.077104512,6,10.36001,1.6,1.36,0.1882,11,6.56149,-0.15,-0.45,-0.6,-0.024590164,1.44,1.68,0.98,1.22,0.24,2.5,3,0.4,0.469230769,0.685714286,0.746666667,0.583333333,0.628434066,1.525,1.48,1,2,1.1,1.5,5,6.66017,68.931146,0.90625,1.176470588,4.874638682,1.181818182,1.030078534,7,94,8,0.1473,0.81216,93,0.14784,0.79901,16,101,9,0.1781,0.67171,100,0.17899,0.65995,21,14,105,0.6303,0.1898,11,0.64709,0.18255,41,51,65,0.48244,0.24797,48,0.49439,0.23893,3.232129929,2.465367464,2.885612413,2.259746555,1.715123,0.749987,0.783016,-1.669264,-1.578861,6.633800667,6.088655667,-0.545145,6.361228167,3.448387661,1.351864943,-1.588374796,1.355609072,2.418520695,-2.219804758,1.107575393,2.258658791,-1.270922,0.225283,0.363456
72,TiYNCl2,AA,m2,1.4,1.54,0.075545,12,6.82812,0.65,3.04,-0.07,5,14.53413,1,3.16,3.61272528,7,12.967633,1.8,1.22,0.30712,11,6.21726,-0.4,-0.4,-0.8,-0.0625,1.5,1.82,1.62,1.94,0.32,1.5,1,0.675,0.692857143,0.731707317,0.742857143,0.9225,0.932692308,1.6,1.38,1,1,1.78,3.5,5.2,6.52269,68.386425,0.777777778,1.262295082,0.245978771,1.090909091,1.098252285,7,94,8,0.1473,0.81216,93,0.14784,0.79901,17,107,6,0.16265,0.73553,107,0.1606,0.73553,39,15,108,0.74258,0.1611,12,0.76224,0.15497,22,46,64,0.43051,0.27789,43,0.441,0.26786,3.401159044,2.546065731,3.246240085,2.187667906,1.855931,0.663826,0.72203,-1.667475,-1.574312,4.682715333,4.437364,-0.245351333,4.560039667,4.237858953,3.262862644,-4.360639426,0.71653152,0.892827622,-4.375535866,0.714534092,0.813243645,-1.767564,0.22606,2.187678
95,VTaNF2,AA,m2,1.35,1.63,0.527662,13,6.746187,0.65,3.04,-0.07,5,14.53413,0.5,3.98,3.401189824,7,17.42282,1.45,1.5,0.32312,11,7.549571,-0.1,-0.85,-0.95,-0.017857143,1.41,1.54,2.35,2.48,0.13,3,0,1.27027027,1.271794872,0.705,0.733333333,1.801801802,1.734265734,1.4,1.565,2,0,2.415,2,5.8,7.147879,115.94469,0.931034483,1.086666667,1.633021788,1.181818182,0.893585477,7,94,8,0.1473,0.81216,93,0.14784,0.79901,9,106,3,0.13207,0.90585,106,0.1304,0.90585,73,52,69,0.54867,0.21804,49,0.56231,0.21007,23,50,60,0.41533,0.28804,47,0.42558,0.27756,3.138057438,2.168710141,2.734224614,2.00371824,1.686248,0.739455,0.762783,-1.693014,-1.495474,3.741683,5.062827333,1.321144333,4.402255167,1.624036487,2.310733825,-5.950701809,-0.236399758,0.810736827,-5.937614914,0.526518086,0.848960031,-1.721394,0.226411,1.292574
370,WScNO2,BA,x,1.35,2.36,0.816268,14,7.86403,0.65,3.04,-0.07,5,14.53413,0.6,3.44,1.4611053,6,13.618055,1.6,1.36,0.1882,11,6.56149,-0.25,-0.75,-1,-0.042372881,0.68,1.68,1.08,2.08,1,2.5,3,0.553846154,0.945454545,0.34,0.746666667,1.628959276,1.266233766,1.475,1.86,2,3,1.58,1.5,5.2,7.21276,114.397956,0.84375,1.735294118,4.337236982,1.272727273,1.198512838,7,94,8,0.1473,0.81216,93,0.14784,0.79901,8,100,5,0.14058,0.85098,99,0.14125,0.83626,21,14,105,0.6303,0.1898,11,0.64709,0.18255,74,56,66,0.52343,0.22855,53,0.5367,0.22009,3.002579357,2.10420155,2.473918878,2.155621161,1.541,1.012068,1.193984,-1.871992,-1.875059,5.706303333,5.779306333,0.073003,5.742804833,2.910009931,0.983354391,-3.283185431,-0.379902157,1.404360264,-4.34653678,-1.152584106,0.575619524,-1.990138,0.226854,1.662364
252,Hf2NO2,AA,m1,1.55,1.3,0.17807,10,6.82507,0.65,3.04,-0.07,5,14.53413,0.6,3.44,1.4611053,6,13.618055,1.55,1.3,0.17807,10,6.82507,0,-0.95,-0.95,0,1.74,1.74,2.14,2.14,0,2,0,0.995348837,0.995348837,0.790909091,0.790909091,1.258487036,1.258487036,1.55,1.3,0,0,2.14,2,5,6.82507,178.49,1,1,1,1,1,7,94,8,0.1473,0.81216,93,0.14784,0.79901,8,100,5,0.14058,0.85098,99,0.14125,0.83626,72,48,71,0.57475,0.20815,45,0.58884,0.2006,72,48,71,0.57475,0.20815,45,0.58884,0.2006,3.212377678,2.099075837,2.968633845,2.285142214,1.883658,1.258499,1.262351,-2.203908,-2.200599,4.59229,4.592055667,-0.000234333,4.592172833,2.913156452,0.973853819,-3.445839126,1.452087559,1.452087559,-3.749619524,1.421572849,1.421572849,-2.622481,0.227131,1.103285
476,ScNbNBr2,AA,m2,1.6,1.36,0.1882,11,6.56149,0.65,3.04,-0.07,5,14.53413,1.15,2.96,3.3635883,7,11.81381,1.45,1.6,0.917407,13,6.75885,0.15,-0.45,-0.3,0.024590164,1.68,1.44,1.6,1.36,-0.24,2.5,3,0.581818182,0.523076923,0.746666667,0.685714286,0.779220779,0.762820513,1.525,1.48,1,2,1.48,2.5,5.4,6.66017,68.931146,1.103448276,0.85,0.20514341,0.846153846,0.970799766,7,94,8,0.1473,0.81216,93,0.14784,0.79901,35,108,10,0.19779,0.60484,108,0.1953,0.60484,41,51,65,0.48244,0.24797,48,0.49439,0.23893,21,14,105,0.6303,0.1898,11,0.64709,0.18255,3.397576384,2.716174236,3.573105333,2.252760303,1.781782,0.64886,0.580431,-1.412413,-1.598659,3.652539333,4.487423667,0.834884333,4.0699815,4.350104188,3.268769176,-3.600114405,2.212425395,0.468528481,-3.683863884,2.134523341,0.599136404,-1.323732,0.228023,1.962525
226,NbScNBr2,AA,x,1.45,1.6,0.917407,13,6.75885,0.65,3.04,-0.07,5,14.53413,1.15,2.96,3.3635883,7,11.81381,1.6,1.36,0.1882,11,6.56149,-0.15,-0.3,-0.45,-0.024590164,1.44,1.68,1.36,1.6,0.24,2.5,3,0.523076923,0.581818182,0.685714286,0.746666667,0.762820513,0.779220779,1.525,1.48,1,2,1.48,2.5,5.4,6.66017,68.931146,0.90625,1.176470588,4.874638682,1.181818182,1.030078534,7,94,8,0.1473,0.81216,93,0.14784,0.79901,35,108,10,0.19779,0.60484,108,0.1953,0.60484,21,14,105,0.6303,0.1898,11,0.64709,0.18255,41,51,65,0.48244,0.24797,48,0.49439,0.23893,3.397562128,2.73109408,3.573084123,2.242500633,1.778567,0.579085,0.645861,-1.596956,-1.406555,4.472694333,3.637705333,-0.834989,4.055199833,3.642089449,2.260169491,-3.590417449,0.468312816,2.210939748,-3.578071296,0.62541555,2.180716405,-1.323731,0.228024,1.970614
79,CrWCO2,AB,m1,1.4,1.66,0.6758412,12,6.76651,0.7,2.55,1.262113612,4,11.260288,0.6,3.44,1.4611053,6,13.618055,1.35,2.36,0.816268,14,7.86403,0.05,-0.8,-0.75,0.009090909,0.89,0.19,1.78,1.08,-0.7,4.5,1,0.89,0.553846154,0.423809524,0.092682927,2.1,5.975708502,1.375,2.01,2,0,1.43,0.5,5.6,7.31527,117.91805,1.037037037,0.703389831,0.827964835,0.857142857,0.860437969,6,88,12,0.15167,0.78879,87,0.15208,0.77673,8,100,5,0.14058,0.85098,99,0.14125,0.83626,74,56,66,0.52343,0.22855,53,0.5367,0.22009,24,54,56,0.40019,0.29894,51,0.41024,0.28794,2.915561491,1.921669456,2.529722283,2.113578271,1.437388,0.94385,0.982689,-1.764761,-1.599165,7.068253,6.449666667,-0.618586333,6.758959833,2.698418422,0.974191682,-2.563365152,-1.102939585,0.068236741,-2.953157715,0.858623126,0.175679353,-1.040845,0.231227,-0.086889
562,WCrCO2,BA,x,1.35,2.36,0.816268,14,7.86403,0.7,2.55,1.262113612,4,11.260288,0.6,3.44,1.4611053,6,13.618055,1.4,1.66,0.6758412,12,6.76651,-0.05,-0.75,-0.8,-0.009090909,0.19,0.89,1.08,1.78,0.7,4.5,1,0.553846154,0.89,0.092682927,0.423809524,5.975708502,2.1,1.375,2.01,2,0,1.43,0.5,5.6,7.31527,117.91805,0.964285714,1.421686747,1.207780763,1.166666667,1.162198829,6,88,12,0.15167,0.78879,87,0.15208,0.77673,8,100,5,0.14058,0.85098,99,0.14125,0.83626,24,54,56,0.40019,0.29894,51,0.41024,0.28794,74,56,66,0.52343,0.22855,53,0.5367,0.22009,2.915553099,2.084474376,2.52971149,2.127004607,1.430005,0.995859,0.945873,-1.613287,-1.75845,6.460750333,7.079002667,0.618252333,6.7698765,2.872381631,0.97585054,-2.559041262,0.084767179,-1.100473438,-3.22848636,-0.200268891,0.81274085,-1.040845,0.231227,0.062426
50,NbMoNCl2,AA,m2,1.45,1.6,0.917407,13,6.75885,0.65,3.04,-0.07,5,14.53413,1,3.16,3.61272528,7,12.967633,1.45,2.16,0.74733,14,7.09243,0,-0.45,-0.45,0,1.44,0.88,1.56,1,-0.56,4.5,1,0.636734694,0.408163265,0.685714286,0.419047619,0.928571429,0.974025974,1.45,1.88,0,1,1.28,0.5,6,6.92564,94.42319,1,0.740740741,1.227579516,0.928571429,0.952966755,7,94,8,0.1473,0.81216,93,0.14784,0.79901,17,107,6,0.16265,0.73553,107,0.1606,0.73553,42,55,61,0.46178,0.25907,52,0.47342,0.24951,41,51,65,0.48244,0.24797,48,0.49439,0.23893,3.356603703,2.597267571,3.133627616,2.315186208,1.437474,0.641647,0.566354,-1.248519,-1.396957,4.690620333,3.826210667,-0.864409667,4.2584155,4.229935485,3.166129573,-4.202057464,0.344410174,-0.449453794,-4.2602375,0.337645055,-0.451550548,-0.835535,0.233191,2.208198
529,NbHfNBr2,AA,bridge,1.45,1.6,0.917407,13,6.75885,0.65,3.04,-0.07,5,14.53413,1.15,2.96,3.3635883,7,11.81381,1.55,1.3,0.17807,10,6.82507,-0.1,-0.3,-0.4,-0.016666667,1.44,1.74,1.36,1.66,0.3,3,2,0.523076923,0.614814815,0.685714286,0.790909091,0.762820513,0.777352065,1.5,1.45,1,1,1.51,2,5.6,6.79196,135.69819,0.935483871,1.230769231,5.151945864,1.3,0.990297535,7,94,8,0.1473,0.81216,93,0.14784,0.79901,35,108,10,0.19779,0.60484,108,0.1953,0.60484,72,48,71,0.57475,0.20815,45,0.58884,0.2006,41,51,65,0.48244,0.24797,48,0.49439,0.23893,3.451927944,2.77635282,3.565630674,2.240522557,1.742417,0.570546,0.628334,-1.672772,-1.268524,3.421416667,3.818763667,0.397347,3.620090167,3.488922904,2.179663451,-4.411175728,0.155495117,0.110463802,-4.625480097,0.301922515,-0.121241798,-1.165514,0.233538,2.110489
462,YZrNO2,AA,m1,1.8,1.22,0.30712,11,6.21726,0.65,3.04,-0.07,5,14.53413,0.6,3.44,1.4611053,6,13.618055,1.55,1.33,0.433289,12,6.634126,0.25,-1.2,-0.95,0.037313433,1.82,1.71,2.22,2.11,-0.11,1.5,1,0.925,0.981395349,0.742857143,0.777272727,1.245192308,1.262613899,1.675,1.275,0,1,2.165,2.5,4.8,6.425693,90.064925,1.161290323,0.917293233,0.708810978,0.916666667,0.937163388,7,94,8,0.1473,0.81216,93,0.14784,0.79901,8,100,5,0.14058,0.85098,99,0.14125,0.83626,40,47,68,0.50364,0.23753,44,0.51595,0.22894,39,15,108,0.74258,0.1611,12,0.76224,0.15497,3.364961799,2.11495842,2.86618203,2.600988185,1.78225,1.328037,1.281978,-2.379706,-2.012558,6.104836,6.782033667,0.677197667,6.443434833,2.951958622,0.972722227,-1.52440346,3.442044353,2.625334128,-3.964821469,1.33444112,0.823317861,-2.659473,0.233661,0.995235
112,TiVNO2,AA,m1,1.4,1.54,0.075545,12,6.82812,0.65,3.04,-0.07,5,14.53413,0.6,3.44,1.4611053,6,13.618055,1.35,1.63,0.527662,13,6.746187,0.05,-0.8,-0.75,0.009090909,1.5,1.41,1.9,1.81,-0.09,2.5,1,0.95,0.928205128,0.731707317,0.705,1.298333333,1.316603019,1.375,1.585,0,1,1.855,1.5,5.2,6.7871535,49.40425,1.037037037,0.944785276,0.143169302,0.923076923,1.012145083,7,94,8,0.1473,0.81216,93,0.14784,0.79901,8,100,5,0.14058,0.85098,99,0.14125,0.83626,23,50,60,0.41533,0.28804,47,0.42558,0.27756,22,46,64,0.43051,0.27789,43,0.441,0.26786,2.951601612,1.958735688,2.752611492,2.109764927,1.617659,1.10814,1.037137,-1.802226,-1.960711,6.339826667,5.982217333,-0.357609333,6.161022,2.789765524,0.972289076,-3.10961146,0.059943115,-0.07021045,-3.613605568,0.078062832,-0.090850021,-2.088015,0.234222,0.064452
448,NbMnCF2,BA,m2,1.45,1.6,0.917407,13,6.75885,0.7,2.55,1.262113612,4,11.260288,0.5,3.98,3.401189824,7,17.42282,1.4,1.55,-0.52,13,7.434038,0.05,-0.95,-0.9,0.00877193,0.95,1,2.38,2.43,0.05,4.5,1,1.220512821,1.278947368,0.441860465,0.476190476,2.762213225,2.685789474,1.425,1.575,1,2,2.405,0.5,6,7.096444,73.9222125,1.035714286,1.032258065,-1.764244231,1,0.909176144,6,88,12,0.15167,0.78879,87,0.15208,0.77673,9,106,3,0.13207,0.90585,106,0.1304,0.90585,25,58,52,0.3851,0.31065,55,0.39497,0.29907,41,51,65,0.48244,0.24797,48,0.49439,0.23893,3.050209829,2.250308317,2.659382514,2.164470056,1.517373,0.723494,0.726076,-1.395505,-1.571438,5.941851333,4.413800667,-1.528050667,5.177826,3.755429761,2.935200151,-5.44110705,0.906396751,-2.369198435,-5.096070847,1.440809499,1.190533913,-1.417582,0.234286,2.200526
227,TiNbCO2,AA,m1,1.4,1.54,0.075545,12,6.82812,0.7,2.55,1.262113612,4,11.260288,0.6,3.44,1.4611053,6,13.618055,1.45,1.6,0.917407,13,6.75885,-0.05,-0.8,-0.85,-0.00877193,1.01,0.95,1.9,1.84,-0.06,3,2,0.95,0.897560976,0.480952381,0.441860465,1.975247525,2.031322208,1.425,1.57,1,1,1.87,1,5,6.793485,70.38669,0.965517241,0.9625,0.082346221,0.923076923,1.010248785,6,88,12,0.15167,0.78879,87,0.15208,0.77673,8,100,5,0.14058,0.85098,99,0.14125,0.83626,41,51,65,0.48244,0.24797,48,0.49439,0.23893,22,46,64,0.43051,0.27789,43,0.441,0.26786,3.068974139,1.993966836,2.838967559,2.199761127,1.755862,1.122731,1.125388,-2.058592,-1.945389,5.842160667,5.933147333,0.090986667,5.887654,2.802731243,0.973123453,-2.942250921,1.104908919,-0.014966366,-3.496436973,1.001442681,-0.033403124,-1.843449,0.234563,-0.175052
288,NbTiCO2,AA,m1,1.45,1.6,0.917407,13,6.75885,0.7,2.55,1.262113612,4,11.260288,0.6,3.44,1.4611053,6,13.618055,1.4,1.54,0.075545,12,6.82812,0.05,-0.85,-0.8,0.00877193,0.95,1.01,1.84,1.9,0.06,3,2,0.897560976,0.95,0.441860465,0.480952381,2.031322208,1.975247525,1.425,1.57,1,1,1.87,1,5,6.793485,70.38669,1.035714286,1.038961039,12.14384804,1.083333333,0.989855187,6,88,12,0.15167,0.78879,87,0.15208,0.77673,8,100,5,0.14058,0.85098,99,0.14125,0.83626,22,46,64,0.43051,0.27789,43,0.441,0.26786,41,51,65,0.48244,0.24797,48,0.49439,0.23893,3.069004471,2.086267053,2.838878468,2.191622444,1.756234,1.124254,1.124595,-1.941628,-2.063455,5.931411,5.839696333,-0.091714667,5.885553667,2.916452713,0.974011774,-2.941913959,-0.01549194,1.106140961,-3.554448866,-0.066535542,0.963523003,-1.843444,0.234568,0.298021
595,HfVCSe2,AA,bridge,1.55,1.3,0.17807,10,6.82507,0.7,2.55,1.262113612,4,11.260288,1.15,2.55,2.020604712,6,9.752392,1.35,1.63,0.527662,13,6.746187,0.2,-0.4,-0.2,0.034482759,1.25,0.92,1.25,0.92,-0.33,2.5,1,0.462962963,0.368,0.555555556,0.448780488,0.833333333,0.82,1.45,1.465,2,1,1.085,1.5,5,6.7856285,114.71575,1.148148148,0.797546012,0.33746982,0.769230769,1.011692976,6,88,12,0.15167,0.78879,87,0.15208,0.77673,34,102,14,0.21954,0.54493,101,0.22068,0.53528,23,50,60,0.41533,0.28804,47,0.42558,0.27756,72,48,71,0.57475,0.20815,45,0.58884,0.2006,3.293210264,2.674749741,3.317367137,2.282777636,1.814587,0.721826,0.540209,-1.337238,-1.739386,5.274043333,5.488697,0.214653667,5.381370167,2.149842594,1.731606737,-1.647628256,1.797816982,0.541222142,-1.750663571,1.608784188,0.563250832,-0.778128,0.239711,0.407237
242,VTaNCl2,AA,m2,1.35,1.63,0.527662,13,6.746187,0.65,3.04,-0.07,5,14.53413,1,3.16,3.61272528,7,12.967633,1.45,1.5,0.32312,11,7.549571,-0.1,-0.35,-0.45,-0.017857143,1.41,1.54,1.53,1.66,0.13,3,0,0.65106383,0.67755102,0.705,0.733333333,0.923494794,0.92393321,1.4,1.565,2,0,1.595,2,5.8,7.147879,115.94469,0.931034483,1.086666667,1.633021788,1.181818182,0.893585477,7,94,8,0.1473,0.81216,93,0.14784,0.79901,17,107,6,0.16265,0.73553,107,0.1606,0.73553,73,52,69,0.54867,0.21804,49,0.56231,0.21007,23,50,60,0.41533,0.28804,47,0.42558,0.27756,3.307759386,2.536001753,3.144469282,2.082111701,1.615026,0.60969,0.631081,-1.583377,-1.272421,3.551556667,4.864501667,1.312945,4.208029167,4.225293907,3.207063821,-4.292780759,-0.225646891,0.374390411,-4.311342494,0.676216242,0.34734296,-1.003339,0.23993,2.175869
332,WMnNSe2,AA,bridge,1.35,2.36,0.816268,14,7.86403,0.65,3.04,-0.07,5,14.53413,1.15,2.55,2.020604712,6,9.752392,1.4,1.55,-0.52,13,7.434038,-0.05,-0.2,-0.25,-0.009090909,0.68,1.49,0.19,1,0.81,4.5,1,0.076,0.392156863,0.34,0.726829268,0.223529412,0.539544677,1.375,1.955,2,1,0.595,0.5,6,7.649034,119.3890225,0.964285714,1.522580645,-1.569746154,1.076923077,1.057840974,7,94,8,0.1473,0.81216,93,0.14784,0.79901,34,102,14,0.21954,0.54493,101,0.22068,0.53528,25,58,52,0.3851,0.31065,55,0.39497,0.29907,74,56,66,0.52343,0.22855,53,0.5367,0.22009,3.21348413,2.543197604,2.940799468,2.275669876,1.327283,0.528253,0.298022,-0.892732,-1.260826,4.652008333,3.881393333,-0.770615,4.266700833,3.096606608,1.885125958,-1.899256717,-0.380124457,-0.98646811,-1.748697255,-0.117580112,-0.737661713,-0.21639,0.240085,1.544423
394,MnWNSe2,AA,bridge,1.4,1.55,-0.52,13,7.434038,0.65,3.04,-0.07,5,14.53413,1.15,2.55,2.020604712,6,9.752392,1.35,2.36,0.816268,14,7.86403,0.05,-0.25,-0.2,0.009090909,1.49,0.68,1,0.19,-0.81,4.5,1,0.392156863,0.076,0.726829268,0.34,0.539544677,0.223529412,1.375,1.955,2,1,0.595,0.5,6,7.649034,119.3890225,1.037037037,0.656779661,-0.637045676,0.928571429,0.945321673,7,94,8,0.1473,0.81216,93,0.14784,0.79901,34,102,14,0.21954,0.54493,101,0.22068,0.53528,74,56,66,0.52343,0.22855,53,0.5367,0.22009,25,58,52,0.3851,0.31065,55,0.39497,0.29907,3.211958219,2.507989797,2.942249864,1.947770206,1.328082,0.316179,0.541681,-1.265404,-0.920537,3.888422,4.658042667,0.769620667,4.273232333,2.68805529,1.736570669,-1.899886971,-0.984887724,-0.381611103,-1.913679209,-0.755263073,-0.155631216,-0.216388,0.240088,0.959121
417,TiZrCS2,AA,m1,1.4,1.54,0.075545,12,6.82812,0.7,2.55,1.262113612,4,11.260288,1,2.58,2.077104512,6,10.36001,1.55,1.33,0.433289,12,6.634126,-0.15,-0.4,-0.55,-0.025423729,1.01,1.22,1.04,1.25,0.21,2,0,0.433333333,0.490196078,0.480952381,0.542222222,0.900990099,0.904050145,1.475,1.435,1,0,1.145,2,4.8,6.731123,69.5455,0.903225806,1.157894737,0.174352453,1,1.029241832,6,88,12,0.15167,0.78879,87,0.15208,0.77673,16,101,9,0.1781,0.67171,100,0.17899,0.65995,40,47,68,0.50364,0.23753,44,0.51595,0.22894,22,46,64,0.43051,0.27789,43,0.441,0.26786,3.347638832,2.420152223,3.30719523,2.289387544,1.829876,0.820412,0.899893,-1.875924,-1.674256,6.33504,6.174232,-0.160808,6.254636,3.423161977,1.348535899,-1.373645947,1.676350137,1.812630721,-1.907153408,1.480385383,1.476517105,-1.071283,0.240521,0.078253
281,ZrTiCS2,AA,m1,1.55,1.33,0.433289,12,6.634126,0.7,2.55,1.262113612,4,11.260288,1,2.58,2.077104512,6,10.36001,1.4,1.54,0.075545,12,6.82812,0.15,-0.55,-0.4,0.025423729,1.22,1.01,1.25,1.04,-0.21,2,0,0.490196078,0.433333333,0.542222222,0.480952381,0.904050145,0.900990099,1.475,1.435,1,0,1.145,2,4.8,6.731123,69.5455,1.107142857,0.863636364,5.735508637,1,0.971588959,6,88,12,0.15167,0.78879,87,0.15208,0.77673,16,101,9,0.1781,0.67171,100,0.17899,0.65995,22,46,64,0.43051,0.27789,43,0.441,0.26786,40,47,68,0.50364,0.23753,44,0.51595,0.22894,3.347625847,2.532768949,3.307151275,2.347700502,1.830725,0.904567,0.829301,-1.685118,-1.879475,6.176965667,6.337789,0.160823333,6.257377333,3.582455576,1.345658988,-1.374553966,1.812427935,1.674624845,-1.974549161,1.294920243,1.550219703,-1.071284,0.240521,0.201926
485,MnWNO2,BB,x,1.4,1.55,-0.52,13,7.434038,0.65,3.04,-0.07,5,14.53413,0.6,3.44,1.4611053,6,13.618055,1.35,2.36,0.816268,14,7.86403,0.05,-0.8,-0.75,0.009090909,1.49,0.68,1.89,1.08,-0.81,4.5,1,0.945,0.553846154,0.726829268,0.34,1.300167785,1.628959276,1.375,1.955,2,1,1.485,0.5,6,7.649034,119.3890225,1.037037037,0.656779661,-0.637045676,0.928571429,0.945321673,7,94,8,0.1473,0.81216,93,0.14784,0.79901,8,100,5,0.14058,0.85098,99,0.14125,0.83626,74,56,66,0.52343,0.22855,53,0.5367,0.22009,25,58,52,0.3851,0.31065,55,0.39497,0.29907,2.875831475,1.88257023,2.487219483,2.403841268,1.417936,0.926654,1.010387,-1.935044,-1.419933,6.781528,6.137735667,-0.643792333,6.459631833,2.773669845,0.973257873,-2.671328993,-0.418553954,0.770846122,-3.11071951,0.981376464,0.7237637,-1.04447,0.240537,-1.269186
44,MnScNCl2,BA,m1,1.4,1.55,-0.52,13,7.434038,0.65,3.04,-0.07,5,14.53413,1,3.16,3.61272528,7,12.967633,1.6,1.36,0.1882,11,6.56149,-0.2,-0.4,-0.6,-0.033333333,1.49,1.68,1.61,1.8,0.19,3,4,0.670833333,0.692307692,0.726829268,0.746666667,0.922958613,0.927197802,1.5,1.455,0,4,1.705,2,5.8,6.997764,49.9469785,0.875,1.139705882,-2.763018066,1.181818182,1.132980162,7,94,8,0.1473,0.81216,93,0.14784,0.79901,17,107,6,0.16265,0.73553,107,0.1606,0.73553,21,14,105,0.6303,0.1898,11,0.64709,0.18255,25,58,52,0.3851,0.31065,55,0.39497,0.29907,3.363959854,2.517042089,3.040610524,2.41750647,1.71308,0.681153,0.617404,-1.810635,-1.201002,5.494336,6.014123333,0.519787333,5.754229667,2.777947448,1.831129463,-2.81650685,-2.135796767,2.752252723,-3.180614514,1.705407953,2.49533003,-1.26665,0.241927,1.659124
409,MoCrCCl2,AA,x,1.45,2.16,0.74733,14,7.09243,0.7,2.55,1.262113612,4,11.260288,1,3.16,3.61272528,7,12.967633,1.4,1.66,0.6758412,12,6.76651,0.05,-0.45,-0.4,0.00877193,0.39,0.89,1,1.5,0.5,5,0,0.408163265,0.625,0.181395349,0.423809524,2.250130822,1.474719101,1.425,1.91,1,0,1.25,0,6,6.92947,73.96805,1.035714286,1.301204819,1.105777511,1.166666667,1.048166632,6,88,12,0.15167,0.78879,87,0.15208,0.77673,17,107,6,0.16265,0.73553,107,0.1606,0.73553,24,54,56,0.40019,0.29894,51,0.41024,0.28794,42,55,61,0.46178,0.25907,52,0.47342,0.24951,3.239808585,2.597049302,3.049372099,2.150491873,1.374163,0.549775,0.49661,-1.16471,-1.255838,4.868107333,4.369713,-0.498394333,4.618910167,3.090409808,1.870352042,-3.73099124,-0.364966877,-1.107361066,-4.160206369,-0.075612697,0.310970635,-0.433646,0.24235,2.077035
96,TaMoNS2,BB,x,1.45,1.5,0.32312,11,7.549571,0.65,3.04,-0.07,5,14.53413,1,2.58,2.077104512,6,10.36001,1.45,2.16,0.74733,14,7.09243,0,-0.45,-0.45,0,1.54,0.88,1.08,0.42,-0.66,4,2,0.440816327,0.171428571,0.733333333,0.419047619,0.601113173,0.409090909,1.45,1.83,1,1,0.75,0,5.6,7.3210005,138.44394,1,0.694444444,0.432365889,0.785714286,1.064454778,7,94,8,0.1473,0.81216,93,0.14784,0.79901,16,101,9,0.1781,0.67171,100,0.17899,0.65995,42,55,61,0.46178,0.25907,52,0.47342,0.24951,73,52,69,0.54867,0.21804,49,0.56231,0.21007,3.100599117,2.431928757,2.909044053,2.265030965,1.516822,0.56024,0.754375,-1.301577,-1.529861,4.484063,5.754879333,1.270816333,5.119471167,3.43193883,1.357245502,-2.997006374,0.753013548,-1.063812687,-3.664116248,0.344896477,-1.133898895,-0.764291,0.243373,0.716347
13,MoTiCO2,BA,x,1.45,2.16,0.74733,14,7.09243,0.7,2.55,1.262113612,4,11.260288,0.6,3.44,1.4611053,6,13.618055,1.4,1.54,0.075545,12,6.82812,0.05,-0.85,-0.8,0.00877193,0.39,1.01,1.28,1.9,0.62,3.5,3,0.624390244,0.95,0.181395349,0.480952381,3.442151345,1.975247525,1.425,1.85,1,2,1.59,0.5,5.2,6.960275,71.9035,1.035714286,1.402597403,9.892514395,1.166666667,1.038709044,6,88,12,0.15167,0.78879,87,0.15208,0.77673,8,100,5,0.14058,0.85098,99,0.14125,0.83626,22,46,64,0.43051,0.27789,43,0.441,0.26786,42,55,61,0.46178,0.25907,52,0.47342,0.24951,2.955770785,2.084321181,2.488739031,2.140426916,1.502556,1.098374,0.939661,-1.947599,-1.592992,5.487800333,6.596789333,1.108989,6.042294833,2.867626857,0.975905557,-3.030137773,-0.641104301,0.185780986,-4.069747487,-1.121396287,0.045203227,-1.645183,0.244554,0.440132
263,TiMoCO2,AB,m1,1.4,1.54,0.075545,12,6.82812,0.7,2.55,1.262113612,4,11.260288,0.6,3.44,1.4611053,6,13.618055,1.45,2.16,0.74733,14,7.09243,-0.05,-0.8,-0.85,-0.00877193,1.01,0.39,1.9,1.28,-0.62,3.5,3,0.95,0.624390244,0.480952381,0.181395349,1.975247525,3.442151345,1.425,1.85,1,2,1.59,0.5,5.2,6.960275,71.9035,0.965517241,0.712962963,0.101086535,0.857142857,0.962733506,6,88,12,0.15167,0.78879,87,0.15208,0.77673,8,100,5,0.14058,0.85098,99,0.14125,0.83626,42,55,61,0.46178,0.25907,52,0.47342,0.24951,22,46,64,0.43051,0.27789,43,0.441,0.26786,2.955765253,1.958745083,2.4887638,2.15763925,1.508993,1.095516,0.946896,-1.59875,-1.952655,6.577658,5.468094,-1.109564,6.022876,2.790633787,0.973485409,-3.030343466,0.185739827,-0.640668626,-3.741357528,0.145682797,-0.896154689,-1.645183,0.244555,0.693524
134,ScMnNS2,AA,bridge,1.6,1.36,0.1882,11,6.56149,0.65,3.04,-0.07,5,14.53413,1,2.58,2.077104512,6,10.36001,1.4,1.55,-0.52,13,7.434038,0.2,-0.6,-0.4,0.033333333,1.68,1.49,1.22,1.03,-0.19,3,4,0.469230769,0.429166667,0.746666667,0.726829268,0.628434066,0.590464206,1.5,1.455,0,4,1.125,1,5.4,6.997764,49.9469785,1.142857143,0.877419355,-0.361923077,0.846153846,0.882627988,7,94,8,0.1473,0.81216,93,0.14784,0.79901,16,101,9,0.1781,0.67171,100,0.17899,0.65995,25,58,52,0.3851,0.31065,55,0.39497,0.29907,21,14,105,0.6303,0.1898,11,0.64709,0.18255,3.205876242,2.540196781,3.078001699,2.220713804,1.488758,0.771848,0.500156,-1.086445,-1.674316,5.830970667,6.306122667,0.475152,6.068546667,2.160728183,1.618199802,-1.870154658,2.746660198,-1.902334632,-1.990210825,2.599295414,0.35849386,-0.886548,0.247092,-0.243606
174,TiScNSe2,AA,bridge,1.4,1.54,0.075545,12,6.82812,0.65,3.04,-0.07,5,14.53413,1.15,2.55,2.020604712,6,9.752392,1.6,1.36,0.1882,11,6.56149,-0.2,-0.25,-0.45,-0.033333333,1.5,1.68,1.01,1.19,0.18,1.5,1,0.396078431,0.432727273,0.731707317,0.746666667,0.54130719,0.579545455,1.5,1.45,0,1,1.1,2.5,4.8,6.694805,46.411456,0.875,1.132352941,0.401408077,1.090909091,1.040635587,7,94,8,0.1473,0.81216,93,0.14784,0.79901,34,102,14,0.21954,0.54493,101,0.22068,0.53528,21,14,105,0.6303,0.1898,11,0.64709,0.18255,22,46,64,0.43051,0.27789,43,0.441,0.26786,3.286012758,2.534998154,3.409201043,2.219135829,1.785902,0.705795,0.717608,-1.612661,-1.596644,5.535411333,5.262705,-0.272706333,5.399058167,1.943804078,1.741288702,-1.912255179,1.190459352,1.842628178,-2.070192417,1.048561046,1.807882702,-1.300406,0.247603,0.832884
554,TaNbNCl2,AA,m2,1.45,1.5,0.32312,11,7.549571,0.65,3.04,-0.07,5,14.53413,1,3.16,3.61272528,7,12.967633,1.45,1.6,0.917407,13,6.75885,0,-0.45,-0.45,0,1.54,1.44,1.66,1.56,-0.1,3.5,1,0.67755102,0.636734694,0.733333333,0.685714286,0.92393321,0.928571429,1.45,1.55,1,0,1.61,1.5,5.8,7.1542105,136.92713,1,0.9375,0.352210088,0.846153846,1.116990464,7,94,8,0.1473,0.81216,93,0.14784,0.79901,17,107,6,0.16265,0.73553,107,0.1606,0.73553,41,51,65,0.48244,0.24797,48,0.49439,0.23893,73,52,69,0.54867,0.21804,49,0.56231,0.21007,3.380063383,2.672115302,3.304318389,2.12504064,1.653274,0.643547,0.636496,-1.320902,-1.612414,4.032615667,3.686258,-0.346357667,3.859436833,4.488131152,3.311012873,-4.449227258,0.308592656,0.329162634,-4.57059025,0.709721218,0.345446303,-0.99546,0.248396,1.866818
519,NbTaNCl2,AA,m2,1.45,1.6,0.917407,13,6.75885,0.65,3.04,-0.07,5,14.53413,1,3.16,3.61272528,7,12.967633,1.45,1.5,0.32312,11,7.549571,0,-0.45,-0.45,0,1.44,1.54,1.56,1.66,0.1,3.5,1,0.636734694,0.67755102,0.685714286,0.733333333,0.928571429,0.92393321,1.45,1.55,1,0,1.61,1.5,5.8,7.1542105,136.92713,1,1.066666667,2.839214533,1.181818182,0.89526279,7,94,8,0.1473,0.81216,93,0.14784,0.79901,17,107,6,0.16265,0.73553,107,0.1606,0.73553,73,52,69,0.54867,0.21804,49,0.56231,0.21007,41,51,65,0.48244,0.24797,48,0.49439,0.23893,3.381329375,2.628116737,3.304417633,2.254014173,1.650961,0.641578,0.64305,-1.612783,-1.322805,3.697564,4.043732333,0.346168333,3.870648167,4.292560311,3.191092371,-4.453060071,0.327726721,0.309656377,-4.526981704,0.583863479,0.295296407,-0.995459,0.248397,2.102132
224,ZrMnCBr2,AA,x,1.55,1.33,0.433289,12,6.634126,0.7,2.55,1.262113612,4,11.260288,1.15,2.96,3.3635883,7,11.81381,1.4,1.55,-0.52,13,7.434038,0.15,-0.4,-0.25,0.025423729,1.22,1,1.63,1.41,-0.22,3.5,3,0.603703704,0.552941176,0.542222222,0.476190476,1.113387978,1.161176471,1.475,1.44,1,3,1.52,1.5,5.8,7.034082,73.0810225,1.107142857,0.858064516,-0.833248077,0.923076923,0.892398721,6,88,12,0.15167,0.78879,87,0.15208,0.77673,35,108,10,0.19779,0.60484,108,0.1953,0.60484,25,58,52,0.3851,0.31065,55,0.39497,0.29907,40,47,68,0.50364,0.23753,44,0.51595,0.22894,3.401740499,2.796490894,3.095020726,2.297350463,1.521473,0.615822,0.385094,-0.795274,-1.727117,4.817657,4.266834333,-0.550822667,4.542245667,4.831913631,3.12551165,-3.045794735,1.855415797,-1.088986875,-3.112191266,1.818228557,0.040638983,-0.706202,0.249322,2.192684
215,CrMoCF2,AB,m2,1.4,1.66,0.6758412,12,6.76651,0.7,2.55,1.262113612,4,11.260288,0.5,3.98,3.401189824,7,17.42282,1.45,2.16,0.74733,14,7.09243,-0.05,-0.9,-0.95,-0.00877193,0.89,0.39,2.32,1.82,-0.5,5,0,1.221052632,0.933333333,0.423809524,0.181395349,2.881135423,5.145299145,1.425,1.91,1,0,2.07,0,6,6.92947,73.96805,0.965517241,0.768518519,0.904341054,0.857142857,0.954046779,6,88,12,0.15167,0.78879,87,0.15208,0.77673,9,106,3,0.13207,0.90585,106,0.1304,0.90585,42,55,61,0.46178,0.25907,52,0.47342,0.24951,24,54,56,0.40019,0.29894,51,0.41024,0.28794,2.999203285,2.127748881,2.703053266,2.014717483,1.387067,0.712624,0.676951,-1.351029,-1.425612,5.804553333,6.012416667,0.207863333,5.908485,3.625079008,2.946835266,-4.979536654,-0.904757048,-0.254836184,-4.942245734,1.338458209,-0.285728809,-1.135242,0.249861,2.193998
478,YTiCBr2,AA,bridge,1.8,1.22,0.30712,11,6.21726,0.7,2.55,1.262113612,4,11.260288,1.15,2.96,3.3635883,7,11.81381,1.4,1.54,0.075545,12,6.82812,0.4,-0.65,-0.25,0.0625,1.33,1.01,1.74,1.42,-0.32,1.5,1,0.589830508,0.556862745,0.532,0.480952381,1.108703963,1.15783343,1.6,1.38,1,1,1.58,3.5,5,6.52269,68.386425,1.285714286,0.792207792,4.065391489,0.916666667,0.9105376,6,88,12,0.15167,0.78879,87,0.15208,0.77673,35,108,10,0.19779,0.60484,108,0.1953,0.60484,22,46,64,0.43051,0.27789,43,0.441,0.26786,39,15,108,0.74258,0.1611,12,0.76224,0.15497,3.497285898,2.854841084,3.442498362,2.486702485,1.994672,0.675079,0.592244,-1.59118,-1.670815,4.494749667,4.845103333,0.350353667,4.6699265,2.587816305,1.71608556,-3.400626084,1.511413112,0.960601135,-3.81953886,1.035671605,0.977443234,-1.17663,0.250242,1.94929
33,TiYCBr2,AA,bridge,1.4,1.54,0.075545,12,6.82812,0.7,2.55,1.262113612,4,11.260288,1.15,2.96,3.3635883,7,11.81381,1.8,1.22,0.30712,11,6.21726,-0.4,-0.25,-0.65,-0.0625,1.01,1.33,1.42,1.74,0.32,1.5,1,0.556862745,0.589830508,0.480952381,0.532,1.15783343,1.108703963,1.6,1.38,1,1,1.58,3.5,5,6.52269,68.386425,0.777777778,1.262295082,0.245978771,1.090909091,1.098252285,6,88,12,0.15167,0.78879,87,0.15208,0.77673,35,108,10,0.19779,0.60484,108,0.1953,0.60484,39,15,108,0.74258,0.1611,12,0.76224,0.15497,22,46,64,0.43051,0.27789,43,0.441,0.26786,3.497298079,2.693414297,3.44253185,2.255737093,1.982246,0.594858,0.675192,-1.661053,-1.591244,4.838873667,4.488388333,-0.350485333,4.663631,2.48900829,1.711702651,-3.401588895,0.961178915,1.507926062,-3.621146903,0.926720386,1.324219512,-1.176628,0.250245,2.085268
110,NbWNO2,BB,x,1.45,1.6,0.917407,13,6.75885,0.65,3.04,-0.07,5,14.53413,0.6,3.44,1.4611053,6,13.618055,1.35,2.36,0.816268,14,7.86403,0.1,-0.85,-0.75,0.017857143,1.44,0.68,1.84,1.08,-0.76,4,0,0.897560976,0.553846154,0.685714286,0.34,1.308943089,1.628959276,1.4,1.98,1,1,1.46,0,5.6,7.31144,138.37319,1.074074074,0.677966102,1.123904159,0.928571429,0.859463914,7,94,8,0.1473,0.81216,93,0.14784,0.79901,8,100,5,0.14058,0.85098,99,0.14125,0.83626,74,56,66,0.52343,0.22855,53,0.5367,0.22009,41,51,65,0.48244,0.24797,48,0.49439,0.23893,2.909616335,2.054319704,2.540839162,2.293178683,1.50932,1.019982,1.041417,-1.877321,-1.693399,5.511294,6.969885,1.458591,6.2405895,2.867793457,0.973876715,-2.951830652,1.558947615,-0.581539061,-3.858227829,1.156984117,-0.628765505,-1.500777,0.250288,-0.225192
484,NbMoNSe2,BB,bridge,1.45,1.6,0.917407,13,6.75885,0.65,3.04,-0.07,5,14.53413,1.15,2.55,2.020604712,6,9.752392,1.45,2.16,0.74733,14,7.09243,0,-0.3,-0.3,0,1.44,0.88,0.95,0.39,-0.56,4.5,1,0.365384615,0.15,0.685714286,0.419047619,0.532852564,0.357954545,1.45,1.88,0,1,0.67,0.5,5.6,6.92564,94.42319,1,0.740740741,1.227579516,0.928571429,0.952966755,7,94,8,0.1473,0.81216,93,0.14784,0.79901,34,102,14,0.21954,0.54493,101,0.22068,0.53528,42,55,61,0.46178,0.25907,52,0.47342,0.24951,41,51,65,0.48244,0.24797,48,0.49439,0.23893,3.168300427,2.56609406,2.966741549,2.300142611,1.499786,0.5859,0.41007,-1.190462,-1.305295,4.005576667,5.095093333,1.089516667,4.550335,1.91429982,1.754811856,-2.182523525,1.160928297,-0.819172065,-2.549562099,0.962573968,-0.871621815,-0.632207,0.250312,1.129109
487,TaMnCCl2,AA,m2,1.45,1.5,0.32312,11,7.549571,0.7,2.55,1.262113612,4,11.260288,1,3.16,3.61272528,7,12.967633,1.4,1.55,-0.52,13,7.434038,0.05,-0.45,-0.4,0.00877193,1.05,1,1.66,1.61,-0.05,4,2,0.67755102,0.670833333,0.488372093,0.476190476,1.387366375,1.40875,1.425,1.525,2,2,1.635,1,6,7.4918045,117.9429625,1.035714286,0.967741935,-0.621384615,0.846153846,1.015541083,6,88,12,0.15167,0.78879,87,0.15208,0.77673,17,107,6,0.16265,0.73553,107,0.1606,0.73553,25,58,52,0.3851,0.31065,55,0.39497,0.29907,73,52,69,0.54867,0.21804,49,0.56231,0.21007,3.256912723,2.615256101,3.004940271,2.183262175,1.487122,0.635335,0.473763,-0.881943,-1.714275,5.112955,3.288189,-1.824766,4.200572,4.340923404,3.148421596,-4.480896745,0.011366206,-0.771723873,-4.476318831,-0.061587266,-0.774283424,-0.656246,0.251287,2.222987
447,ScVNCl2,AA,x,1.6,1.36,0.1882,11,6.56149,0.65,3.04,-0.07,5,14.53413,1,3.16,3.61272528,7,12.967633,1.35,1.63,0.527662,13,6.746187,0.25,-0.6,-0.35,0.042372881,1.68,1.41,1.8,1.53,-0.27,2,2,0.692307692,0.65106383,0.746666667,0.705,0.927197802,0.923494794,1.475,1.495,0,2,1.665,3,5.4,6.6538385,47.948706,1.185185185,0.834355828,0.356667715,0.846153846,0.972622016,7,94,8,0.1473,0.81216,93,0.14784,0.79901,17,107,6,0.16265,0.73553,107,0.1606,0.73553,23,50,60,0.41533,0.28804,47,0.42558,0.27756,21,14,105,0.6303,0.1898,11,0.64709,0.18255,3.267428691,2.562602959,3.183065796,2.225511906,1.751815,0.686082,0.606142,-1.404452,-1.639587,4.551914333,4.750222333,0.198308,4.651068333,4.749184901,3.235202972,-3.837450014,2.342629916,-0.140751174,-3.913489455,2.364748055,0.766449722,-1.512997,0.251853,1.824725
127,TaWNS2,BB,x,1.45,1.5,0.32312,11,7.549571,0.65,3.04,-0.07,5,14.53413,1,2.58,2.077104512,6,10.36001,1.35,2.36,0.816268,14,7.86403,0.1,-0.45,-0.35,0.017857143,1.54,0.68,1.08,0.22,-0.86,3.5,1,0.440816327,0.093617021,0.733333333,0.34,0.601113173,0.27534418,1.4,1.93,0,1,0.65,0.5,5.6,7.7068005,182.39394,1.074074074,0.63559322,0.395850382,0.785714286,0.960012996,7,94,8,0.1473,0.81216,93,0.14784,0.79901,16,101,9,0.1781,0.67171,100,0.17899,0.65995,74,56,66,0.52343,0.22855,53,0.5367,0.22009,73,52,69,0.54867,0.21804,49,0.56231,0.21007,3.089668353,2.424622938,2.868789465,2.330824204,1.553283,0.637857,0.741936,-1.508443,-1.424633,4.009322,5.589817,1.580495,4.7995695,3.42745569,1.359375103,-3.317118537,0.475935408,-1.012508527,-4.127861792,0.013271718,-1.1010789,-0.714844,0.253679,0.986054
183,WTaNS2,BB,bridge,1.35,2.36,0.816268,14,7.86403,0.65,3.04,-0.07,5,14.53413,1,2.58,2.077104512,6,10.36001,1.45,1.5,0.32312,11,7.549571,-0.1,-0.35,-0.45,-0.017857143,0.68,1.54,0.22,1.08,0.86,3.5,1,0.093617021,0.440816327,0.34,0.733333333,0.27534418,0.601113173,1.4,1.93,0,1,0.65,0.5,5.6,7.7068005,182.39394,0.931034483,1.573333333,2.526206982,1.272727273,1.041652565,7,94,8,0.1473,0.81216,93,0.14784,0.79901,16,101,9,0.1781,0.67171,100,0.17899,0.65995,73,52,69,0.54867,0.21804,49,0.56231,0.21007,74,56,66,0.52343,0.22855,53,0.5367,0.22009,3.089671851,2.404664093,2.868792055,2.181766256,1.567618,0.744664,0.64401,-1.445163,-1.511129,5.562138,3.981204,-1.580934,4.771671,2.904740057,1.780348224,-3.317949745,-1.013640285,0.47678403,-3.174144657,-0.710213071,0.492370528,-0.714844,0.25368,1.899891
186,VMoNS2,BB,x,1.35,1.63,0.527662,13,6.746187,0.65,3.04,-0.07,5,14.53413,1,2.58,2.077104512,6,10.36001,1.45,2.16,0.74733,14,7.09243,-0.1,-0.35,-0.45,-0.017857143,1.41,0.88,0.95,0.42,-0.53,4,2,0.404255319,0.171428571,0.705,0.419047619,0.5734118,0.409090909,1.4,1.895,1,1,0.685,0,5.6,6.9193085,73.44075,0.931034483,0.75462963,0.706062917,0.928571429,0.95118133,7,94,8,0.1473,0.81216,93,0.14784,0.79901,16,101,9,0.1781,0.67171,100,0.17899,0.65995,42,55,61,0.46178,0.25907,52,0.47342,0.24951,23,50,60,0.41533,0.28804,47,0.42558,0.27756,3.007144721,2.321129309,2.808924225,2.150124487,1.467686,0.552959,0.631211,-1.302391,-1.349465,4.453232667,5.761725667,1.308493,5.107479167,3.266594677,1.355909202,-2.193317394,0.601797175,-0.793916806,-2.799494384,0.497289346,-0.889336196,-0.753606,0.253842,0.571021
61,Mn2NCl2,AA,x,1.4,1.55,-0.52,13,7.434038,0.65,3.04,-0.07,5,14.53413,1,3.16,3.61272528,7,12.967633,1.4,1.55,-0.52,13,7.434038,0,-0.4,-0.4,0,1.49,1.49,1.61,1.61,0,5,0,0.670833333,0.670833333,0.726829268,0.726829268,0.922958613,0.922958613,1.4,1.55,0,0,1.61,0,6.6,7.434038,54.938045,1,1,1,1,1,7,94,8,0.1473,0.81216,93,0.14784,0.79901,17,107,6,0.16265,0.73553,107,0.1606,0.73553,25,58,52,0.3851,0.31065,55,0.39497,0.29907,25,58,52,0.3851,0.31065,55,0.39497,0.29907,3.205211303,2.441751392,3.250944897,2.142550316,1.429429,0.562983,0.562512,-1.27775,-1.277175,5.122909667,5.122584333,-0.000325333,5.122747,2.729511554,1.793566791,-3.33292185,-2.228493533,-2.228493533,-3.353942358,0.671595117,0.671595117,-0.53905,0.25565,1.981105
261,NbVCO2,AA,m1,1.45,1.6,0.917407,13,6.75885,0.7,2.55,1.262113612,4,11.260288,0.6,3.44,1.4611053,6,13.618055,1.35,1.63,0.527662,13,6.746187,0.1,-0.85,-0.75,0.017857143,0.95,0.92,1.84,1.81,-0.03,3.5,1,0.897560976,0.928205128,0.441860465,0.448780488,2.031322208,2.068283166,1.4,1.615,1,0,1.825,0.5,5.2,6.7525185,71.92394,1.074074074,0.981595092,1.738626242,1,1.00187706,6,88,12,0.15167,0.78879,87,0.15208,0.77673,8,100,5,0.14058,0.85098,99,0.14125,0.83626,23,50,60,0.41533,0.28804,47,0.42558,0.27756,41,51,65,0.48244,0.24797,48,0.49439,0.23893,3.030866438,2.074767145,2.747230542,2.170602031,1.680666,1.116979,1.020301,-1.78002,-2.037924,6.521748,5.963429333,-0.558318667,6.242588667,2.943070876,0.974144468,-2.840216245,-0.165731432,0.122673347,-3.515581794,-0.137683843,-0.013609217,-1.531303,0.256243,0.115848
414,TiMnNCl2,AB,m2,1.4,1.54,0.075545,12,6.82812,0.65,3.04,-0.07,5,14.53413,1,3.16,3.61272528,7,12.967633,1.4,1.55,-0.52,13,7.434038,0,-0.4,-0.4,0,1.5,1.49,1.62,1.61,-0.01,3.5,3,0.675,0.670833333,0.731707317,0.726829268,0.9225,0.922958613,1.4,1.545,0,3,1.615,1.5,6,7.131079,51.4025225,1,0.993548387,-0.145278846,0.923076923,0.918494094,7,94,8,0.1473,0.81216,93,0.14784,0.79901,17,107,6,0.16265,0.73553,107,0.1606,0.73553,25,58,52,0.3851,0.31065,55,0.39497,0.29907,22,46,64,0.43051,0.27789,43,0.441,0.26786,3.256246199,2.555758239,3.009908137,2.029870166,1.622478,0.619694,0.575015,-1.080734,-1.736451,5.801858667,4.724556333,-1.077302333,5.2632075,4.330839066,3.207354944,-3.276020284,0.902726091,-1.950485338,-3.619589643,0.889184426,1.45084873,-1.110975,0.258538,2.184113
503,ZrHfNO2,AA,m1,1.55,1.33,0.433289,12,6.634126,0.65,3.04,-0.07,5,14.53413,0.6,3.44,1.4611053,6,13.618055,1.55,1.3,0.17807,10,6.82507,0,-0.95,-0.95,0,1.71,1.74,2.11,2.14,0.03,2,0,0.981395349,0.995348837,0.777272727,0.790909091,1.262613899,1.258487036,1.55,1.315,1,0,2.125,2,5,6.729598,134.857,1,1.023076923,2.433250969,1.2,0.972023144,7,94,8,0.1473,0.81216,93,0.14784,0.79901,8,100,5,0.14058,0.85098,99,0.14125,0.83626,72,48,71,0.57475,0.20815,45,0.58884,0.2006,40,47,68,0.50364,0.23753,44,0.51595,0.22894,3.23168792,2.115130852,2.942885685,2.325912748,1.875467,1.266004,1.264274,-2.233026,-2.172718,4.573451,4.875387667,0.301936667,4.724419333,2.942083704,0.972819832,-3.400942079,1.492856714,1.041558365,-4.040827689,1.406687661,0.892963018,-2.59395,0.259337,0.637203
533,ZrVCSe2,AA,bridge,1.55,1.33,0.433289,12,6.634126,0.7,2.55,1.262113612,4,11.260288,1.15,2.55,2.020604712,6,9.752392,1.35,1.63,0.527662,13,6.746187,0.2,-0.4,-0.2,0.034482759,1.22,0.92,1.22,0.92,-0.3,2.5,1,0.451851852,0.368,0.542222222,0.448780488,0.833333333,0.82,1.45,1.48,1,1,1.07,1.5,5,6.6901565,71.08275,1.148148148,0.81595092,0.821148766,0.923076923,0.983388987,6,88,12,0.15167,0.78879,87,0.15208,0.77673,34,102,14,0.21954,0.54493,101,0.22068,0.53528,23,50,60,0.41533,0.28804,47,0.42558,0.27756,40,47,68,0.50364,0.23753,44,0.51595,0.22894,3.305308603,2.702621369,3.304230934,2.312566794,1.790369,0.716859,0.53759,-1.336459,-1.70836,5.304177,5.574693333,0.270516333,5.439435167,2.179223938,1.734483259,-1.708584788,1.341939833,0.488567093,-1.781270699,1.159445667,0.501874104,-0.762123,0.260657,0.303762
84,Mn2CO2,AA,m1,1.4,1.55,-0.52,13,7.434038,0.7,2.55,1.262113612,4,11.260288,0.6,3.44,1.4611053,6,13.618055,1.4,1.55,-0.52,13,7.434038,0,-0.8,-0.8,0,1,1,1.89,1.89,0,5,0,0.945,0.945,0.476190476,0.476190476,1.9845,1.9845,1.4,1.55,0,0,1.89,1,6,7.434038,54.938045,1,1,1,1,1,6,88,12,0.15167,0.78879,87,0.15208,0.77673,8,100,5,0.14058,0.85098,99,0.14125,0.83626,25,58,52,0.3851,0.31065,55,0.39497,0.29907,25,58,52,0.3851,0.31065,55,0.39497,0.29907,2.913459277,1.928145672,2.745646314,2.082390992,1.24563,0.914452,0.911679,-1.519482,-1.552277,6.938058,6.938436,0.000378,6.938247,2.709707027,0.974493927,-2.521489838,-1.984756726,-1.984756726,-2.690035481,0.438890705,0.438890705,-0.7311,0.2628,-0.891264
93,WVNS2,BB,bridge,1.35,2.36,0.816268,14,7.86403,0.65,3.04,-0.07,5,14.53413,1,2.58,2.077104512,6,10.36001,1.35,1.63,0.527662,13,6.746187,0,-0.35,-0.35,0,0.68,1.41,0.22,0.95,0.73,3.5,1,0.093617021,0.404255319,0.34,0.705,0.27534418,0.5734118,1.35,1.995,2,1,0.585,0.5,5.6,7.3051085,117.39075,1,1.447852761,1.546952405,1.076923077,1.165699972,7,94,8,0.1473,0.81216,93,0.14784,0.79901,16,101,9,0.1781,0.67171,100,0.17899,0.65995,23,50,60,0.41533,0.28804,47,0.42558,0.27756,74,56,66,0.52343,0.22855,53,0.5367,0.22009,3.010649199,2.388370117,2.870981771,2.165580697,1.519056,0.63158,0.62332,-1.294126,-1.47983,5.718638667,4.158112333,-1.560526333,4.9383755,2.897903412,1.757650785,-2.380275123,-0.514807618,0.595292529,-2.348081144,-0.286357944,0.579866081,-0.705217,0.263091,1.971119
16,VWNS2,BB,x,1.35,1.63,0.527662,13,6.746187,0.65,3.04,-0.07,5,14.53413,1,2.58,2.077104512,6,10.36001,1.35,2.36,0.816268,14,7.86403,0,-0.35,-0.35,0,1.41,0.68,0.95,0.22,-0.73,3.5,1,0.404255319,0.093617021,0.705,0.34,0.5734118,0.27534418,1.35,1.995,2,1,0.585,0.5,5.6,7.3051085,117.39075,1,0.690677966,0.646432299,0.928571429,0.85785367,7,94,8,0.1473,0.81216,93,0.14784,0.79901,16,101,9,0.1781,0.67171,100,0.17899,0.65995,74,56,66,0.52343,0.22855,53,0.5367,0.22009,23,50,60,0.41533,0.28804,47,0.42558,0.27756,3.010667636,2.314683795,2.870977645,2.19625629,1.501593,0.63021,0.631455,-1.479962,-1.283296,4.185604333,5.746340667,1.560736333,4.9659725,3.263199915,1.356803114,-2.378435129,0.595157011,-0.513929127,-3.095908258,0.324445633,-0.592213163,-0.705215,0.263093,0.65176
203,ScNbCF2,AB,x,1.6,1.36,0.1882,11,6.56149,0.7,2.55,1.262113612,4,11.260288,0.5,3.98,3.401189824,7,17.42282,1.45,1.6,0.917407,13,6.75885,0.15,-1.1,-0.95,0.024590164,1.19,0.95,2.62,2.38,-0.24,2.5,3,1.247619048,1.220512821,0.517391304,0.441860465,2.411364546,2.762213225,1.525,1.48,1,2,2.5,2.5,5.2,6.66017,68.931146,1.103448276,0.85,0.20514341,0.846153846,0.970799766,6,88,12,0.15167,0.78879,87,0.15208,0.77673,9,106,3,0.13207,0.90585,106,0.1304,0.90585,41,51,65,0.48244,0.24797,48,0.49439,0.23893,21,14,105,0.6303,0.1898,11,0.64709,0.18255,3.117223266,2.175269018,2.645095652,2.221576537,1.791724,0.778176,0.729669,-1.551298,-1.748273,4.230308667,4.218941667,-0.011367,4.224625167,3.949029246,2.914166449,-6.39816413,1.398103549,0.185000932,-6.404271198,1.343253859,0.170237967,-2.134999,0.265798,2.200831
585,VHfCS2,AA,m1,1.35,1.63,0.527662,13,6.746187,0.7,2.55,1.262113612,4,11.260288,1,2.58,2.077104512,6,10.36001,1.55,1.3,0.17807,10,6.82507,-0.2,-0.35,-0.55,-0.034482759,0.92,1.25,0.95,1.28,0.33,2.5,1,0.404255319,0.501960784,0.448780488,0.555555556,0.900786309,0.903529412,1.45,1.465,2,1,1.115,1.5,5,6.7856285,114.71575,0.870967742,1.253846154,2.963227944,1.3,0.98844217,6,88,12,0.15167,0.78879,87,0.15208,0.77673,16,101,9,0.1781,0.67171,100,0.17899,0.65995,72,48,71,0.57475,0.20815,45,0.58884,0.2006,23,50,60,0.41533,0.28804,47,0.42558,0.27756,3.25244463,2.392359375,3.191418491,2.175351627,1.74409,0.674043,0.890558,-1.851104,-1.457588,6.120036333,5.830834,-0.289202333,5.975435167,3.332286981,1.353700742,-1.571317922,0.528780173,2.229944719,-1.913141247,0.491597316,1.959095746,-0.890018,0.266111,0.315363
537,WScNS2,BA,bridge,1.35,2.36,0.816268,14,7.86403,0.65,3.04,-0.07,5,14.53413,1,2.58,2.077104512,6,10.36001,1.6,1.36,0.1882,11,6.56149,-0.25,-0.35,-0.6,-0.042372881,0.68,1.68,0.22,1.22,1,2.5,3,0.093617021,0.469230769,0.34,0.746666667,0.27534418,0.628434066,1.475,1.86,2,3,0.72,1.5,5.2,7.21276,114.397956,0.84375,1.735294118,4.337236982,1.272727273,1.198512838,7,94,8,0.1473,0.81216,93,0.14784,0.79901,16,101,9,0.1781,0.67171,100,0.17899,0.65995,21,14,105,0.6303,0.1898,11,0.64709,0.18255,74,56,66,0.52343,0.22855,53,0.5367,0.22009,3.195045248,2.424283334,2.80890291,2.22040008,1.558988,0.662983,0.909325,-1.629467,-1.501829,6.278309333,4.261253333,-2.017056,5.269781333,2.899783085,1.800574489,-2.646772553,-0.806020128,1.689624918,-2.481347633,-0.486228906,1.697767165,-0.996187,0.266238,2.016309
357,ScWNS2,AB,bridge,1.6,1.36,0.1882,11,6.56149,0.65,3.04,-0.07,5,14.53413,1,2.58,2.077104512,6,10.36001,1.35,2.36,0.816268,14,7.86403,0.25,-0.6,-0.35,0.042372881,1.68,0.68,1.22,0.22,-1,2.5,3,0.469230769,0.093617021,0.746666667,0.34,0.628434066,0.27534418,1.475,1.86,2,3,0.72,1.5,5.2,7.21276,114.397956,1.185185185,0.576271186,0.230561531,0.785714286,0.834367366,7,94,8,0.1473,0.81216,93,0.14784,0.79901,16,101,9,0.1781,0.67171,100,0.17899,0.65995,74,56,66,0.52343,0.22855,53,0.5367,0.22009,21,14,105,0.6303,0.1898,11,0.64709,0.18255,3.195027111,2.408464951,2.808786884,2.347167996,1.554133,0.915319,0.640871,-1.478878,-1.631445,4.296524,6.313602,2.017078,5.305063,2.080723253,1.620748877,-2.647774693,1.687787179,-0.806130514,-3.369679199,0.906705187,-1.175369922,-0.996186,0.266239,0.388852
170,YNbCCl2,AA,bridge,1.8,1.22,0.30712,11,6.21726,0.7,2.55,1.262113612,4,11.260288,1,3.16,3.61272528,7,12.967633,1.45,1.6,0.917407,13,6.75885,0.35,-0.8,-0.45,0.053846154,1.33,0.95,1.94,1.56,-0.38,2.5,3,0.692857143,0.636734694,0.532,0.441860465,1.30236305,1.441031149,1.625,1.41,0,2,1.75,2.5,5.2,6.488055,90.906115,1.24137931,0.7625,0.334769628,0.846153846,0.919869504,6,88,12,0.15167,0.78879,87,0.15208,0.77673,17,107,6,0.16265,0.73553,107,0.1606,0.73553,41,51,65,0.48244,0.24797,48,0.49439,0.23893,39,15,108,0.74258,0.1611,12,0.76224,0.15497,3.450073688,2.717915867,3.377854482,2.478819031,1.908541,0.713864,0.63349,-1.585618,-1.670276,4.482171667,5.085299333,0.603127667,4.7837355,2.564232523,1.575439303,-4.06118855,1.528486341,0.53626104,-4.69195157,0.944626881,0.358940085,-1.246795,0.266752,2.327945
364,ScCrCBr2,AA,bridge,1.6,1.36,0.1882,11,6.56149,0.7,2.55,1.262113612,4,11.260288,1.15,2.96,3.3635883,7,11.81381,1.4,1.66,0.6758412,12,6.76651,0.2,-0.45,-0.25,0.033333333,1.19,0.89,1.6,1.3,-0.3,3,4,0.581818182,0.509803922,0.517391304,0.423809524,1.124522536,1.20290813,1.5,1.51,0,3,1.45,2,5.4,6.664,48.476006,1.142857143,0.819277108,0.278467782,0.916666667,0.969700776,6,88,12,0.15167,0.78879,87,0.15208,0.77673,35,108,10,0.19779,0.60484,108,0.1953,0.60484,24,54,56,0.40019,0.29894,51,0.41024,0.28794,21,14,105,0.6303,0.1898,11,0.64709,0.18255,3.397052163,2.709531263,3.310925409,2.323984633,1.687771,0.645112,0.49205,-1.175539,-1.649395,4.976742333,4.760647333,-0.216095,4.868694833,2.453764285,1.702210693,-3.234041123,2.100072202,-0.847781438,-3.669933214,1.734140419,1.356912434,-0.809422,0.267671,1.971585
325,YZrCF2,AA,m2,1.8,1.22,0.30712,11,6.21726,0.7,2.55,1.262113612,4,11.260288,0.5,3.98,3.401189824,7,17.42282,1.55,1.33,0.433289,12,6.634126,0.25,-1.3,-1.05,0.037313433,1.33,1.22,2.76,2.65,-0.11,1.5,1,1.2,1.292682927,0.532,0.542222222,2.255639098,2.384046381,1.675,1.275,0,1,2.705,3.5,5,6.425693,90.064925,1.161290323,0.917293233,0.708810978,0.916666667,0.937163388,6,88,12,0.15167,0.78879,87,0.15208,0.77673,9,106,3,0.13207,0.90585,106,0.1304,0.90585,40,47,68,0.50364,0.23753,44,0.51595,0.22894,39,15,108,0.74258,0.1611,12,0.76224,0.15497,3.364190116,2.332699021,3.150965018,2.43868666,2.107054,0.815619,0.803082,-1.930668,-1.795085,3.777588,3.966567333,0.188979333,3.872077667,2.045333285,2.386605823,-6.012801035,1.774163258,1.194517475,-5.938679221,1.894967813,1.245076769,-2.28641,0.268027,2.399022
37,VZrCF2,AA,bridge,1.35,1.63,0.527662,13,6.746187,0.7,2.55,1.262113612,4,11.260288,0.5,3.98,3.401189824,7,17.42282,1.55,1.33,0.433289,12,6.634126,-0.2,-0.85,-1.05,-0.034482759,0.92,1.22,2.35,2.65,0.3,2.5,1,1.27027027,1.292682927,0.448780488,0.542222222,2.830493537,2.384046381,1.45,1.48,1,1,2.5,2.5,5.4,6.6901565,71.08275,0.870967742,1.22556391,1.217806129,1.083333333,1.0168916,6,88,12,0.15167,0.78879,87,0.15208,0.77673,9,106,3,0.13207,0.90585,106,0.1304,0.90585,40,47,68,0.50364,0.23753,44,0.51595,0.22894,23,50,60,0.41533,0.28804,47,0.42558,0.27756,3.146212754,2.194503062,2.856526585,2.060745783,1.866255,0.734786,0.77709,-1.816315,-1.561819,4.265130667,5.502977333,1.237846667,4.884054,1.614091762,2.094535217,-5.441169665,0.381313596,2.168380279,-5.408084468,0.416783764,2.13476335,-1.914576,0.269938,1.878914
28,CrScCCl2,AA,bridge,1.4,1.66,0.6758412,12,6.76651,0.7,2.55,1.262113612,4,11.260288,1,3.16,3.61272528,7,12.967633,1.6,1.36,0.1882,11,6.56149,-0.2,-0.4,-0.6,-0.033333333,0.89,1.19,1.5,1.8,0.3,3,4,0.625,0.692307692,0.423809524,0.517391304,1.474719101,1.338073691,1.5,1.51,0,3,1.65,2,5.4,6.664,48.476006,0.875,1.220588235,3.591079702,1.090909091,1.031245952,6,88,12,0.15167,0.78879,87,0.15208,0.77673,17,107,6,0.16265,0.73553,107,0.1606,0.73553,21,14,105,0.6303,0.1898,11,0.64709,0.18255,24,54,56,0.40019,0.29894,51,0.41024,0.28794,3.313891753,2.485220499,3.184204206,2.140253438,1.680622,0.561065,0.677958,-1.671619,-1.248027,5.068884,5.528064333,0.459180333,5.298474167,2.379604686,1.562344365,-3.65019914,-0.729580411,2.224436903,-4.042304452,1.337999468,2.090571395,-1.029067,0.270222,1.420851
405,HfMnCCl2,AA,m2,1.55,1.3,0.17807,10,6.82507,0.7,2.55,1.262113612,4,11.260288,1,3.16,3.61272528,7,12.967633,1.4,1.55,-0.52,13,7.434038,0.15,-0.55,-0.4,0.025423729,1.25,1,1.86,1.61,-0.25,3.5,3,0.729411765,0.670833333,0.555555556,0.476190476,1.312941176,1.40875,1.475,1.425,2,3,1.735,1.5,5.8,7.129554,116.7140225,1.107142857,0.838709677,-0.342442308,0.769230769,0.918083819,6,88,12,0.15167,0.78879,87,0.15208,0.77673,17,107,6,0.16265,0.73553,107,0.1606,0.73553,25,58,52,0.3851,0.31065,55,0.39497,0.29907,72,48,71,0.57475,0.20815,45,0.58884,0.2006,3.312086745,2.638911351,2.987368379,2.244422153,1.553604,0.659231,0.488347,-0.906085,-1.795097,5.30868,4.134925333,-1.173754667,4.721802667,4.456050717,3.250209635,-4.137894504,1.114546932,-0.092049706,-4.178306267,1.04760722,-0.096393735,-0.882305,0.272594,2.159598
138,WTaCCl2,AA,m2,1.35,2.36,0.816268,14,7.86403,0.7,2.55,1.262113612,4,11.260288,1,3.16,3.61272528,7,12.967633,1.45,1.5,0.32312,11,7.549571,-0.1,-0.35,-0.45,-0.017857143,0.19,1.05,0.8,1.66,0.86,3.5,1,0.340425532,0.67755102,0.092682927,0.488372093,3.673012318,1.387366375,1.4,1.93,0,1,1.23,1.5,5.8,7.7068005,182.39394,0.931034483,1.573333333,2.526206982,1.272727273,1.041652565,6,88,12,0.15167,0.78879,87,0.15208,0.77673,17,107,6,0.16265,0.73553,107,0.1606,0.73553,73,52,69,0.54867,0.21804,49,0.56231,0.21007,74,56,66,0.52343,0.22855,53,0.5367,0.22009,3.390875226,2.677771767,3.324140456,2.138097749,1.619531,0.584043,0.640196,-1.622893,-1.220877,3.76697,4.331155667,0.564185667,4.049062833,4.455375839,3.233214051,-4.331412554,-0.392709354,0.336959161,-4.34398163,-0.391209485,0.353030506,-0.562421,0.272762,2.169163
371,TiScNS2,AA,m1,1.4,1.54,0.075545,12,6.82812,0.65,3.04,-0.07,5,14.53413,1,2.58,2.077104512,6,10.36001,1.6,1.36,0.1882,11,6.56149,-0.2,-0.4,-0.6,-0.033333333,1.5,1.68,1.04,1.22,0.18,1.5,1,0.433333333,0.469230769,0.731707317,0.746666667,0.592222222,0.628434066,1.5,1.45,0,1,1.13,2.5,4.8,6.694805,46.411456,0.875,1.132352941,0.401408077,1.090909091,1.040635587,7,94,8,0.1473,0.81216,93,0.14784,0.79901,16,101,9,0.1781,0.67171,100,0.17899,0.65995,21,14,105,0.6303,0.1898,11,0.64709,0.18255,22,46,64,0.43051,0.27789,43,0.441,0.26786,3.299929367,2.427567609,3.207709366,2.188161627,1.690169,0.813546,0.930574,-1.657009,-1.77728,6.481063333,5.851212,-0.629851333,6.166137667,3.404325313,1.348552359,-1.626303048,1.14749814,2.326364444,-2.169047014,1.007435815,2.130185887,-1.394619,0.274681,0.58379
345,TiYNBr2,AA,m2,1.4,1.54,0.075545,12,6.82812,0.65,3.04,-0.07,5,14.53413,1.15,2.96,3.3635883,7,11.81381,1.8,1.22,0.30712,11,6.21726,-0.4,-0.25,-0.65,-0.0625,1.5,1.82,1.42,1.74,0.32,1.5,1,0.556862745,0.589830508,0.731707317,0.742857143,0.761045752,0.794002608,1.6,1.38,1,1,1.58,3.5,5.2,6.52269,68.386425,0.777777778,1.262295082,0.245978771,1.090909091,1.098252285,7,94,8,0.1473,0.81216,93,0.14784,0.79901,35,108,10,0.19779,0.60484,108,0.1953,0.60484,39,15,108,0.74258,0.1611,12,0.76224,0.15497,22,46,64,0.43051,0.27789,43,0.441,0.26786,3.465966031,2.676098226,3.384151575,2.216110026,1.857409,0.598826,0.677415,-1.631884,-1.501767,4.453668333,4.101242333,-0.352426,4.277455333,4.270864071,3.200897205,-3.869698438,0.687244796,0.918040502,-3.877841566,0.690269007,0.847997078,-1.540557,0.275241,2.190723
366,CrNbNBr2,AA,x,1.4,1.66,0.6758412,12,6.76651,0.65,3.04,-0.07,5,14.53413,1.15,2.96,3.3635883,7,11.81381,1.45,1.6,0.917407,13,6.75885,-0.05,-0.25,-0.3,-0.00877193,1.38,1.44,1.3,1.36,0.06,4.5,1,0.509803922,0.523076923,0.673170732,0.685714286,0.75731742,0.762820513,1.425,1.63,1,1,1.33,0.5,6,6.76268,72.45124,0.965517241,1.0375,0.736686334,0.923076923,1.001133329,7,94,8,0.1473,0.81216,93,0.14784,0.79901,35,108,10,0.19779,0.60484,108,0.1953,0.60484,41,51,65,0.48244,0.24797,48,0.49439,0.23893,24,54,56,0.40019,0.29894,51,0.41024,0.28794,3.351135168,2.639450948,3.180336786,2.06747267,1.487737,0.447615,0.563582,-1.533849,-0.965085,3.51786,4.341896667,0.824036667,3.929878333,2.959687874,1.930638393,-3.520099306,-0.474226988,0.097724347,-3.862226473,-0.117927281,-0.115785837,-0.679987,0.275606,2.07412
78,MoScNCl2,AA,x,1.45,2.16,0.74733,14,7.09243,0.65,3.04,-0.07,5,14.53413,1,3.16,3.61272528,7,12.967633,1.6,1.36,0.1882,11,6.56149,-0.15,-0.45,-0.6,-0.024590164,0.88,1.68,1,1.8,0.8,3,4,0.408163265,0.692307692,0.419047619,0.746666667,0.974025974,0.927197802,1.525,1.76,1,3,1.4,2,5.6,6.82696,70.447956,0.90625,1.588235294,3.970935175,1.272727273,1.080917596,7,94,8,0.1473,0.81216,93,0.14784,0.79901,17,107,6,0.16265,0.73553,107,0.1606,0.73553,21,14,105,0.6303,0.1898,11,0.64709,0.18255,42,55,61,0.46178,0.25907,52,0.47342,0.24951,3.262869955,2.574889589,3.409519658,2.194764484,1.642912,0.554964,0.668662,-1.660935,-1.205604,4.651444333,4.520743667,-0.130700667,4.586094,3.168012018,1.974757856,-3.859622708,-0.339205604,2.215489953,-3.994251788,-0.316081381,2.193567662,-1.249361,0.276296,2.168822
336,TiMoNS2,AA,bridge,1.4,1.54,0.075545,12,6.82812,0.65,3.04,-0.07,5,14.53413,1,2.58,2.077104512,6,10.36001,1.45,2.16,0.74733,14,7.09243,-0.05,-0.4,-0.45,-0.00877193,1.5,0.88,1.04,0.42,-0.62,3.5,3,0.433333333,0.171428571,0.731707317,0.419047619,0.592222222,0.409090909,1.425,1.85,1,2,0.73,0.5,5.4,6.960275,71.9035,0.965517241,0.712962963,0.101086535,0.857142857,0.962733506,7,94,8,0.1473,0.81216,93,0.14784,0.79901,16,101,9,0.1781,0.67171,100,0.17899,0.65995,42,55,61,0.46178,0.25907,52,0.47342,0.24951,22,46,64,0.43051,0.27789,43,0.441,0.26786,3.162985143,2.424766001,3.191989195,2.093072654,1.609258,0.754391,0.617029,-1.289376,-1.691302,5.165315333,5.856138333,0.690823,5.510726833,2.148100427,1.599163428,-1.606124457,1.262150309,-0.371781968,-2.068328547,0.866444951,-0.493851886,-0.952916,0.276538,-0.148188
175,NbMnNF2,BA,m1,1.45,1.6,0.917407,13,6.75885,0.65,3.04,-0.07,5,14.53413,0.5,3.98,3.401189824,7,17.42282,1.4,1.55,-0.52,13,7.434038,0.05,-0.95,-0.9,0.00877193,1.44,1.49,2.38,2.43,0.05,4.5,1,1.220512821,1.278947368,0.685714286,0.726829268,1.77991453,1.759625574,1.425,1.575,1,2,2.405,0.5,6.2,7.096444,73.9222125,1.035714286,1.032258065,-1.764244231,1,0.909176144,7,94,8,0.1473,0.81216,93,0.14784,0.79901,9,106,3,0.13207,0.90585,106,0.1304,0.90585,25,58,52,0.3851,0.31065,55,0.39497,0.29907,41,51,65,0.48244,0.24797,48,0.49439,0.23893,3.048223813,2.237588989,2.636076867,2.161071601,1.506723,0.691405,0.715337,-1.283424,-1.630039,5.499382,3.839982667,-1.659399333,4.669682333,4.205834332,3.013311209,-5.871543774,0.446316303,-0.463688093,-5.873601288,0.445701448,1.757531,-1.614696,0.277925,1.910109
498,ZrTaNCl2,AA,m2,1.55,1.33,0.433289,12,6.634126,0.65,3.04,-0.07,5,14.53413,1,3.16,3.61272528,7,12.967633,1.45,1.5,0.32312,11,7.549571,0.1,-0.55,-0.45,0.016666667,1.71,1.54,1.83,1.66,-0.17,2.5,1,0.717647059,0.67755102,0.777272727,0.733333333,0.923288614,0.92393321,1.5,1.415,1,1,1.745,2.5,5.6,7.0918485,136.08594,1.068965517,0.886666667,1.340953825,1.090909091,0.878742117,7,94,8,0.1473,0.81216,93,0.14784,0.79901,17,107,6,0.16265,0.73553,107,0.1606,0.73553,73,52,69,0.54867,0.21804,49,0.56231,0.21007,40,47,68,0.50364,0.23753,44,0.51595,0.22894,3.405601376,2.669764697,3.349087908,2.284045597,1.769626,0.692289,0.652987,-1.497834,-1.617068,3.636595667,3.855044,0.218448333,3.745819833,4.35215667,3.213896107,-5.113056984,0.416097037,-0.081373124,-5.125945983,0.356977483,-0.095786974,-1.315599,0.278046,2.194052
450,ZrCrNBr2,AA,x,1.55,1.33,0.433289,12,6.634126,0.65,3.04,-0.07,5,14.53413,1.15,2.96,3.3635883,7,11.81381,1.4,1.66,0.6758412,12,6.76651,0.15,-0.4,-0.25,0.025423729,1.71,1.38,1.63,1.3,-0.33,3.5,3,0.603703704,0.509803922,0.777272727,0.673170732,0.776694823,0.75731742,1.475,1.495,1,2,1.465,1.5,5.8,6.700318,71.61005,1.107142857,0.801204819,0.641110663,1,0.980435409,7,94,8,0.1473,0.81216,93,0.14784,0.79901,35,108,10,0.19779,0.60484,108,0.1953,0.60484,24,54,56,0.40019,0.29894,51,0.41024,0.28794,40,47,68,0.50364,0.23753,44,0.51595,0.22894,3.403199504,2.80047879,3.201644606,2.245843863,1.609632,0.628379,0.475242,-0.99489,-1.718364,4.242949333,3.636104333,-0.606845,3.939526833,4.769927747,3.073656669,-3.440322841,1.470159653,-0.830761014,-3.496555236,1.451926481,0.230416146,-0.996757,0.278448,2.234547
205,ScZrNS2,AA,m1,1.6,1.36,0.1882,11,6.56149,0.65,3.04,-0.07,5,14.53413,1,2.58,2.077104512,6,10.36001,1.55,1.33,0.433289,12,6.634126,0.05,-0.6,-0.55,0.007936508,1.68,1.71,1.22,1.25,0.03,1.5,1,0.469230769,0.490196078,0.746666667,0.777272727,0.628434066,0.630661621,1.575,1.345,1,1,1.235,2.5,4.8,6.597808,68.089956,1.032258065,1.022556391,0.43435213,0.916666667,0.989051158,7,94,8,0.1473,0.81216,93,0.14784,0.79901,16,101,9,0.1781,0.67171,100,0.17899,0.65995,40,47,68,0.50364,0.23753,44,0.51595,0.22894,21,14,105,0.6303,0.1898,11,0.64709,0.18255,3.465985291,2.42885287,3.367351431,2.520120996,1.776715,1.021117,0.98499,-2.078713,-1.704109,6.031454667,6.292231667,0.260777,6.161843167,3.4645076,1.342834765,-1.613696156,2.578816645,1.382754795,-2.367531684,2.303220603,1.16504689,-1.54624,0.278876,0.26222
276,ZrScNS2,AA,m1,1.55,1.33,0.433289,12,6.634126,0.65,3.04,-0.07,5,14.53413,1,2.58,2.077104512,6,10.36001,1.6,1.36,0.1882,11,6.56149,-0.05,-0.55,-0.6,-0.007936508,1.71,1.68,1.25,1.22,-0.03,1.5,1,0.490196078,0.469230769,0.777272727,0.746666667,0.630661621,0.628434066,1.575,1.345,1,1,1.235,2.5,4.8,6.597808,68.089956,0.96875,0.977941176,2.30227949,1.090909091,1.011070047,7,94,8,0.1473,0.81216,93,0.14784,0.79901,16,101,9,0.1781,0.67171,100,0.17899,0.65995,21,14,105,0.6303,0.1898,11,0.64709,0.18255,40,47,68,0.50364,0.23753,44,0.51595,0.22894,3.46598552,2.546321252,3.367354913,2.2998966,1.776765,0.976337,1.026574,-1.708544,-2.071132,6.287686,6.026761667,-0.260924333,6.157223833,3.584532256,1.347636146,-1.613533391,1.38174337,2.579058391,-2.482893338,0.956906212,2.135849653,-1.54624,0.278877,0.873588
497,CrMnCCl2,AA,x,1.4,1.66,0.6758412,12,6.76651,0.7,2.55,1.262113612,4,11.260288,1,3.16,3.61272528,7,12.967633,1.4,1.55,-0.52,13,7.434038,0,-0.4,-0.4,0,0.89,1,1.5,1.61,0.11,5,0,0.625,0.670833333,0.423809524,0.476190476,1.474719101,1.40875,1.4,1.605,0,1,1.555,0,6.2,7.100274,53.4670725,1,1.070967742,-1.299694615,0.923076923,0.910206539,6,88,12,0.15167,0.78879,87,0.15208,0.77673,17,107,6,0.16265,0.73553,107,0.1606,0.73553,25,58,52,0.3851,0.31065,55,0.39497,0.29907,24,54,56,0.40019,0.29894,51,0.41024,0.28794,3.180129353,2.482588683,3.114139706,2.020881723,1.327792,0.51886,0.508665,-1.092849,-1.262469,5.231019,5.382570333,0.151551333,5.306794667,2.801938255,1.772902445,-3.328261939,-0.7123686,-1.628888783,-3.913111318,1.619643646,0.24572057,-0.434414,0.279937,1.628569
148,MnCrCCl2,AA,x,1.4,1.55,-0.52,13,7.434038,0.7,2.55,1.262113612,4,11.260288,1,3.16,3.61272528,7,12.967633,1.4,1.66,0.6758412,12,6.76651,0,-0.4,-0.4,0,1,0.89,1.61,1.5,-0.11,5,0,0.670833333,0.625,0.476190476,0.423809524,1.40875,1.474719101,1.4,1.605,0,1,1.555,0,6.2,7.100274,53.4670725,1,0.93373494,-0.769411513,1.083333333,1.098651742,6,88,12,0.15167,0.78879,87,0.15208,0.77673,17,107,6,0.16265,0.73553,107,0.1606,0.73553,24,54,56,0.40019,0.29894,51,0.41024,0.28794,25,58,52,0.3851,0.31065,55,0.39497,0.29907,3.18059196,2.441060665,3.114650544,2.123874208,1.324116,0.527306,0.528726,-1.273868,-1.106282,5.382743333,5.228303667,-0.154439667,5.3055235,2.756611582,1.785281916,-3.322112669,-1.627955782,-0.712346992,-3.297630558,0.597693469,0.666885583,-0.434411,0.27994,1.661996
385,ScMoCCl2,AA,bridge,1.6,1.36,0.1882,11,6.56149,0.7,2.55,1.262113612,4,11.260288,1,3.16,3.61272528,7,12.967633,1.45,2.16,0.74733,14,7.09243,0.15,-0.6,-0.45,0.024590164,1.19,0.39,1.8,1,-0.8,3,4,0.692307692,0.408163265,0.517391304,0.181395349,1.338073691,2.250130822,1.525,1.76,1,3,1.4,2,5.4,6.82696,70.447956,1.103448276,0.62962963,0.251829848,0.785714286,0.925139903,6,88,12,0.15167,0.78879,87,0.15208,0.77673,17,107,6,0.16265,0.73553,107,0.1606,0.73553,42,55,61,0.46178,0.25907,52,0.47342,0.24951,21,14,105,0.6303,0.1898,11,0.64709,0.18255,3.310482258,2.566313452,3.353309959,2.293943935,1.646346,0.678923,0.578289,-1.273051,-1.630506,4.682514,5.128212,0.445698,4.905363,2.481616813,1.561503558,-3.603814958,2.7758669,-0.183584367,-4.324513134,2.232455251,-0.392422422,-1.019607,0.280337,1.854275
572,YZrNF2,AB,m2,1.8,1.22,0.30712,11,6.21726,0.65,3.04,-0.07,5,14.53413,0.5,3.98,3.401189824,7,17.42282,1.55,1.33,0.433289,12,6.634126,0.25,-1.3,-1.05,0.037313433,1.82,1.71,2.76,2.65,-0.11,1.5,1,1.2,1.292682927,0.742857143,0.777272727,1.615384615,1.663100842,1.675,1.275,0,1,2.705,3.5,5.2,6.425693,90.064925,1.161290323,0.917293233,0.708810978,0.916666667,0.937163388,7,94,8,0.1473,0.81216,93,0.14784,0.79901,9,106,3,0.13207,0.90585,106,0.1304,0.90585,40,47,68,0.50364,0.23753,44,0.51595,0.22894,39,15,108,0.74258,0.1611,12,0.76224,0.15497,3.284830303,2.31706193,2.671763809,2.301853436,1.875406,0.807462,0.77434,-1.620638,-1.836569,3.64986,3.213434667,-0.436425333,3.431647333,3.502654225,2.893976758,-6.88195331,0.226785022,0.876838895,-6.89513311,0.177537942,0.849857413,-2.650764,0.280895,2.191701
269,ZrYNF2,BA,m2,1.55,1.33,0.433289,12,6.634126,0.65,3.04,-0.07,5,14.53413,0.5,3.98,3.401189824,7,17.42282,1.8,1.22,0.30712,11,6.21726,-0.25,-1.05,-1.3,-0.037313433,1.71,1.82,2.65,2.76,0.11,1.5,1,1.292682927,1.2,0.777272727,0.742857143,1.663100842,1.615384615,1.675,1.275,0,1,2.705,3.5,5.2,6.425693,90.064925,0.861111111,1.090163934,1.410813363,1.090909091,1.067049794,7,94,8,0.1473,0.81216,93,0.14784,0.79901,9,106,3,0.13207,0.90585,106,0.1304,0.90585,39,15,108,0.74258,0.1611,12,0.76224,0.15497,40,47,68,0.50364,0.23753,44,0.51595,0.22894,3.284711051,2.32559682,2.671791545,2.31385231,1.875492,0.807829,0.778774,-1.838107,-1.623987,3.220897667,3.655771,0.434873333,3.438334333,1.868181203,2.280369959,-6.880771422,0.890464075,0.223593789,-6.074440905,1.549154845,1.005445996,-2.650764,0.280895,2.289577
128,MoVNCl2,AA,x,1.45,2.16,0.74733,14,7.09243,0.65,3.04,-0.07,5,14.53413,1,3.16,3.61272528,7,12.967633,1.35,1.63,0.527662,13,6.746187,0.1,-0.45,-0.35,0.017857143,0.88,1.41,1,1.53,0.53,4,2,0.408163265,0.65106383,0.419047619,0.705,0.974025974,0.923494794,1.4,1.895,1,1,1.265,1,6,6.9193085,73.44075,1.074074074,1.325153374,1.416304377,1.076923077,1.051324252,7,94,8,0.1473,0.81216,93,0.14784,0.79901,17,107,6,0.16265,0.73553,107,0.1606,0.73553,23,50,60,0.41533,0.28804,47,0.42558,0.27756,42,55,61,0.46178,0.25907,52,0.47342,0.24951,3.259708591,2.586824102,3.068844834,2.169031183,1.451384,0.560229,0.553592,-1.391657,-1.173549,4.751614,4.263292,-0.488322,4.507453,4.477156408,2.962089949,-4.050144965,-0.640124558,-0.086676989,-4.112145876,-0.637441058,-0.083862102,-0.790202,0.281995,2.196826
363,VCrNBr2,AA,x,1.35,1.63,0.527662,13,6.746187,0.65,3.04,-0.07,5,14.53413,1.15,2.96,3.3635883,7,11.81381,1.4,1.66,0.6758412,12,6.76651,-0.05,-0.2,-0.25,-0.009090909,1.41,1.38,1.33,1.3,-0.03,4,2,0.532,0.509803922,0.705,0.673170732,0.754609929,0.75731742,1.375,1.645,0,1,1.315,1,6,6.7563485,51.4688,0.964285714,0.981927711,0.780748495,1.083333333,0.996996531,7,94,8,0.1473,0.81216,93,0.14784,0.79901,35,108,10,0.19779,0.60484,108,0.1953,0.60484,24,54,56,0.40019,0.29894,51,0.41024,0.28794,23,50,60,0.41533,0.28804,47,0.42558,0.27756,3.28373441,2.62985766,3.24453753,2.103748365,1.485742,0.514607,0.433058,-1.068884,-1.364525,4.167559,3.894584,-0.272975,4.0310715,3.383071157,2.119714706,-3.411374529,-0.214253124,-0.554865198,-3.81943755,0.293827075,-0.75407257,-0.676836,0.28223,2.103694
24,Mo2NF2,AA,m2,1.45,2.16,0.74733,14,7.09243,0.65,3.04,-0.07,5,14.53413,0.5,3.98,3.401189824,7,17.42282,1.45,2.16,0.74733,14,7.09243,0,-0.95,-0.95,0,0.88,0.88,1.82,1.82,0,5,0,0.933333333,0.933333333,0.419047619,0.419047619,2.227272727,2.227272727,1.45,2.16,0,0,1.82,0,6.2,7.09243,95.94,1,1,1,1,1,7,94,8,0.1473,0.81216,93,0.14784,0.79901,9,106,3,0.13207,0.90585,106,0.1304,0.90585,42,55,61,0.46178,0.25907,52,0.47342,0.24951,42,55,61,0.46178,0.25907,52,0.47342,0.24951,3.260640546,2.306128425,2.937879333,2.096827403,1.390437,0.733364,0.732192,-1.438298,-1.417691,4.678892667,4.678317,-0.000575667,4.678604833,1.722661999,2.291031595,-5.605070287,-0.751204494,-0.751204494,-5.652780883,-0.833699137,-0.833699137,-1.079861,0.285948,0.654467
64,WMnCS2,AA,bridge,1.35,2.36,0.816268,14,7.86403,0.7,2.55,1.262113612,4,11.260288,1,2.58,2.077104512,6,10.36001,1.4,1.55,-0.52,13,7.434038,-0.05,-0.35,-0.4,-0.009090909,0.19,1,0.22,1.03,0.81,4.5,1,0.093617021,0.429166667,0.092682927,0.476190476,1.010078387,0.90125,1.375,1.955,2,1,0.625,0.5,5.8,7.649034,119.3890225,0.964285714,1.522580645,-1.569746154,1.076923077,1.057840974,6,88,12,0.15167,0.78879,87,0.15208,0.77673,16,101,9,0.1781,0.67171,100,0.17899,0.65995,25,58,52,0.3851,0.31065,55,0.39497,0.29907,74,56,66,0.52343,0.22855,53,0.5367,0.22009,3.194248087,2.459928859,2.893067135,2.176973064,1.342943,0.682691,0.426703,-0.939229,-1.51311,5.795279667,5.046791333,-0.748488333,5.4210355,2.713687055,1.651025512,-1.512732906,-0.045775479,-1.277328233,-1.690559866,-0.031852019,-0.073251362,-0.232286,0.286557,1.43942
534,ZrCrCSe2,AB,bridge,1.55,1.33,0.433289,12,6.634126,0.7,2.55,1.262113612,4,11.260288,1.15,2.55,2.020604712,6,9.752392,1.4,1.66,0.6758412,12,6.76651,0.15,-0.4,-0.25,0.025423729,1.22,0.89,1.22,0.89,-0.33,3.5,3,0.451851852,0.349019608,0.542222222,0.423809524,0.833333333,0.823529412,1.475,1.495,1,2,1.055,0.5,5.2,6.700318,71.61005,1.107142857,0.801204819,0.641110663,1,0.980435409,6,88,12,0.15167,0.78879,87,0.15208,0.77673,34,102,14,0.21954,0.54493,101,0.22068,0.53528,24,54,56,0.40019,0.29894,51,0.41024,0.28794,40,47,68,0.50364,0.23753,44,0.51595,0.22894,3.272325754,2.679734916,2.621275571,2.297161401,1.631858,0.715358,0.369252,-1.017063,-1.699404,4.739128667,5.568626333,0.829497667,5.1538775,2.142277933,1.732036957,-1.834365372,1.557541115,-0.334468994,-2.042616192,1.243225311,-0.408511737,-0.570301,0.288038,0.44001
47,CrHfCS2,BA,x,1.4,1.66,0.6758412,12,6.76651,0.7,2.55,1.262113612,4,11.260288,1,2.58,2.077104512,6,10.36001,1.55,1.3,0.17807,10,6.82507,-0.15,-0.4,-0.55,-0.025423729,0.89,1.25,0.92,1.28,0.36,3.5,3,0.383333333,0.501960784,0.423809524,0.555555556,0.904494382,0.903529412,1.475,1.48,2,2,1.1,0.5,5.2,6.79579,115.24305,0.903225806,1.276923077,3.795368114,1.2,0.991419868,6,88,12,0.15167,0.78879,87,0.15208,0.77673,16,101,9,0.1781,0.67171,100,0.17899,0.65995,72,48,71,0.57475,0.20815,45,0.58884,0.2006,24,54,56,0.40019,0.29894,51,0.41024,0.28794,3.208344707,2.343184397,2.50802571,2.140662032,1.587243,0.868076,0.525954,-1.827195,-1.154077,6.049313333,5.398776,-0.650537333,5.724044667,3.239253821,1.375123675,-1.553840235,-0.218499324,2.133750491,-1.884924105,-0.18075165,1.869241432,-0.702459,0.289229,0.64104
280,MnTaCF2,AB,x,1.4,1.55,-0.52,13,7.434038,0.7,2.55,1.262113612,4,11.260288,0.5,3.98,3.401189824,7,17.42282,1.45,1.5,0.32312,11,7.549571,-0.05,-0.9,-0.95,-0.00877193,1,1.05,2.43,2.48,0.05,4,2,1.278947368,1.271794872,0.476190476,0.488372093,2.685789474,2.604151404,1.425,1.525,2,2,2.455,1,6,7.4918045,117.9429625,0.965517241,1.033333333,-1.609309235,1.181818182,0.984696746,6,88,12,0.15167,0.78879,87,0.15208,0.77673,9,106,3,0.13207,0.90585,106,0.1304,0.90585,73,52,69,0.54867,0.21804,49,0.56231,0.21007,25,58,52,0.3851,0.31065,55,0.39497,0.29907,3.051502651,2.123308283,2.671741535,2.129903664,1.571842,0.727072,0.733912,-1.642772,-1.390052,4.122230667,5.890779333,1.768548667,5.006505,3.961903729,2.94877302,-5.794348617,-2.419048129,0.602620297,-5.709778022,1.020413825,0.663504493,-1.366543,0.289577,2.202774
373,WHfCCl2,AA,m2,1.35,2.36,0.816268,14,7.86403,0.7,2.55,1.262113612,4,11.260288,1,3.16,3.61272528,7,12.967633,1.55,1.3,0.17807,10,6.82507,-0.2,-0.35,-0.55,-0.034482759,0.19,1.25,0.8,1.86,1.06,3,2,0.340425532,0.729411765,0.092682927,0.555555556,3.673012318,1.312941176,1.45,1.83,0,2,1.33,2,5.6,7.34455,181.165,0.870967742,1.815384615,4.583972595,1.4,1.15222701,6,88,12,0.15167,0.78879,87,0.15208,0.77673,17,107,6,0.16265,0.73553,107,0.1606,0.73553,72,48,71,0.57475,0.20815,45,0.58884,0.2006,74,56,66,0.52343,0.22855,53,0.5367,0.22009,3.372503063,2.660974718,3.351856095,2.151221331,1.747353,0.589769,0.676187,-1.765171,-1.248138,3.864744,4.296171333,0.431427333,4.080457667,4.214494143,3.081287652,-4.676944532,-0.468927135,0.658903268,-4.982900013,-0.343626485,0.479018159,-0.869529,0.290369,2.193675
51,HfCrCS2,AB,bridge,1.55,1.3,0.17807,10,6.82507,0.7,2.55,1.262113612,4,11.260288,1,2.58,2.077104512,6,10.36001,1.4,1.66,0.6758412,12,6.76651,0.15,-0.55,-0.4,0.025423729,1.25,0.89,1.28,0.92,-0.36,3.5,3,0.501960784,0.383333333,0.555555556,0.423809524,0.903529412,0.904494382,1.475,1.48,2,2,1.1,0.5,5.2,6.79579,115.24305,1.107142857,0.78313253,0.263479054,0.833333333,1.008654388,6,88,12,0.15167,0.78879,87,0.15208,0.77673,16,101,9,0.1781,0.67171,100,0.17899,0.65995,24,54,56,0.40019,0.29894,51,0.41024,0.28794,72,48,71,0.57475,0.20815,45,0.58884,0.2006,3.207691771,2.488303114,2.507358329,2.278522738,1.594175,0.866746,0.502955,-1.138278,-1.825596,5.408390667,6.05925,0.650859333,5.733820333,2.137084962,1.631195883,-1.555061567,2.132542423,-0.218829786,-1.934890016,1.812388879,-0.25570919,-0.70078,0.290909,0.352485
3,YHfCF2,AA,m2,1.8,1.22,0.30712,11,6.21726,0.7,2.55,1.262113612,4,11.260288,0.5,3.98,3.401189824,7,17.42282,1.55,1.3,0.17807,10,6.82507,0.25,-1.3,-1.05,0.037313433,1.33,1.25,2.76,2.68,-0.08,1.5,1,1.2,1.307317073,0.532,0.555555556,2.255639098,2.353170732,1.675,1.26,1,1,2.72,3.5,5,6.521165,133.697925,1.161290323,0.938461538,1.724715,1.1,0.910944503,6,88,12,0.15167,0.78879,87,0.15208,0.77673,9,106,3,0.13207,0.90585,106,0.1304,0.90585,72,48,71,0.57475,0.20815,45,0.58884,0.2006,39,15,108,0.74258,0.1611,12,0.76224,0.15497,3.377639781,2.338782307,3.093277989,2.458517321,2.132324,0.818856,0.801578,-1.965339,-1.787419,3.454675,3.870897333,0.416222333,3.662786167,3.440536771,2.899754428,-6.141082436,2.224708412,1.354479377,-6.164819577,2.156283532,1.348029177,-2.299809,0.291337,2.199051
375,WTiNS2,BA,bridge,1.35,2.36,0.816268,14,7.86403,0.65,3.04,-0.07,5,14.53413,1,2.58,2.077104512,6,10.36001,1.4,1.54,0.075545,12,6.82812,-0.05,-0.35,-0.4,-0.009090909,0.68,1.5,0.22,1.04,0.82,3,2,0.093617021,0.433333333,0.34,0.731707317,0.27534418,0.592222222,1.375,1.95,2,2,0.63,1,5.4,7.346075,115.8535,0.964285714,1.532467532,10.80505659,1.166666667,1.151712331,7,94,8,0.1473,0.81216,93,0.14784,0.79901,16,101,9,0.1781,0.67171,100,0.17899,0.65995,22,46,64,0.43051,0.27789,43,0.441,0.26786,74,56,66,0.52343,0.22855,53,0.5367,0.22009,3.095269474,2.424554631,2.885538465,2.17910343,1.602187,0.626888,0.801181,-1.566399,-1.463856,5.274287,4.199927,-1.07436,4.737107,2.836124889,1.726363761,-2.496658368,-0.75038866,1.056941445,-2.440291761,-0.484532669,1.02419212,-0.898953,0.291362,1.516743
590,MoNbCF2,AA,bridge,1.45,2.16,0.74733,14,7.09243,0.7,2.55,1.262113612,4,11.260288,0.5,3.98,3.401189824,7,17.42282,1.45,1.6,0.917407,13,6.75885,0,-0.95,-0.95,0,0.39,0.95,1.82,2.38,0.56,4.5,1,0.933333333,1.220512821,0.181395349,0.441860465,5.145299145,2.762213225,1.45,1.88,0,1,2.1,0.5,5.8,6.92564,94.42319,1,1.35,0.814611181,1.076923077,1.04935455,6,88,12,0.15167,0.78879,87,0.15208,0.77673,9,106,3,0.13207,0.90585,106,0.1304,0.90585,41,51,65,0.48244,0.24797,48,0.49439,0.23893,42,55,61,0.46178,0.25907,52,0.47342,0.24951,3.218864343,2.314930901,2.971008128,2.081588167,1.61605,0.725559,0.755966,-1.704122,-1.393451,4.089784,5.330131667,1.240347667,4.709957833,1.703735093,2.192728722,-5.553967222,-0.294800428,0.568571774,-5.389339269,-0.243601079,0.687311312,-1.391511,0.291563,1.331537
143,ZrTaCF2,AA,bridge,1.55,1.33,0.433289,12,6.634126,0.7,2.55,1.262113612,4,11.260288,0.5,3.98,3.401189824,7,17.42282,1.45,1.5,0.32312,11,7.549571,0.1,-1.05,-0.95,0.016666667,1.22,1.05,2.65,2.48,-0.17,2.5,1,1.292682927,1.271794872,0.542222222,0.488372093,2.384046381,2.604151404,1.5,1.415,1,1,2.565,2.5,5.4,7.0918485,136.08594,1.068965517,0.886666667,1.340953825,1.090909091,0.878742117,6,88,12,0.15167,0.78879,87,0.15208,0.77673,9,106,3,0.13207,0.90585,106,0.1304,0.90585,73,52,69,0.54867,0.21804,49,0.56231,0.21007,40,47,68,0.50364,0.23753,44,0.51595,0.22894,3.217634209,2.303540892,3.100439694,2.255252898,2.027279,0.784945,0.764636,-1.759623,-1.817234,4.054227333,4.037352333,-0.016875,4.045789833,1.864532396,2.259872112,-6.287832496,1.075239079,0.168803199,-6.140136714,1.204225904,0.289710938,-1.930225,0.291652,1.819645
340,VWCF2,AA,bridge,1.35,1.63,0.527662,13,6.746187,0.7,2.55,1.262113612,4,11.260288,0.5,3.98,3.401189824,7,17.42282,1.35,2.36,0.816268,14,7.86403,0,-0.85,-0.85,0,0.92,0.19,2.35,1.62,-0.73,3.5,1,1.27027027,0.875675676,0.448780488,0.092682927,2.830493537,9.448079659,1.35,1.995,2,1,1.985,1.5,5.8,7.3051085,117.39075,1,0.690677966,0.646432299,0.928571429,0.85785367,6,88,12,0.15167,0.78879,87,0.15208,0.77673,9,106,3,0.13207,0.90585,106,0.1304,0.90585,74,56,66,0.52343,0.22855,53,0.5367,0.22009,23,50,60,0.41533,0.28804,47,0.42558,0.27756,3.117769877,2.181406417,2.844269648,2.0447546,1.616239,0.728069,0.727824,-1.531171,-1.540963,4.852398,5.125998333,0.273600333,4.989198167,1.627472476,2.250429316,-5.505643354,-0.033523794,-0.186872351,-5.615951539,0.651746982,-0.3017632,-1.235237,0.292037,1.467249
123,MnNbCS2,AA,m1,1.4,1.55,-0.52,13,7.434038,0.7,2.55,1.262113612,4,11.260288,1,2.58,2.077104512,6,10.36001,1.45,1.6,0.917407,13,6.75885,-0.05,-0.4,-0.45,-0.00877193,1,0.95,1.03,0.98,-0.05,4.5,1,0.429166667,0.4,0.476190476,0.441860465,0.90125,0.905263158,1.425,1.575,1,2,1.005,0.5,5.6,7.096444,73.9222125,0.965517241,0.96875,-0.566814947,1,1.099896876,6,88,12,0.15167,0.78879,87,0.15208,0.77673,16,101,9,0.1781,0.67171,100,0.17899,0.65995,41,51,65,0.48244,0.24797,48,0.49439,0.23893,25,58,52,0.3851,0.31065,55,0.39497,0.29907,3.197493495,2.35497262,2.95099711,2.028237744,1.461685,0.478832,0.743329,-1.669565,-1.014281,5.606205,5.757942667,0.151737667,5.682073833,3.243209677,1.358952658,-2.120006968,-1.608166941,0.458276724,-2.590885403,-0.014064113,0.243155469,-0.459063,0.292461,0.561014
506,MoCrCBr2,AA,x,1.45,2.16,0.74733,14,7.09243,0.7,2.55,1.262113612,4,11.260288,1.15,2.96,3.3635883,7,11.81381,1.4,1.66,0.6758412,12,6.76651,0.05,-0.3,-0.25,0.00877193,0.39,0.89,0.8,1.3,0.5,5,0,0.307692308,0.509803922,0.181395349,0.423809524,1.696252465,1.20290813,1.425,1.91,1,0,1.05,0,6,6.92947,73.96805,1.035714286,1.301204819,1.105777511,1.166666667,1.048166632,6,88,12,0.15167,0.78879,87,0.15208,0.77673,35,108,10,0.19779,0.60484,108,0.1953,0.60484,24,54,56,0.40019,0.29894,51,0.41024,0.28794,42,55,61,0.46178,0.25907,52,0.47342,0.24951,3.309841769,2.736826264,3.195774877,2.165029297,1.370167,0.473224,0.415811,-1.084695,-1.174508,4.438901667,3.983774,-0.455127667,4.211337833,3.33645572,2.041516858,-3.227477347,-0.587381055,-0.321570256,-3.707404457,-0.013724727,0.137539171,-0.244419,0.295601,1.627569
162,CrMoCBr2,AA,x,1.4,1.66,0.6758412,12,6.76651,0.7,2.55,1.262113612,4,11.260288,1.15,2.96,3.3635883,7,11.81381,1.45,2.16,0.74733,14,7.09243,-0.05,-0.25,-0.3,-0.00877193,0.89,0.39,1.3,0.8,-0.5,5,0,0.509803922,0.307692308,0.423809524,0.181395349,1.20290813,1.696252465,1.425,1.91,1,0,1.05,0,6,6.92947,73.96805,0.965517241,0.768518519,0.904341054,0.857142857,0.954046779,6,88,12,0.15167,0.78879,87,0.15208,0.77673,35,108,10,0.19779,0.60484,108,0.1953,0.60484,42,55,61,0.46178,0.25907,52,0.47342,0.24951,24,54,56,0.40019,0.29894,51,0.41024,0.28794,3.309966517,2.625259608,3.195771356,2.057118383,1.370015,0.428494,0.466933,-1.176991,-1.088453,3.990186667,4.444738333,0.454551667,4.2174625,2.971934692,1.924534209,-3.208299,-0.319986394,-0.590125799,-3.397763107,-0.178434583,-0.542975377,-0.244414,0.295606,1.970754
468,NbMoNBr2,AA,m2,1.45,1.6,0.917407,13,6.75885,0.65,3.04,-0.07,5,14.53413,1.15,2.96,3.3635883,7,11.81381,1.45,2.16,0.74733,14,7.09243,0,-0.3,-0.3,0,1.44,0.88,1.36,0.8,-0.56,4.5,1,0.523076923,0.307692308,0.685714286,0.419047619,0.762820513,0.734265734,1.45,1.88,0,1,1.08,0.5,6,6.92564,94.42319,1,0.740740741,1.227579516,0.928571429,0.952966755,7,94,8,0.1473,0.81216,93,0.14784,0.79901,35,108,10,0.19779,0.60484,108,0.1953,0.60484,42,55,61,0.46178,0.25907,52,0.47342,0.24951,41,51,65,0.48244,0.24797,48,0.49439,0.23893,3.413407016,2.745523383,3.290879703,2.309046679,1.444711,0.571491,0.478469,-1.128441,-1.366231,4.219728667,3.62904,-0.590688667,3.924384333,4.017119852,2.888261094,-3.708387276,0.269768965,-0.51996581,-3.825177195,0.495289704,-0.671896835,-0.652439,0.295606,2.200269
314,TaCrNF2,BA,m2,1.45,1.5,0.32312,11,7.549571,0.65,3.04,-0.07,5,14.53413,0.5,3.98,3.401189824,7,17.42282,1.4,1.66,0.6758412,12,6.76651,0.05,-0.95,-0.9,0.00877193,1.54,1.38,2.48,2.32,-0.16,4,2,1.271794872,1.221052632,0.733333333,0.673170732,1.734265734,1.813882532,1.425,1.58,2,1,2.4,1,6,7.1580405,116.47199,1.035714286,0.903614458,0.478100477,0.916666667,1.11572598,7,94,8,0.1473,0.81216,93,0.14784,0.79901,9,106,3,0.13207,0.90585,106,0.1304,0.90585,24,54,56,0.40019,0.29894,51,0.41024,0.28794,73,52,69,0.54867,0.21804,49,0.56231,0.21007,3.006453615,2.280290092,2.776327618,2.167147792,1.590047,0.713615,0.723188,-1.4494,-1.577448,4.901579,3.998589333,-0.902989667,4.450084167,1.782711209,2.089650933,-6.508772824,0.12706062,-1.631448439,-6.517911093,0.239793543,1.150118925,-1.520101,0.297717,1.262422
387,ScVNBr2,AA,m1,1.6,1.36,0.1882,11,6.56149,0.65,3.04,-0.07,5,14.53413,1.15,2.96,3.3635883,7,11.81381,1.35,1.63,0.527662,13,6.746187,0.25,-0.45,-0.2,0.042372881,1.68,1.41,1.6,1.33,-0.27,2,2,0.581818182,0.532,0.746666667,0.705,0.779220779,0.754609929,1.475,1.495,0,2,1.465,3,5.4,6.6538385,47.948706,1.185185185,0.834355828,0.356667715,0.846153846,0.972622016,7,94,8,0.1473,0.81216,93,0.14784,0.79901,35,108,10,0.19779,0.60484,108,0.1953,0.60484,23,50,60,0.41533,0.28804,47,0.42558,0.27756,21,14,105,0.6303,0.1898,11,0.64709,0.18255,3.340757018,2.704165682,3.317934509,2.240668875,1.753456,0.643977,0.530834,-1.3131,-1.615166,4.189866,4.573114667,0.383248667,4.381490333,5.403623451,3.173839874,-3.294887872,2.358075755,-0.110513024,-3.376632928,2.352504143,0.791475868,-1.259156,0.298787,1.903331
573,VScNBr2,AA,x,1.35,1.63,0.527662,13,6.746187,0.65,3.04,-0.07,5,14.53413,1.15,2.96,3.3635883,7,11.81381,1.6,1.36,0.1882,11,6.56149,-0.25,-0.2,-0.45,-0.042372881,1.41,1.68,1.33,1.6,0.27,2,2,0.532,0.581818182,0.705,0.746666667,0.754609929,0.779220779,1.475,1.495,0,2,1.465,3,5.4,6.6538385,47.948706,0.84375,1.198529412,2.803730074,1.181818182,1.028148637,7,94,8,0.1473,0.81216,93,0.14784,0.79901,35,108,10,0.19779,0.60484,108,0.1953,0.60484,21,14,105,0.6303,0.1898,11,0.64709,0.18255,23,50,60,0.41533,0.28804,47,0.42558,0.27756,3.340722493,2.609985553,3.318055571,2.146290928,1.75035,0.544426,0.643028,-1.611324,-1.32648,4.566394667,4.183287333,-0.383107333,4.374841,3.333120253,2.143165192,-3.29684287,-0.110513559,2.357101133,-4.038143979,0.801120756,1.772928805,-1.259155,0.298787,2.205415
337,ScTaCF2,AB,x,1.6,1.36,0.1882,11,6.56149,0.7,2.55,1.262113612,4,11.260288,0.5,3.98,3.401189824,7,17.42282,1.45,1.5,0.32312,11,7.549571,0.15,-1.1,-0.95,0.024590164,1.19,1.05,2.62,2.48,-0.14,2,2,1.247619048,1.271794872,0.517391304,0.488372093,2.411364546,2.604151404,1.525,1.43,2,2,2.55,3,5.2,7.0555305,112.951896,1.103448276,0.906666667,0.58244615,1,0.869120908,6,88,12,0.15167,0.78879,87,0.15208,0.77673,9,106,3,0.13207,0.90585,106,0.1304,0.90585,73,52,69,0.54867,0.21804,49,0.56231,0.21007,21,14,105,0.6303,0.1898,11,0.64709,0.18255,3.113537536,2.175420262,2.660426766,2.222834586,1.843407,0.777075,0.739272,-1.614479,-1.745278,3.813883333,4.070950667,0.257067333,3.942417,3.946769646,2.911393305,-6.554526384,1.576032072,0.308594934,-6.568120429,1.569176804,0.301405836,-2.094505,0.299081,2.196134
109,MoScNBr2,AA,x,1.45,2.16,0.74733,14,7.09243,0.65,3.04,-0.07,5,14.53413,1.15,2.96,3.3635883,7,11.81381,1.6,1.36,0.1882,11,6.56149,-0.15,-0.3,-0.45,-0.024590164,0.88,1.68,0.8,1.6,0.8,3,4,0.307692308,0.581818182,0.419047619,0.746666667,0.734265734,0.779220779,1.525,1.76,1,3,1.2,2,5.6,6.82696,70.447956,0.90625,1.588235294,3.970935175,1.272727273,1.080917596,7,94,8,0.1473,0.81216,93,0.14784,0.79901,35,108,10,0.19779,0.60484,108,0.1953,0.60484,21,14,105,0.6303,0.1898,11,0.64709,0.18255,42,55,61,0.46178,0.25907,52,0.47342,0.24951,3.385981529,2.733408891,3.473819841,2.178368067,1.596669,0.491796,0.649075,-1.604566,-1.132974,4.616922,4.193389,-0.423533,4.4051555,3.239275284,1.994360235,-3.228436257,-0.317321587,2.340615164,-3.714603891,-0.431313542,2.044343892,-1.019402,0.299347,1.729403
52,TaCrNCl2,AA,m2,1.45,1.5,0.32312,11,7.549571,0.65,3.04,-0.07,5,14.53413,1,3.16,3.61272528,7,12.967633,1.4,1.66,0.6758412,12,6.76651,0.05,-0.45,-0.4,0.00877193,1.54,1.38,1.66,1.5,-0.16,4,2,0.67755102,0.625,0.733333333,0.673170732,0.92393321,0.928442029,1.425,1.58,2,1,1.58,1,6,7.1580405,116.47199,1.035714286,0.903614458,0.478100477,0.916666667,1.11572598,7,94,8,0.1473,0.81216,93,0.14784,0.79901,17,107,6,0.16265,0.73553,107,0.1606,0.73553,24,54,56,0.40019,0.29894,51,0.41024,0.28794,73,52,69,0.54867,0.21804,49,0.56231,0.21007,3.289089553,2.645235587,3.051389725,2.150604506,1.515816,0.646007,0.547232,-1.009907,-1.699148,4.788271333,3.308849667,-1.479421667,4.0485605,4.307638048,3.113775059,-4.738000007,-0.230585132,-0.541846076,-4.715475492,-0.294846803,-0.538677444,-0.795614,0.299643,2.175576
326,WNbNCl2,AA,m2,1.35,2.36,0.816268,14,7.86403,0.65,3.04,-0.07,5,14.53413,1,3.16,3.61272528,7,12.967633,1.45,1.6,0.917407,13,6.75885,-0.1,-0.35,-0.45,-0.017857143,0.68,1.44,0.8,1.56,0.76,4,0,0.340425532,0.636734694,0.34,0.685714286,1.001251564,0.928571429,1.4,1.98,1,1,1.18,1,6,7.31144,138.37319,0.931034483,1.475,0.889755583,1.076923077,1.163515983,7,94,8,0.1473,0.81216,93,0.14784,0.79901,17,107,6,0.16265,0.73553,107,0.1606,0.73553,41,51,65,0.48244,0.24797,48,0.49439,0.23893,74,56,66,0.52343,0.22855,53,0.5367,0.22009,3.374898492,2.669888652,3.064080397,2.021791287,1.447277,0.568535,0.649331,-1.289155,-1.375989,3.701420667,4.116362,0.414941333,3.908891333,4.354344809,3.190968894,-4.499608148,-0.341982818,0.341032738,-4.594127663,-0.034327654,0.372469963,-0.6801,0.301618,2.178698
339,NbWNCl2,AA,m2,1.45,1.6,0.917407,13,6.75885,0.65,3.04,-0.07,5,14.53413,1,3.16,3.61272528,7,12.967633,1.35,2.36,0.816268,14,7.86403,0.1,-0.45,-0.35,0.017857143,1.44,0.68,1.56,0.8,-0.76,4,0,0.636734694,0.340425532,0.685714286,0.34,0.928571429,1.001251564,1.4,1.98,1,1,1.18,1,6,7.31144,138.37319,1.074074074,0.677966102,1.123904159,0.928571429,0.859463914,7,94,8,0.1473,0.81216,93,0.14784,0.79901,17,107,6,0.16265,0.73553,107,0.1606,0.73553,74,56,66,0.52343,0.22855,53,0.5367,0.22009,41,51,65,0.48244,0.24797,48,0.49439,0.23893,3.375124434,2.580686386,3.063990965,2.410941548,1.455793,0.640483,0.566465,-1.380005,-1.282737,4.107535667,3.693702667,-0.413833,3.900619167,4.284828988,3.238797099,-4.499257832,0.340735342,-0.340143326,-4.546726779,0.622788283,-0.345594547,-0.680097,0.301621,2.163709
480,VCrCO2,AA,m1,1.35,1.63,0.527662,13,6.746187,0.7,2.55,1.262113612,4,11.260288,0.6,3.44,1.4611053,6,13.618055,1.4,1.66,0.6758412,12,6.76651,-0.05,-0.75,-0.8,-0.009090909,0.92,0.89,1.81,1.78,-0.03,4,2,0.928205128,0.89,0.448780488,0.423809524,2.068283166,2.1,1.375,1.645,0,1,1.795,0,5.4,6.7563485,51.4688,0.964285714,0.981927711,0.780748495,1.083333333,0.996996531,6,88,12,0.15167,0.78879,87,0.15208,0.77673,8,100,5,0.14058,0.85098,99,0.14125,0.83626,24,54,56,0.40019,0.29894,51,0.41024,0.28794,23,50,60,0.41533,0.28804,47,0.42558,0.27756,2.89999809,1.954195378,2.728773566,2.061228296,1.43705,0.996675,0.925606,-1.575883,-1.783449,6.670448667,6.549759667,-0.120689,6.610104167,2.762130105,0.973367094,-2.628641264,0.108357835,-1.005196326,-3.147198826,-0.02380227,0.35598664,-1.17826,0.30195,-0.373343
156,MoVNSe2,AA,bridge,1.45,2.16,0.74733,14,7.09243,0.65,3.04,-0.07,5,14.53413,1.15,2.55,2.020604712,6,9.752392,1.35,1.63,0.527662,13,6.746187,0.1,-0.3,-0.2,0.017857143,0.88,1.41,0.39,0.92,0.53,4,2,0.15,0.368,0.419047619,0.705,0.357954545,0.521985816,1.4,1.895,1,1,0.655,0,5.6,6.9193085,73.44075,1.074074074,1.325153374,1.416304377,1.076923077,1.051324252,7,94,8,0.1473,0.81216,93,0.14784,0.79901,34,102,14,0.21954,0.54493,101,0.22068,0.53528,23,50,60,0.41533,0.28804,47,0.42558,0.27756,42,55,61,0.46178,0.25907,52,0.47342,0.24951,3.205650048,2.570255281,3.1979855,2.209984409,1.517785,0.478987,0.506433,-1.381331,-1.121874,4.881329,4.433520667,-0.447808333,4.657424833,2.804858601,1.75298332,-1.918036402,-0.479845287,0.066050357,-1.985480414,-0.38145633,0.120818489,-0.583724,0.302266,0.991795
512,VMoNSe2,AA,bridge,1.35,1.63,0.527662,13,6.746187,0.65,3.04,-0.07,5,14.53413,1.15,2.55,2.020604712,6,9.752392,1.45,2.16,0.74733,14,7.09243,-0.1,-0.2,-0.3,-0.017857143,1.41,0.88,0.92,0.39,-0.53,4,2,0.368,0.15,0.705,0.419047619,0.521985816,0.357954545,1.4,1.895,1,1,0.655,0,5.6,6.9193085,73.44075,0.931034483,0.75462963,0.706062917,0.928571429,0.95118133,7,94,8,0.1473,0.81216,93,0.14784,0.79901,34,102,14,0.21954,0.54493,101,0.22068,0.53528,42,55,61,0.46178,0.25907,52,0.47342,0.24951,23,50,60,0.41533,0.28804,47,0.42558,0.27756,3.205957989,2.56472208,3.196825498,2.029002402,1.520642,0.513299,0.473584,-1.114955,-1.39257,4.441170667,4.890526,0.449355333,4.665848333,2.528325061,1.706955863,-1.920943295,0.065317576,-0.476845859,-1.989369558,0.181218648,-0.360315978,-0.583723,0.302268,0.686953
494,HfCrNCl2,AA,x,1.55,1.3,0.17807,10,6.82507,0.65,3.04,-0.07,5,14.53413,1,3.16,3.61272528,7,12.967633,1.4,1.66,0.6758412,12,6.76651,0.15,-0.55,-0.4,0.025423729,1.74,1.38,1.86,1.5,-0.36,3.5,3,0.729411765,0.625,0.790909091,0.673170732,0.92224476,0.928442029,1.475,1.48,2,2,1.68,1.5,5.8,6.79579,115.24305,1.107142857,0.78313253,0.263479054,0.833333333,1.008654388,7,94,8,0.1473,0.81216,93,0.14784,0.79901,17,107,6,0.16265,0.73553,107,0.1606,0.73553,24,54,56,0.40019,0.29894,51,0.41024,0.28794,72,48,71,0.57475,0.20815,45,0.58884,0.2006,3.317550685,2.642241277,3.079405043,2.191071052,1.619349,0.672744,0.551159,-1.05726,-1.785993,4.574045333,3.387526667,-1.186518667,3.980786,4.700039767,3.131413322,-4.669642854,0.627382271,-0.922951605,-4.68550462,0.43749732,0.075989289,-1.166929,0.302461,2.182651
246,ZrScNSe2,AA,bridge,1.55,1.33,0.433289,12,6.634126,0.65,3.04,-0.07,5,14.53413,1.15,2.55,2.020604712,6,9.752392,1.6,1.36,0.1882,11,6.56149,-0.05,-0.4,-0.45,-0.007936508,1.71,1.68,1.22,1.19,-0.03,1.5,1,0.451851852,0.432727273,0.777272727,0.746666667,0.581329868,0.579545455,1.575,1.345,1,1,1.205,2.5,4.8,6.597808,68.089956,0.96875,0.977941176,2.30227949,1.090909091,1.011070047,7,94,8,0.1473,0.81216,93,0.14784,0.79901,34,102,14,0.21954,0.54493,101,0.22068,0.53528,21,14,105,0.6303,0.1898,11,0.64709,0.18255,40,47,68,0.50364,0.23753,44,0.51595,0.22894,3.500024671,2.681984496,3.519875428,2.309693234,1.793731,0.851277,0.916826,-1.626217,-1.935616,5.775417,5.396060333,-0.379356667,5.585738667,2.097549613,1.798748188,-1.729093393,1.226877456,2.450411522,-1.952667367,1.081360156,2.321520745,-1.377189,0.305728,0.831017
99,ZrCrCS2,AB,bridge,1.55,1.33,0.433289,12,6.634126,0.7,2.55,1.262113612,4,11.260288,1,2.58,2.077104512,6,10.36001,1.4,1.66,0.6758412,12,6.76651,0.15,-0.55,-0.4,0.025423729,1.22,0.89,1.25,0.92,-0.33,3.5,3,0.490196078,0.383333333,0.542222222,0.423809524,0.904050145,0.904494382,1.475,1.495,1,2,1.085,0.5,5.2,6.700318,71.61005,1.107142857,0.801204819,0.641110663,1,0.980435409,6,88,12,0.15167,0.78879,87,0.15208,0.77673,16,101,9,0.1781,0.67171,100,0.17899,0.65995,24,54,56,0.40019,0.29894,51,0.41024,0.28794,40,47,68,0.50364,0.23753,44,0.51595,0.22894,3.227248858,2.512927209,2.474605273,2.310431666,1.559224,0.858604,0.513538,-1.141951,-1.789413,5.433780667,6.176584667,0.742804,5.805182667,2.162857513,1.63310993,-1.604643241,2.018492641,-0.227227667,-1.984046847,1.460826103,-0.357028911,-0.668323,0.306451,0.203735
488,MnScCBr2,AA,x,1.4,1.55,-0.52,13,7.434038,0.7,2.55,1.262113612,4,11.260288,1.15,2.96,3.3635883,7,11.81381,1.6,1.36,0.1882,11,6.56149,-0.2,-0.25,-0.45,-0.033333333,1,1.19,1.41,1.6,0.19,3,4,0.552941176,0.581818182,0.476190476,0.517391304,1.161176471,1.124522536,1.5,1.455,0,4,1.505,2,5.6,6.997764,49.9469785,0.875,1.139705882,-2.763018066,1.181818182,1.132980162,6,88,12,0.15167,0.78879,87,0.15208,0.77673,35,108,10,0.19779,0.60484,108,0.1953,0.60484,21,14,105,0.6303,0.1898,11,0.64709,0.18255,25,58,52,0.3851,0.31065,55,0.39497,0.29907,3.347730303,2.574221274,3.230106171,2.126942366,1.529991,0.435766,0.630094,-1.616838,-0.979014,4.714548,4.545542667,-0.169005333,4.630045333,2.936628454,1.939688816,-3.464307058,-1.781371132,2.075828878,-4.170950926,0.537453348,1.38038197,-0.75342,0.308285,2.056095
444,MnVNF2,BA,m1,1.4,1.55,-0.52,13,7.434038,0.65,3.04,-0.07,5,14.53413,0.5,3.98,3.401189824,7,17.42282,1.35,1.63,0.527662,13,6.746187,0.05,-0.9,-0.85,0.009090909,1.49,1.41,2.43,2.35,-0.08,4,2,1.278947368,1.27027027,0.726829268,0.705,1.759625574,1.801801802,1.375,1.59,0,2,2.39,1,6.2,7.0901125,52.9397725,1.037037037,0.950920245,-0.985479341,1,1.101961449,7,94,8,0.1473,0.81216,93,0.14784,0.79901,9,106,3,0.13207,0.90585,106,0.1304,0.90585,23,50,60,0.41533,0.28804,47,0.42558,0.27756,25,58,52,0.3851,0.31065,55,0.39497,0.29907,3.108022017,2.144907057,2.632127586,2.311505161,1.481782,0.740999,0.728728,-1.691417,-1.260093,5.634292,6.027134,0.392842,5.830713,4.149764217,2.942683258,-4.751833111,-2.029120431,-0.173431603,-4.709513947,1.731679157,0.922109001,-1.586866,0.309227,2.23673
361,ScTaNO2,AA,m1,1.6,1.36,0.1882,11,6.56149,0.65,3.04,-0.07,5,14.53413,0.6,3.44,1.4611053,6,13.618055,1.45,1.5,0.32312,11,7.549571,0.15,-1,-0.85,0.024590164,1.68,1.54,2.08,1.94,-0.14,2,2,0.945454545,0.946341463,0.746666667,0.733333333,1.266233766,1.290465632,1.525,1.43,2,2,2.01,2,5,7.0555305,112.951896,1.103448276,0.906666667,0.58244615,1,0.869120908,7,94,8,0.1473,0.81216,93,0.14784,0.79901,8,100,5,0.14058,0.85098,99,0.14125,0.83626,73,52,69,0.54867,0.21804,49,0.56231,0.21007,21,14,105,0.6303,0.1898,11,0.64709,0.18255,3.13488873,1.985226903,2.921229479,2.39740875,1.730116,1.234684,1.192691,-2.2577,-1.899792,5.069124,5.483559333,0.414435333,5.276341667,2.785854655,0.972467866,-3.086611852,2.40878931,0.407754056,-3.626845721,2.266892657,0.343906092,-2.295181,0.311412,0.163199
294,MnTaCBr2,AA,x,1.4,1.55,-0.52,13,7.434038,0.7,2.55,1.262113612,4,11.260288,1.15,2.96,3.3635883,7,11.81381,1.45,1.5,0.32312,11,7.549571,-0.05,-0.25,-0.3,-0.00877193,1,1.05,1.41,1.46,0.05,4,2,0.552941176,0.561538462,0.476190476,0.488372093,1.161176471,1.14981685,1.425,1.525,2,2,1.435,1,6,7.4918045,117.9429625,0.965517241,1.033333333,-1.609309235,1.181818182,0.984696746,6,88,12,0.15167,0.78879,87,0.15208,0.77673,35,108,10,0.19779,0.60484,108,0.1953,0.60484,73,52,69,0.54867,0.21804,49,0.56231,0.21007,25,58,52,0.3851,0.31065,55,0.39497,0.29907,3.335503874,2.608981433,3.153261457,2.061861628,1.500856,0.389597,0.556288,-1.66716,-0.779581,3.021041333,4.425542333,1.404501,3.723291833,2.959914369,1.904438022,-4.119706087,-0.889297151,-0.228720131,-4.110783774,-0.740824461,-0.236053461,-0.463362,0.312262,1.916602
171,ScVNS2,AB,bridge,1.6,1.36,0.1882,11,6.56149,0.65,3.04,-0.07,5,14.53413,1,2.58,2.077104512,6,10.36001,1.35,1.63,0.527662,13,6.746187,0.25,-0.6,-0.35,0.042372881,1.68,1.41,1.22,0.95,-0.27,2,2,0.469230769,0.404255319,0.746666667,0.705,0.628434066,0.5734118,1.475,1.495,0,2,1.085,2,5,6.6538385,47.948706,1.185185185,0.834355828,0.356667715,0.846153846,0.972622016,7,94,8,0.1473,0.81216,93,0.14784,0.79901,16,101,9,0.1781,0.67171,100,0.17899,0.65995,23,50,60,0.41533,0.28804,47,0.42558,0.27756,21,14,105,0.6303,0.1898,11,0.64709,0.18255,3.122660674,2.557071847,2.683655775,2.194634212,1.67721,0.736643,0.639242,-1.415654,-1.637441,6.006419,6.352224667,0.345805667,6.179321833,2.169982418,1.599799921,-1.702676331,2.092981894,0.696308737,-1.812923563,1.95115713,0.681806034,-1.131798,0.312355,-0.242133
342,MoScCSe2,BA,bridge,1.45,2.16,0.74733,14,7.09243,0.7,2.55,1.262113612,4,11.260288,1.15,2.55,2.020604712,6,9.752392,1.6,1.36,0.1882,11,6.56149,-0.15,-0.3,-0.45,-0.024590164,0.39,1.19,0.39,1.19,0.8,3,4,0.15,0.432727273,0.181395349,0.517391304,0.826923077,0.836363636,1.525,1.76,1,3,0.79,1,5,6.82696,70.447956,0.90625,1.588235294,3.970935175,1.272727273,1.080917596,6,88,12,0.15167,0.78879,87,0.15208,0.77673,34,102,14,0.21954,0.54493,101,0.22068,0.53528,21,14,105,0.6303,0.1898,11,0.64709,0.18255,42,55,61,0.46178,0.25907,52,0.47342,0.24951,3.227560638,2.556427886,2.921082243,2.200797477,1.642566,0.424395,0.614376,-1.576948,-1.104389,5.495614,4.912845667,-0.582768333,5.204229833,1.853003954,1.796398583,-1.860585316,-0.049675273,2.137784752,-2.388150773,-0.697694725,1.749808552,-0.678586,0.312573,1.519376
260,MnZrNCl2,AA,x,1.4,1.55,-0.52,13,7.434038,0.65,3.04,-0.07,5,14.53413,1,3.16,3.61272528,7,12.967633,1.55,1.33,0.433289,12,6.634126,-0.15,-0.4,-0.55,-0.025423729,1.49,1.71,1.61,1.83,0.22,3.5,3,0.670833333,0.717647059,0.726829268,0.777272727,0.922958613,0.923288614,1.475,1.44,1,3,1.72,1.5,6,7.034082,73.0810225,0.903225806,1.165413534,-1.200122782,1.083333333,1.12057534,7,94,8,0.1473,0.81216,93,0.14784,0.79901,17,107,6,0.16265,0.73553,107,0.1606,0.73553,40,47,68,0.50364,0.23753,44,0.51595,0.22894,25,58,52,0.3851,0.31065,55,0.39497,0.29907,3.327876168,2.451204909,2.980321063,2.064806666,1.515346,0.503797,0.670469,-1.809184,-0.880427,3.771173,4.787597333,1.016424333,4.279385167,2.801213345,1.796678209,-4.110088506,-0.76434875,1.236676049,-4.032846191,-0.510266744,1.345066672,-1.138426,0.313849,2.186751
413,MoCrNF2,AA,bridge,1.45,2.16,0.74733,14,7.09243,0.65,3.04,-0.07,5,14.53413,0.5,3.98,3.401189824,7,17.42282,1.4,1.66,0.6758412,12,6.76651,0.05,-0.95,-0.9,0.00877193,0.88,1.38,1.82,2.32,0.5,5,0,0.933333333,1.221052632,0.419047619,0.673170732,2.227272727,1.813882532,1.425,1.91,1,0,2.07,0,6.2,6.92947,73.96805,1.035714286,1.301204819,1.105777511,1.166666667,1.048166632,7,94,8,0.1473,0.81216,93,0.14784,0.79901,9,106,3,0.13207,0.90585,106,0.1304,0.90585,24,54,56,0.40019,0.29894,51,0.41024,0.28794,42,55,61,0.46178,0.25907,52,0.47342,0.24951,3.181483304,2.28192812,2.846807585,2.053079934,1.4377,0.727271,0.737741,-1.390771,-1.511942,5.574113333,5.035252,-0.538861333,5.304682667,1.680606942,2.054352025,-5.164764919,0.121166775,-1.316099748,-5.127943525,-0.069000867,0.866733239,-1.202414,0.314025,0.876518
349,HfYCF2,AA,m2,1.55,1.3,0.17807,10,6.82507,0.7,2.55,1.262113612,4,11.260288,0.5,3.98,3.401189824,7,17.42282,1.8,1.22,0.30712,11,6.21726,-0.25,-1.05,-1.3,-0.037313433,1.25,1.33,2.68,2.76,0.08,1.5,1,1.307317073,1.2,0.555555556,0.532,2.353170732,2.255639098,1.675,1.26,1,1,2.72,3.5,5,6.521165,133.697925,0.861111111,1.06557377,0.579805939,0.909090909,1.097761715,6,88,12,0.15167,0.78879,87,0.15208,0.77673,9,106,3,0.13207,0.90585,106,0.1304,0.90585,39,15,108,0.74258,0.1611,12,0.76224,0.15497,72,48,71,0.57475,0.20815,45,0.58884,0.2006,3.346310904,2.327711884,3.096302607,2.233799903,2.120719,0.796162,0.813093,-1.774626,-1.955351,3.942119,3.461302667,-0.480816333,3.701710833,1.863962303,2.35022149,-6.142457031,1.359949967,2.210961722,-5.995936661,1.558343112,2.345835787,-2.273988,0.317158,0.875421
564,ScTaNCl2,AA,m2,1.6,1.36,0.1882,11,6.56149,0.65,3.04,-0.07,5,14.53413,1,3.16,3.61272528,7,12.967633,1.45,1.5,0.32312,11,7.549571,0.15,-0.6,-0.45,0.024590164,1.68,1.54,1.8,1.66,-0.14,2,2,0.692307692,0.67755102,0.746666667,0.733333333,0.927197802,0.92393321,1.525,1.43,2,2,1.73,3,5.4,7.0555305,112.951896,1.103448276,0.906666667,0.58244615,1,0.869120908,7,94,8,0.1473,0.81216,93,0.14784,0.79901,17,107,6,0.16265,0.73553,107,0.1606,0.73553,73,52,69,0.54867,0.21804,49,0.56231,0.21007,21,14,105,0.6303,0.1898,11,0.64709,0.18255,3.316588817,2.570184858,3.419384768,2.235720982,1.817103,0.688483,0.67248,-1.571469,-1.606596,3.434839,4.558182667,1.123343667,3.996510833,4.319804294,3.334580662,-4.922835335,1.504275476,0.146935791,-4.998502857,1.437507103,0.24239956,-1.462971,0.317186,1.912124
222,VTiCO2,AA,m1,1.35,1.63,0.527662,13,6.746187,0.7,2.55,1.262113612,4,11.260288,0.6,3.44,1.4611053,6,13.618055,1.4,1.54,0.075545,12,6.82812,-0.05,-0.75,-0.8,-0.009090909,0.92,1.01,1.81,1.9,0.09,2.5,1,0.928205128,0.95,0.448780488,0.480952381,2.068283166,1.975247525,1.375,1.585,0,1,1.855,1.5,5,6.7871535,49.40425,0.964285714,1.058441558,6.984737574,1.083333333,0.98800065,6,88,12,0.15167,0.78879,87,0.15208,0.77673,8,100,5,0.14058,0.85098,99,0.14125,0.83626,22,46,64,0.43051,0.27789,43,0.441,0.26786,23,50,60,0.41533,0.28804,47,0.42558,0.27756,2.95872099,1.96993736,2.778591822,2.093538059,1.605087,1.013771,1.094791,-1.923899,-1.789751,6.126868667,6.478190667,0.351322,6.302529667,2.760725365,0.973721822,-2.801154337,-0.152986649,0.572142141,-3.391658188,0.258539168,0.701657142,-1.735316,0.318207,-0.515273
547,TiVCO2,AA,m1,1.4,1.54,0.075545,12,6.82812,0.7,2.55,1.262113612,4,11.260288,0.6,3.44,1.4611053,6,13.618055,1.35,1.63,0.527662,13,6.746187,0.05,-0.8,-0.75,0.009090909,1.01,0.92,1.9,1.81,-0.09,2.5,1,0.95,0.928205128,0.480952381,0.448780488,1.975247525,2.068283166,1.375,1.585,0,1,1.855,1.5,5,6.7871535,49.40425,1.037037037,0.944785276,0.143169302,0.923076923,1.012145083,6,88,12,0.15167,0.78879,87,0.15208,0.77673,8,100,5,0.14058,0.85098,99,0.14125,0.83626,23,50,60,0.41533,0.28804,47,0.42558,0.27756,22,46,64,0.43051,0.27789,43,0.441,0.26786,2.958713916,1.959173725,2.778569067,2.157561204,1.596229,1.097485,1.012957,-1.776118,-1.930552,6.472120667,6.120652333,-0.351468333,6.2963865,2.785972954,0.97216215,-2.800528973,0.572184521,-0.153291661,-3.419812171,0.639717377,0.144909469,-1.735313,0.31821,-0.152481
12,MoMnNCl2,AA,m2,1.45,2.16,0.74733,14,7.09243,0.65,3.04,-0.07,5,14.53413,1,3.16,3.61272528,7,12.967633,1.4,1.55,-0.52,13,7.434038,0.05,-0.45,-0.4,0.00877193,0.88,1.49,1,1.61,0.61,5,0,0.408163265,0.670833333,0.419047619,0.726829268,0.974025974,0.922958613,1.425,1.855,1,1,1.305,0,6.4,7.263234,75.4390225,1.035714286,1.393548387,-1.437173077,1.076923077,0.954048123,7,94,8,0.1473,0.81216,93,0.14784,0.79901,17,107,6,0.16265,0.73553,107,0.1606,0.73553,25,58,52,0.3851,0.31065,55,0.39497,0.29907,42,55,61,0.46178,0.25907,52,0.47342,0.24951,3.352327124,2.652491746,3.153815696,2.050233137,1.367236,0.557086,0.590994,-1.082397,-1.432919,5.53965,4.580574333,-0.959075667,5.060112167,4.28057579,3.137578664,-3.368550747,-0.171989169,-2.160152424,-3.398307815,-0.187638892,1.057517449,-0.528064,0.318279,2.174928
204,MnMoNCl2,AA,x,1.4,1.55,-0.52,13,7.434038,0.65,3.04,-0.07,5,14.53413,1,3.16,3.61272528,7,12.967633,1.45,2.16,0.74733,14,7.09243,-0.05,-0.4,-0.45,-0.00877193,1.49,0.88,1.61,1,-0.61,5,0,0.670833333,0.408163265,0.726829268,0.419047619,0.922958613,0.974025974,1.425,1.855,1,1,1.305,0,6.4,7.263234,75.4390225,0.965517241,0.717592593,-0.695810418,0.928571429,1.048165156,7,94,8,0.1473,0.81216,93,0.14784,0.79901,17,107,6,0.16265,0.73553,107,0.1606,0.73553,42,55,61,0.46178,0.25907,52,0.47342,0.24951,25,58,52,0.3851,0.31065,55,0.39497,0.29907,3.352251944,2.500746443,3.153638626,2.282314314,1.355232,0.596712,0.539892,-1.392117,-1.09972,4.595121667,5.55533,0.960208333,5.075225833,2.791394353,1.824146242,-3.36745222,-2.158799369,-0.172628154,-3.507451378,0.257646488,-0.405161271,-0.52806,0.318283,1.831346
507,WZrNSe2,AA,m1,1.35,2.36,0.816268,14,7.86403,0.65,3.04,-0.07,5,14.53413,1.15,2.55,2.020604712,6,9.752392,1.55,1.33,0.433289,12,6.634126,-0.2,-0.2,-0.4,-0.034482759,0.68,1.71,0.19,1.22,1.03,3,2,0.076,0.451851852,0.34,0.777272727,0.223529412,0.581329868,1.45,1.845,1,2,0.705,1,5.4,7.249078,137.532,0.870967742,1.77443609,1.883888121,1.166666667,1.18539051,7,94,8,0.1473,0.81216,93,0.14784,0.79901,34,102,14,0.21954,0.54493,101,0.22068,0.53528,40,47,68,0.50364,0.23753,44,0.51595,0.22894,74,56,66,0.52343,0.22855,53,0.5367,0.22009,3.379025245,2.589734268,3.40860539,2.235680443,1.664946,0.571349,0.78358,-1.748785,-1.27109,5.286742333,4.405898667,-0.880843667,4.8463205,3.55903103,1.500277288,-1.649273144,-0.16825376,1.991432189,-2.232113983,-0.294209252,1.856869034,-0.756415,0.320601,0.32289
362,TaScCSe2,AA,bridge,1.45,1.5,0.32312,11,7.549571,0.7,2.55,1.262113612,4,11.260288,1.15,2.55,2.020604712,6,9.752392,1.6,1.36,0.1882,11,6.56149,-0.15,-0.3,-0.45,-0.024590164,1.05,1.19,1.05,1.19,0.14,2,2,0.403846154,0.432727273,0.488372093,0.517391304,0.826923077,0.836363636,1.525,1.43,2,2,1.12,2,4.8,7.0555305,112.951896,0.90625,1.102941176,1.716896918,1,1.1505879,6,88,12,0.15167,0.78879,87,0.15208,0.77673,34,102,14,0.21954,0.54493,101,0.22068,0.53528,21,14,105,0.6303,0.1898,11,0.64709,0.18255,73,52,69,0.54867,0.21804,49,0.56231,0.21007,3.345574468,2.624712604,3.483304435,2.233580663,1.895989,0.688725,0.709874,-1.587672,-1.706916,5.690949,4.888316,-0.802633,5.2896325,2.011824979,1.769604601,-1.803109712,0.84359919,2.7831674,-1.98117437,0.683161575,2.667081125,-0.834681,0.320812,1.223973
137,YTaCBr2,AA,bridge,1.8,1.22,0.30712,11,6.21726,0.7,2.55,1.262113612,4,11.260288,1.15,2.96,3.3635883,7,11.81381,1.45,1.5,0.32312,11,7.549571,0.35,-0.65,-0.3,0.053846154,1.33,1.05,1.74,1.46,-0.28,2,2,0.589830508,0.561538462,0.532,0.488372093,1.108703963,1.14981685,1.625,1.36,1,2,1.6,3,5.2,6.8834155,134.926865,1.24137931,0.813333333,0.950482793,1,0.823524939,6,88,12,0.15167,0.78879,87,0.15208,0.77673,35,108,10,0.19779,0.60484,108,0.1953,0.60484,73,52,69,0.54867,0.21804,49,0.56231,0.21007,39,15,108,0.74258,0.1611,12,0.76224,0.15497,3.513108545,2.859355528,3.468753714,2.526780071,1.947449,0.67481,0.574661,-1.573537,-1.623383,3.835239333,4.716404667,0.881165333,4.275822,2.593376144,1.716776582,-3.611413437,1.886769873,0.541628226,-4.260974334,1.271831385,0.24159829,-1.033648,0.322161,2.274301
599,HfTaNCl2,AA,x,1.55,1.3,0.17807,10,6.82507,0.65,3.04,-0.07,5,14.53413,1,3.16,3.61272528,7,12.967633,1.45,1.5,0.32312,11,7.549571,0.1,-0.55,-0.45,0.016666667,1.74,1.54,1.86,1.66,-0.2,2.5,1,0.729411765,0.67755102,0.790909091,0.733333333,0.92224476,0.92393321,1.5,1.4,0,1,1.76,2.5,5.6,7.1873205,179.71894,1.068965517,0.866666667,0.551095568,0.909090909,0.90403415,7,94,8,0.1473,0.81216,93,0.14784,0.79901,17,107,6,0.16265,0.73553,107,0.1606,0.73553,73,52,69,0.54867,0.21804,49,0.56231,0.21007,72,48,71,0.57475,0.20815,45,0.58884,0.2006,3.378675731,2.654648119,3.403721122,2.229191373,1.786203,0.680398,0.656594,-1.448412,-1.674784,3.599873,3.423114,-0.176759,3.5114935,4.786864382,3.236896477,-5.27863416,0.28810681,0.17098272,-5.258136305,0.344325685,0.15340714,-1.248366,0.32233,2.092957
270,HfTiCO2,AA,m1,1.55,1.3,0.17807,10,6.82507,0.7,2.55,1.262113612,4,11.260288,0.6,3.44,1.4611053,6,13.618055,1.4,1.54,0.075545,12,6.82812,0.15,-0.95,-0.8,0.025423729,1.25,1.01,2.14,1.9,-0.24,2,0,0.995348837,0.95,0.555555556,0.480952381,1.791627907,1.975247525,1.475,1.42,2,0,2.02,2,4.8,6.826595,113.1785,1.107142857,0.844155844,2.35713813,0.833333333,0.999553318,6,88,12,0.15167,0.78879,87,0.15208,0.77673,8,100,5,0.14058,0.85098,99,0.14125,0.83626,22,46,64,0.43051,0.27789,43,0.441,0.26786,72,48,71,0.57475,0.20815,45,0.58884,0.2006,3.159496734,2.073926918,2.81603624,2.288390338,1.817009,1.221235,1.139262,-1.973128,-2.204378,5.394386667,5.326104333,-0.068282333,5.3602455,2.909958951,0.973130724,-2.782365783,1.706419994,1.236301239,-3.294652553,1.264090525,0.978377041,-2.153798,0.322755,0.911243
399,TiHfCO2,AA,m1,1.4,1.54,0.075545,12,6.82812,0.7,2.55,1.262113612,4,11.260288,0.6,3.44,1.4611053,6,13.618055,1.55,1.3,0.17807,10,6.82507,-0.15,-0.8,-0.95,-0.025423729,1.01,1.25,1.9,2.14,0.24,2,0,0.95,0.995348837,0.480952381,0.555555556,1.975247525,1.791627907,1.475,1.42,2,0,2.02,2,4.8,6.826595,113.1785,0.903225806,1.184615385,0.424243275,1.2,1.000446882,6,88,12,0.15167,0.78879,87,0.15208,0.77673,8,100,5,0.14058,0.85098,99,0.14125,0.83626,72,48,71,0.57475,0.20815,45,0.58884,0.2006,22,46,64,0.43051,0.27789,43,0.441,0.26786,3.159548605,2.008822742,2.815933794,2.242261014,1.820138,1.139671,1.222602,-2.210881,-1.971531,5.327433,5.395291667,0.067858667,5.361362333,2.818519975,0.973691309,-2.777629651,1.238563058,1.707066108,-3.377906716,1.122462216,1.500433404,-2.153793,0.322759,0.264208
384,NbMnCO2,AA,m1,1.45,1.6,0.917407,13,6.75885,0.7,2.55,1.262113612,4,11.260288,0.6,3.44,1.4611053,6,13.618055,1.4,1.55,-0.52,13,7.434038,0.05,-0.85,-0.8,0.00877193,0.95,1,1.84,1.89,0.05,4.5,1,0.897560976,0.945,0.441860465,0.476190476,2.031322208,1.9845,1.425,1.575,1,2,1.865,0.5,5.6,7.096444,73.9222125,1.035714286,1.032258065,-1.764244231,1,0.909176144,6,88,12,0.15167,0.78879,87,0.15208,0.77673,8,100,5,0.14058,0.85098,99,0.14125,0.83626,25,58,52,0.3851,0.31065,55,0.39497,0.29907,41,51,65,0.48244,0.24797,48,0.49439,0.23893,3.048084486,2.078768206,2.667670332,2.168528585,1.516674,1.120418,0.887427,-1.453305,-2.071213,7.047354333,5.715661333,-1.331693,6.381507833,2.913896626,0.973979119,-2.616672139,0.368591626,-1.858197163,-2.858828483,0.045546136,0.177795438,-1.15077,0.323551,0.507949
116,WZrNS2,AA,m1,1.35,2.36,0.816268,14,7.86403,0.65,3.04,-0.07,5,14.53413,1,2.58,2.077104512,6,10.36001,1.55,1.33,0.433289,12,6.634126,-0.2,-0.35,-0.55,-0.034482759,0.68,1.71,0.22,1.25,1.03,3,2,0.093617021,0.490196078,0.34,0.777272727,0.27534418,0.630661621,1.45,1.845,1,2,0.735,1,5.4,7.249078,137.532,0.870967742,1.77443609,1.883888121,1.166666667,1.18539051,7,94,8,0.1473,0.81216,93,0.14784,0.79901,16,101,9,0.1781,0.67171,100,0.17899,0.65995,40,47,68,0.50364,0.23753,44,0.51595,0.22894,74,56,66,0.52343,0.22855,53,0.5367,0.22009,3.334659456,2.453948794,3.276579301,2.232234922,1.679341,0.755254,0.943595,-1.889284,-1.488907,5.869449333,4.965504667,-0.903944667,5.417477,3.349845903,1.357107502,-1.634222935,-0.093574538,2.138955316,-2.534249317,-0.369745763,1.751859093,-0.909493,0.32651,-0.072779
189,YMnNBr2,AB,m2,1.8,1.22,0.30712,11,6.21726,0.65,3.04,-0.07,5,14.53413,1.15,2.96,3.3635883,7,11.81381,1.4,1.55,-0.52,13,7.434038,0.4,-0.65,-0.25,0.0625,1.82,1.49,1.74,1.41,-0.33,3,4,0.589830508,0.552941176,0.742857143,0.726829268,0.794002608,0.760757994,1.6,1.385,1,4,1.575,2,5.8,6.825649,71.9219475,1.285714286,0.787096774,-0.590615385,0.846153846,0.836323409,7,94,8,0.1473,0.81216,93,0.14784,0.79901,35,108,10,0.19779,0.60484,108,0.1953,0.60484,25,58,52,0.3851,0.31065,55,0.39497,0.29907,39,15,108,0.74258,0.1611,12,0.76224,0.15497,3.617113271,2.894342371,3.146696281,2.32775716,1.759615,0.675575,0.571189,-1.124649,-1.881732,5.898612333,5.571337,-0.327275333,5.734974667,4.563119071,3.301348009,-2.258488717,3.455428731,-2.319806791,-2.210727135,3.542058043,1.741388594,-1.087513,0.3287,2.186758
358,CrZrNO2,AA,m1,1.4,1.66,0.6758412,12,6.76651,0.65,3.04,-0.07,5,14.53413,0.6,3.44,1.4611053,6,13.618055,1.55,1.33,0.433289,12,6.634126,-0.15,-0.8,-0.95,-0.025423729,1.38,1.71,1.78,2.11,0.33,3.5,3,0.89,0.981395349,0.673170732,0.777272727,1.322101449,1.262613899,1.475,1.495,1,2,1.945,0.5,5.4,6.700318,71.61005,0.903225806,1.248120301,1.559793117,1,1.019955002,7,94,8,0.1473,0.81216,93,0.14784,0.79901,8,100,5,0.14058,0.85098,99,0.14125,0.83626,40,47,68,0.50364,0.23753,44,0.51595,0.22894,24,54,56,0.40019,0.29894,51,0.41024,0.28794,3.173958574,1.987390909,2.756976804,2.24134866,1.664412,1.03687,1.240773,-2.333158,-1.608898,4.645184333,6.106597333,1.461413,5.375890833,2.723154711,0.975721463,-3.246548265,-1.225579693,0.302761917,-3.638749791,1.154768461,0.569183802,-1.894308,0.32884,-0.245087
455,YCrNCl2,AA,m1,1.8,1.22,0.30712,11,6.21726,0.65,3.04,-0.07,5,14.53413,1,3.16,3.61272528,7,12.967633,1.4,1.66,0.6758412,12,6.76651,0.4,-0.8,-0.4,0.0625,1.82,1.38,1.94,1.5,-0.44,3,4,0.692857143,0.625,0.742857143,0.673170732,0.932692308,0.928442029,1.6,1.44,1,3,1.72,2,5.6,6.491885,70.450975,1.285714286,0.734939759,0.454426276,0.916666667,0.91882817,7,94,8,0.1473,0.81216,93,0.14784,0.79901,17,107,6,0.16265,0.73553,107,0.1606,0.73553,24,54,56,0.40019,0.29894,51,0.41024,0.28794,39,15,108,0.74258,0.1611,12,0.76224,0.15497,3.381340912,2.705560571,3.093898277,2.363343987,1.632119,0.708198,0.559128,-1.186065,-1.713381,4.970399333,4.810753,-0.159646333,4.890576167,5.295811042,3.062316704,-3.871400984,1.819749367,-0.104767347,-4.30858195,1.401104908,0.585549773,-1.295079,0.330525,-0.440385
456,WMoCCl2,AA,bridge,1.35,2.36,0.816268,14,7.86403,0.7,2.55,1.262113612,4,11.260288,1,3.16,3.61272528,7,12.967633,1.45,2.16,0.74733,14,7.09243,-0.1,-0.35,-0.45,-0.017857143,0.19,0.39,0.8,1,0.2,4.5,1,0.340425532,0.408163265,0.092682927,0.181395349,3.673012318,2.250130822,1.4,2.26,1,0,0.9,0.5,6,7.47823,139.89,0.931034483,1.092592593,1.092245728,1,1.10879205,6,88,12,0.15167,0.78879,87,0.15208,0.77673,17,107,6,0.16265,0.73553,107,0.1606,0.73553,42,55,61,0.46178,0.25907,52,0.47342,0.24951,74,56,66,0.52343,0.22855,53,0.5367,0.22009,3.372385897,2.660427858,3.307166657,2.128635181,1.419788,0.575212,0.563117,-1.174858,-1.383259,4.443082667,3.998818667,-0.444264,4.220950667,4.700446421,3.15295903,-4.238300724,-0.536094423,-0.645626276,-4.423039559,-0.216610277,-0.598279591,-0.320169,0.331713,2.106986
218,NbWCO2,BB,x,1.45,1.6,0.917407,13,6.75885,0.7,2.55,1.262113612,4,11.260288,0.6,3.44,1.4611053,6,13.618055,1.35,2.36,0.816268,14,7.86403,0.1,-0.85,-0.75,0.017857143,0.95,0.19,1.84,1.08,-0.76,4,0,0.897560976,0.553846154,0.441860465,0.092682927,2.031322208,5.975708502,1.4,1.98,1,1,1.46,0,5.4,7.31144,138.37319,1.074074074,0.677966102,1.123904159,0.928571429,0.859463914,6,88,12,0.15167,0.78879,87,0.15208,0.77673,8,100,5,0.14058,0.85098,99,0.14125,0.83626,74,56,66,0.52343,0.22855,53,0.5367,0.22009,41,51,65,0.48244,0.24797,48,0.49439,0.23893,2.960894918,2.072812095,2.509829174,2.246148514,1.568487,1.01308,1.053188,-1.80543,-1.829325,6.696995333,6.689648,-0.007347333,6.693321667,2.895727526,0.975050035,-2.27029447,1.59775524,0.755088564,-2.66734336,1.738097906,0.838700463,-1.29377,0.333161,-0.465778
472,MnMoCCl2,AA,x,1.4,1.55,-0.52,13,7.434038,0.7,2.55,1.262113612,4,11.260288,1,3.16,3.61272528,7,12.967633,1.45,2.16,0.74733,14,7.09243,-0.05,-0.4,-0.45,-0.00877193,1,0.39,1.61,1,-0.61,5,0,0.670833333,0.408163265,0.476190476,0.181395349,1.40875,2.250130822,1.425,1.855,1,1,1.305,0,6.2,7.263234,75.4390225,0.965517241,0.717592593,-0.695810418,0.928571429,1.048165156,6,88,12,0.15167,0.78879,87,0.15208,0.77673,17,107,6,0.16265,0.73553,107,0.1606,0.73553,42,55,61,0.46178,0.25907,52,0.47342,0.24951,25,58,52,0.3851,0.31065,55,0.39497,0.29907,3.282098079,2.507682832,3.272688841,2.154760514,1.336392,0.538243,0.552677,-1.340346,-1.086964,4.886948667,5.666587667,0.779639,5.276768167,2.806890219,1.800676974,-3.137900283,-1.94449476,-0.330562422,-3.497319432,1.72605575,-0.673168124,-0.381632,0.333375,1.325061
130,WTiNCl2,AA,m2,1.35,2.36,0.816268,14,7.86403,0.65,3.04,-0.07,5,14.53413,1,3.16,3.61272528,7,12.967633,1.4,1.54,0.075545,12,6.82812,-0.05,-0.35,-0.4,-0.009090909,0.68,1.5,0.8,1.62,0.82,3,2,0.340425532,0.675,0.34,0.731707317,1.001251564,0.9225,1.375,1.95,2,2,1.21,2,5.8,7.346075,115.8535,0.964285714,1.532467532,10.80505659,1.166666667,1.151712331,7,94,8,0.1473,0.81216,93,0.14784,0.79901,17,107,6,0.16265,0.73553,107,0.1606,0.73553,22,46,64,0.43051,0.27789,43,0.441,0.26786,74,56,66,0.52343,0.22855,53,0.5367,0.22009,3.321683771,2.648123882,3.29419668,2.09863168,1.547885,0.581045,0.643005,-1.503941,-1.267993,4.468059,4.083606333,-0.384452667,4.275832667,4.213972574,3.049670423,-4.241835152,-0.366155847,0.69039242,-4.293841919,-0.356184317,0.68762484,-0.912825,0.333594,2.189922
429,TiWNCl2,AA,bridge,1.4,1.54,0.075545,12,6.82812,0.65,3.04,-0.07,5,14.53413,1,3.16,3.61272528,7,12.967633,1.35,2.36,0.816268,14,7.86403,0.05,-0.4,-0.35,0.009090909,1.5,0.68,1.62,0.8,-0.82,3,2,0.675,0.340425532,0.731707317,0.34,0.9225,1.001251564,1.375,1.95,2,2,1.21,2,5.8,7.346075,115.8535,1.037037037,0.652542373,0.092549261,0.857142857,0.868272374,7,94,8,0.1473,0.81216,93,0.14784,0.79901,17,107,6,0.16265,0.73553,107,0.1606,0.73553,74,56,66,0.52343,0.22855,53,0.5367,0.22009,22,46,64,0.43051,0.27789,43,0.441,0.26786,3.321768746,2.554276285,3.294382398,2.167491508,1.551982,0.651896,0.582519,-1.28097,-1.505427,4.090191333,4.474496333,0.384305,4.282343833,2.586439104,1.558667501,-4.244800259,0.686496207,-0.365835931,-4.796434728,1.039067687,-0.554721739,-0.912825,0.333594,2.265025
200,MoTiNF2,AA,bridge,1.45,2.16,0.74733,14,7.09243,0.65,3.04,-0.07,5,14.53413,0.5,3.98,3.401189824,7,17.42282,1.4,1.54,0.075545,12,6.82812,0.05,-0.95,-0.9,0.00877193,0.88,1.5,1.82,2.44,0.62,3.5,3,0.933333333,1.284210526,0.419047619,0.731707317,2.227272727,1.755087719,1.425,1.85,1,2,2.13,1.5,5.8,6.960275,71.9035,1.035714286,1.402597403,9.892514395,1.166666667,1.038709044,7,94,8,0.1473,0.81216,93,0.14784,0.79901,9,106,3,0.13207,0.90585,106,0.1304,0.90585,22,46,64,0.43051,0.27789,43,0.441,0.26786,42,55,61,0.46178,0.25907,52,0.47342,0.24951,3.142083062,2.279500942,2.854340179,2.084248047,1.596935,0.723947,0.762713,-1.701635,-1.381962,4.352590667,5.070115333,0.717524667,4.711353,1.665219776,2.042898663,-5.736395548,-0.461269117,0.694553761,-5.576129755,-0.434411271,0.775473461,-1.812033,0.334119,1.405911
565,TaMnNF2,BA,m2,1.45,1.5,0.32312,11,7.549571,0.65,3.04,-0.07,5,14.53413,0.5,3.98,3.401189824,7,17.42282,1.4,1.55,-0.52,13,7.434038,0.05,-0.95,-0.9,0.00877193,1.54,1.49,2.48,2.43,-0.05,4,2,1.271794872,1.278947368,0.733333333,0.726829268,1.734265734,1.759625574,1.425,1.525,2,2,2.455,1,6.2,7.4918045,117.9429625,1.035714286,0.967741935,-0.621384615,0.846153846,1.015541083,7,94,8,0.1473,0.81216,93,0.14784,0.79901,9,106,3,0.13207,0.90585,106,0.1304,0.90585,25,58,52,0.3851,0.31065,55,0.39497,0.29907,73,52,69,0.54867,0.21804,49,0.56231,0.21007,3.039708415,2.251323475,2.661193452,2.155237266,1.597376,0.726741,0.758486,-1.40695,-1.675651,5.442829,3.425281667,-2.017547333,4.434055333,1.779492814,2.090347417,-6.006411625,0.698387325,-2.471626605,-5.396369929,1.270797472,1.780923084,-1.561171,0.335137,1.392148
35,ScWCSe2,AB,bridge,1.6,1.36,0.1882,11,6.56149,0.7,2.55,1.262113612,4,11.260288,1.15,2.55,2.020604712,6,9.752392,1.35,2.36,0.816268,14,7.86403,0.25,-0.45,-0.2,0.042372881,1.19,0.19,1.19,0.19,-1,2.5,3,0.432727273,0.076,0.517391304,0.092682927,0.836363636,0.82,1.475,1.86,2,3,0.69,1.5,5,7.21276,114.397956,1.185185185,0.576271186,0.230561531,0.785714286,0.834367366,6,88,12,0.15167,0.78879,87,0.15208,0.77673,34,102,14,0.21954,0.54493,101,0.22068,0.53528,74,56,66,0.52343,0.22855,53,0.5367,0.22009,21,14,105,0.6303,0.1898,11,0.64709,0.18255,3.231609654,2.767978642,2.929080638,2.270630382,1.719498,0.619803,0.479109,-1.238836,-1.579574,4.807810667,5.513757333,0.705946667,5.160784,2.198961298,1.71115441,-1.987050979,2.213026796,0.185225219,-2.051836694,2.153165898,0.161441864,-0.644378,0.336741,0.333233
129,ScMnNF2,AA,x,1.6,1.36,0.1882,11,6.56149,0.65,3.04,-0.07,5,14.53413,0.5,3.98,3.401189824,7,17.42282,1.4,1.55,-0.52,13,7.434038,0.2,-1.1,-0.9,0.033333333,1.68,1.49,2.62,2.43,-0.19,3,4,1.247619048,1.278947368,0.746666667,0.726829268,1.670918367,1.759625574,1.5,1.455,0,4,2.525,2,5.8,6.997764,49.9469785,1.142857143,0.877419355,-0.361923077,0.846153846,0.882627988,7,94,8,0.1473,0.81216,93,0.14784,0.79901,9,106,3,0.13207,0.90585,106,0.1304,0.90585,25,58,52,0.3851,0.31065,55,0.39497,0.29907,21,14,105,0.6303,0.1898,11,0.64709,0.18255,3.223733432,2.210644389,2.916500382,2.138244213,1.718854,0.792598,0.780847,-1.397841,-1.894456,5.528803333,4.443350667,-1.085452667,4.986077,3.941413094,2.950100317,-5.201706553,2.345984823,-2.229414379,-5.156155094,2.454372059,1.985843026,-2.144328,0.338632,2.188111
151,CrZrCF2,AA,m2,1.4,1.66,0.6758412,12,6.76651,0.7,2.55,1.262113612,4,11.260288,0.5,3.98,3.401189824,7,17.42282,1.55,1.33,0.433289,12,6.634126,-0.15,-0.9,-1.05,-0.025423729,0.89,1.22,2.32,2.65,0.33,3.5,3,1.221052632,1.292682927,0.423809524,0.542222222,2.881135423,2.384046381,1.475,1.495,1,2,2.485,1.5,5.6,6.700318,71.61005,0.903225806,1.248120301,1.559793117,1,1.019955002,6,88,12,0.15167,0.78879,87,0.15208,0.77673,9,106,3,0.13207,0.90585,106,0.1304,0.90585,40,47,68,0.50364,0.23753,44,0.51595,0.22894,24,54,56,0.40019,0.29894,51,0.41024,0.28794,3.167459909,2.177179048,2.779024286,2.043116185,1.723193,0.714285,0.780942,-1.842358,-1.376063,4.047568,5.919534667,1.871966667,4.983551333,3.394967915,2.869727577,-5.460946447,-0.923583015,0.971956575,-5.464640592,1.013353125,0.823986716,-1.737219,0.339427,2.207112
360,TaHfNBr2,AA,x,1.45,1.5,0.32312,11,7.549571,0.65,3.04,-0.07,5,14.53413,1.15,2.96,3.3635883,7,11.81381,1.55,1.3,0.17807,10,6.82507,-0.1,-0.3,-0.4,-0.016666667,1.54,1.74,1.46,1.66,0.2,2.5,1,0.561538462,0.614814815,0.733333333,0.790909091,0.765734266,0.777352065,1.5,1.4,0,1,1.56,2.5,5.6,7.1873205,179.71894,0.935483871,1.153846154,1.814567305,1.1,1.106152904,7,94,8,0.1473,0.81216,93,0.14784,0.79901,35,108,10,0.19779,0.60484,108,0.1953,0.60484,72,48,71,0.57475,0.20815,45,0.58884,0.2006,73,52,69,0.54867,0.21804,49,0.56231,0.21007,3.444676552,2.787720386,3.533023223,2.211242693,1.760048,0.581547,0.626432,-1.617125,-1.350902,3.345193667,3.420866667,0.075673,3.383030167,3.72909643,2.367357244,-4.503543163,0.115085286,0.421091702,-4.561638674,0.317434722,0.325263057,-1.050747,0.340885,2.048314
267,YNbNCl2,AA,bridge,1.8,1.22,0.30712,11,6.21726,0.65,3.04,-0.07,5,14.53413,1,3.16,3.61272528,7,12.967633,1.45,1.6,0.917407,13,6.75885,0.35,-0.8,-0.45,0.053846154,1.82,1.44,1.94,1.56,-0.38,2.5,3,0.692857143,0.636734694,0.742857143,0.685714286,0.932692308,0.928571429,1.625,1.41,0,2,1.75,2.5,5.4,6.488055,90.906115,1.24137931,0.7625,0.334769628,0.846153846,0.919869504,7,94,8,0.1473,0.81216,93,0.14784,0.79901,17,107,6,0.16265,0.73553,107,0.1606,0.73553,41,51,65,0.48244,0.24797,48,0.49439,0.23893,39,15,108,0.74258,0.1611,12,0.76224,0.15497,3.433401999,2.710059714,3.379880881,2.375614597,1.792447,0.71977,0.6456,-1.47973,-1.678086,3.978887333,4.591969667,0.613082333,4.2854285,4.538999203,3.207125157,-4.13586813,2.612129381,0.481284892,-4.31221711,2.413597084,0.561719769,-1.501909,0.342215,1.948769
596,NbHfNO2,BA,x,1.45,1.6,0.917407,13,6.75885,0.65,3.04,-0.07,5,14.53413,0.6,3.44,1.4611053,6,13.618055,1.55,1.3,0.17807,10,6.82507,-0.1,-0.85,-0.95,-0.016666667,1.44,1.74,1.84,2.14,0.3,3,2,0.897560976,0.995348837,0.685714286,0.790909091,1.308943089,1.258487036,1.5,1.45,1,1,1.99,1,5.2,6.79196,135.69819,0.935483871,1.230769231,5.151945864,1.3,0.990297535,7,94,8,0.1473,0.81216,93,0.14784,0.79901,8,100,5,0.14058,0.85098,99,0.14125,0.83626,72,48,71,0.57475,0.20815,45,0.58884,0.2006,41,51,65,0.48244,0.24797,48,0.49439,0.23893,3.11082377,2.123054355,2.510670209,2.2641162,1.742698,1.091486,1.231727,-2.24905,-1.816861,4.077545667,5.767543333,1.689997667,4.9225445,2.947505666,0.979117956,-3.775189802,0.366371033,0.000147864,-4.626678292,0.060481648,-0.146759044,-2.275639,0.342523,0.7278
157,MnHfCSe2,AB,m1,1.4,1.55,-0.52,13,7.434038,0.7,2.55,1.262113612,4,11.260288,1.15,2.55,2.020604712,6,9.752392,1.55,1.3,0.17807,10,6.82507,-0.15,-0.25,-0.4,-0.025423729,1,1.25,1,1.25,0.25,3.5,3,0.392156863,0.462962963,0.476190476,0.555555556,0.823529412,0.833333333,1.475,1.425,2,3,1.125,0.5,5.4,7.129554,116.7140225,0.903225806,1.192307692,-2.920199921,1.3,1.089225165,6,88,12,0.15167,0.78879,87,0.15208,0.77673,34,102,14,0.21954,0.54493,101,0.22068,0.53528,72,48,71,0.57475,0.20815,45,0.58884,0.2006,25,58,52,0.3851,0.31065,55,0.39497,0.29907,3.268543154,2.499320303,3.115436543,2.065656926,1.538478,0.328701,0.67646,-1.671438,-0.872199,5.509329667,5.252338333,-0.256991333,5.380834,3.488355174,1.5004469,-1.386997549,-1.293931773,2.33746983,-1.708176882,0.356964233,2.033859816,-0.492606,0.344483,0.949961
19,WCrCCl2,AA,x,1.35,2.36,0.816268,14,7.86403,0.7,2.55,1.262113612,4,11.260288,1,3.16,3.61272528,7,12.967633,1.4,1.66,0.6758412,12,6.76651,-0.05,-0.35,-0.4,-0.009090909,0.19,0.89,0.8,1.5,0.7,4.5,1,0.340425532,0.625,0.092682927,0.423809524,3.673012318,1.474719101,1.375,2.01,2,0,1.15,0.5,6,7.31527,117.91805,0.964285714,1.421686747,1.207780763,1.166666667,1.162198829,6,88,12,0.15167,0.78879,87,0.15208,0.77673,17,107,6,0.16265,0.73553,107,0.1606,0.73553,24,54,56,0.40019,0.29894,51,0.41024,0.28794,74,56,66,0.52343,0.22855,53,0.5367,0.22009,3.252255669,2.627089497,3.074189338,2.135382046,1.433548,0.571335,0.499453,-1.115961,-1.388374,4.990176667,3.884193,-1.105983667,4.437184833,3.363696007,2.078430605,-3.85065808,-0.455359158,-0.331466986,-3.889962337,-0.274233811,0.458215907,-0.332997,0.345929,2.108359
422,YNbNSe2,AB,bridge,1.8,1.22,0.30712,11,6.21726,0.65,3.04,-0.07,5,14.53413,1.15,2.55,2.020604712,6,9.752392,1.45,1.6,0.917407,13,6.75885,0.35,-0.65,-0.3,0.053846154,1.82,1.44,1.33,0.95,-0.38,2.5,3,0.450847458,0.365384615,0.742857143,0.685714286,0.606910039,0.532852564,1.625,1.41,0,2,1.14,1.5,5,6.488055,90.906115,1.24137931,0.7625,0.334769628,0.846153846,0.919869504,7,94,8,0.1473,0.81216,93,0.14784,0.79901,34,102,14,0.21954,0.54493,101,0.22068,0.53528,41,51,65,0.48244,0.24797,48,0.49439,0.23893,39,15,108,0.74258,0.1611,12,0.76224,0.15497,3.383951101,2.885156602,2.952627999,2.36412646,1.761309,0.706448,0.638635,-1.435734,-1.670659,5.507803667,5.810102,0.302298333,5.658952833,2.354556234,1.740026172,-1.486880428,1.701156554,1.259164256,-1.578213436,1.563063177,1.236567999,-1.124048,0.34738,0.056177
40,TaZrNO2,BA,x,1.45,1.5,0.32312,11,7.549571,0.65,3.04,-0.07,5,14.53413,0.6,3.44,1.4611053,6,13.618055,1.55,1.33,0.433289,12,6.634126,-0.1,-0.85,-0.95,-0.016666667,1.54,1.71,1.94,2.11,0.17,2.5,1,0.946341463,0.981395349,0.733333333,0.777272727,1.290465632,1.262613899,1.5,1.415,1,1,2.025,1.5,5.2,7.0918485,136.08594,0.935483871,1.127819549,0.745737833,0.916666667,1.137990294,7,94,8,0.1473,0.81216,93,0.14784,0.79901,8,100,5,0.14058,0.85098,99,0.14125,0.83626,40,47,68,0.50364,0.23753,44,0.51595,0.22894,73,52,69,0.54867,0.21804,49,0.56231,0.21007,3.125053507,2.13380478,2.477229927,2.24624103,1.771181,1.234312,1.127568,-2.211815,-1.921246,4.357069333,5.58679,1.229720667,4.971929667,2.950398765,0.978396922,-3.637356649,0.723827006,0.259891392,-4.280904198,0.524464322,0.129684822,-2.207746,0.347565,0.734199
132,ZrTaNO2,AB,m1,1.55,1.33,0.433289,12,6.634126,0.65,3.04,-0.07,5,14.53413,0.6,3.44,1.4611053,6,13.618055,1.45,1.5,0.32312,11,7.549571,0.1,-0.95,-0.85,0.016666667,1.71,1.54,2.11,1.94,-0.17,2.5,1,0.981395349,0.946341463,0.777272727,0.733333333,1.262613899,1.290465632,1.5,1.415,1,1,2.025,1.5,5.2,7.0918485,136.08594,1.068965517,0.886666667,1.340953825,1.090909091,0.878742117,7,94,8,0.1473,0.81216,93,0.14784,0.79901,8,100,5,0.14058,0.85098,99,0.14125,0.83626,73,52,69,0.54867,0.21804,49,0.56231,0.21007,40,47,68,0.50364,0.23753,44,0.51595,0.22894,3.124981729,2.088647267,2.476890782,2.236830619,1.771083,1.233034,1.126332,-1.924733,-2.205717,5.564009333,4.334053667,-1.229955667,4.9490315,2.925264154,0.974332423,-3.639431351,0.25567795,0.722893173,-3.884085615,0.388250674,0.755182828,-2.207742,0.347568,1.456469
356,HfTiNO2,AA,m1,1.55,1.3,0.17807,10,6.82507,0.65,3.04,-0.07,5,14.53413,0.6,3.44,1.4611053,6,13.618055,1.4,1.54,0.075545,12,6.82812,0.15,-0.95,-0.8,0.025423729,1.74,1.5,2.14,1.9,-0.24,2,0,0.995348837,0.95,0.790909091,0.731707317,1.258487036,1.298333333,1.475,1.42,2,0,2.02,2,5,6.826595,113.1785,1.107142857,0.844155844,2.35713813,0.833333333,0.999553318,7,94,8,0.1473,0.81216,93,0.14784,0.79901,8,100,5,0.14058,0.85098,99,0.14125,0.83626,22,46,64,0.43051,0.27789,43,0.441,0.26786,72,48,71,0.57475,0.20815,45,0.58884,0.2006,3.136352689,2.07478931,2.825971125,2.229102744,1.775503,1.236972,1.163845,-1.939217,-2.237104,5.318086667,4.749976333,-0.568110333,5.0340315,2.916190128,0.974068199,-3.422677388,0.708042128,0.627110443,-3.752852717,0.59799471,0.715612437,-2.495308,0.348332,0.863387
178,YMnNCl2,AB,x,1.8,1.22,0.30712,11,6.21726,0.65,3.04,-0.07,5,14.53413,1,3.16,3.61272528,7,12.967633,1.4,1.55,-0.52,13,7.434038,0.4,-0.8,-0.4,0.0625,1.82,1.49,1.94,1.61,-0.33,3,4,0.692857143,0.670833333,0.742857143,0.726829268,0.932692308,0.922958613,1.6,1.385,1,4,1.775,2,5.8,6.825649,71.9219475,1.285714286,0.787096774,-0.590615385,0.846153846,0.836323409,7,94,8,0.1473,0.81216,93,0.14784,0.79901,17,107,6,0.16265,0.73553,107,0.1606,0.73553,25,58,52,0.3851,0.31065,55,0.39497,0.29907,39,15,108,0.74258,0.1611,12,0.76224,0.15497,3.519003388,2.743743101,3.005243446,2.29548294,1.751804,0.714733,0.639109,-1.1985,-1.907146,6.097200333,5.612105667,-0.485094667,5.854653,4.852353272,3.279718619,-2.796904071,3.574785135,-2.282915616,-2.764262757,3.649393828,1.824570805,-1.244713,0.349326,2.185548
307,MnYNBr2,BA,bridge,1.4,1.55,-0.52,13,7.434038,0.65,3.04,-0.07,5,14.53413,1.15,2.96,3.3635883,7,11.81381,1.8,1.22,0.30712,11,6.21726,-0.4,-0.25,-0.65,-0.0625,1.49,1.82,1.41,1.74,0.33,3,4,0.552941176,0.589830508,0.726829268,0.742857143,0.760757994,0.794002608,1.6,1.385,1,4,1.575,2,5.8,6.825649,71.9219475,0.777777778,1.270491803,-1.693149258,1.181818182,1.195709686,7,94,8,0.1473,0.81216,93,0.14784,0.79901,35,108,10,0.19779,0.60484,108,0.1953,0.60484,39,15,108,0.74258,0.1611,12,0.76224,0.15497,25,58,52,0.3851,0.31065,55,0.39497,0.29907,3.587326487,2.682179602,3.148348222,2.524887326,1.752933,0.564463,0.671937,-1.873329,-1.116005,5.338678,5.71279,0.374112,5.525734,2.8688593,1.707577122,-2.258638058,-2.319188224,3.452632383,-2.825506524,1.405889115,2.955674965,-1.061332,0.354881,1.048006
566,HfMnCSe2,AA,m2,1.55,1.3,0.17807,10,6.82507,0.7,2.55,1.262113612,4,11.260288,1.15,2.55,2.020604712,6,9.752392,1.4,1.55,-0.52,13,7.434038,0.15,-0.4,-0.25,0.025423729,1.25,1,1.25,1,-0.25,3.5,3,0.462962963,0.392156863,0.555555556,0.476190476,0.833333333,0.823529412,1.475,1.425,2,3,1.125,0.5,5.4,7.129554,116.7140225,1.107142857,0.838709677,-0.342442308,0.769230769,0.918083819,6,88,12,0.15167,0.78879,87,0.15208,0.77673,34,102,14,0.21954,0.54493,101,0.22068,0.53528,25,58,52,0.3851,0.31065,55,0.39497,0.29907,72,48,71,0.57475,0.20815,45,0.58884,0.2006,3.299539066,2.664757233,3.064716974,2.304172016,1.545276,0.725307,0.355201,-0.891118,-1.734666,5.277011,5.538250667,0.261239667,5.407630833,2.044980546,1.96929121,-1.47954533,2.175141864,-1.549603639,-1.663481169,1.937620228,0.353781781,-0.481048,0.356041,0.606654
359,VZrNF2,AA,m2,1.35,1.63,0.527662,13,6.746187,0.65,3.04,-0.07,5,14.53413,0.5,3.98,3.401189824,7,17.42282,1.55,1.33,0.433289,12,6.634126,-0.2,-0.85,-1.05,-0.034482759,1.41,1.71,2.35,2.65,0.3,2.5,1,1.27027027,1.292682927,0.705,0.777272727,1.801801802,1.663100842,1.45,1.48,1,1,2.5,2.5,5.6,6.6901565,71.08275,0.870967742,1.22556391,1.217806129,1.083333333,1.0168916,7,94,8,0.1473,0.81216,93,0.14784,0.79901,9,106,3,0.13207,0.90585,106,0.1304,0.90585,40,47,68,0.50364,0.23753,44,0.51595,0.22894,23,50,60,0.41533,0.28804,47,0.42558,0.27756,3.169736764,2.177480865,2.770047438,2.039143997,1.770096,0.748061,0.787478,-1.788434,-1.5172,3.918567667,5.221253333,1.302685667,4.5699105,3.360325322,2.843562855,-5.766937826,-0.092715122,1.740423274,-6.078232413,1.064788654,1.588318038,-2.159857,0.357534,2.196324
518,WScCCl2,AA,m2,1.35,2.36,0.816268,14,7.86403,0.7,2.55,1.262113612,4,11.260288,1,3.16,3.61272528,7,12.967633,1.6,1.36,0.1882,11,6.56149,-0.25,-0.35,-0.6,-0.042372881,0.19,1.19,0.8,1.8,1,2.5,3,0.340425532,0.692307692,0.092682927,0.517391304,3.673012318,1.338073691,1.475,1.86,2,3,1.3,2.5,5.4,7.21276,114.397956,0.84375,1.735294118,4.337236982,1.272727273,1.198512838,6,88,12,0.15167,0.78879,87,0.15208,0.77673,17,107,6,0.16265,0.73553,107,0.1606,0.73553,21,14,105,0.6303,0.1898,11,0.64709,0.18255,74,56,66,0.52343,0.22855,53,0.5367,0.22009,3.318849337,2.619017108,3.344978467,2.141544578,1.722847,0.603449,0.681535,-1.623402,-1.384428,5.032627667,4.149098667,-0.883529,4.590863167,4.236045319,3.103132899,-3.854190941,-0.087420659,2.598126288,-4.385708955,0.014496181,2.281307032,-0.940149,0.358231,2.115027
419,MoHfNCl2,AA,x,1.45,2.16,0.74733,14,7.09243,0.65,3.04,-0.07,5,14.53413,1,3.16,3.61272528,7,12.967633,1.55,1.3,0.17807,10,6.82507,-0.1,-0.45,-0.55,-0.016666667,0.88,1.74,1,1.86,0.86,3.5,3,0.408163265,0.729411765,0.419047619,0.790909091,0.974025974,0.92224476,1.5,1.73,1,2,1.43,1.5,5.8,6.95875,137.215,0.935483871,1.661538462,4.196832706,1.4,1.039173225,7,94,8,0.1473,0.81216,93,0.14784,0.79901,17,107,6,0.16265,0.73553,107,0.1606,0.73553,72,48,71,0.57475,0.20815,45,0.58884,0.2006,42,55,61,0.46178,0.25907,52,0.47342,0.24951,3.402191143,2.630512768,3.297714376,2.160304258,1.584265,0.576223,0.681136,-1.782406,-1.059217,3.777345667,4.680550667,0.903205,4.228948167,4.709022249,3.223268276,-4.136681968,-0.543254967,1.571526567,-4.359545946,0.223277315,1.387378871,-1.083144,0.3591,2.168087
278,MoTaNO2,BB,x,1.45,2.16,0.74733,14,7.09243,0.65,3.04,-0.07,5,14.53413,0.6,3.44,1.4611053,6,13.618055,1.45,1.5,0.32312,11,7.549571,0,-0.85,-0.85,0,0.88,1.54,1.28,1.94,0.66,4,2,0.624390244,0.946341463,0.419047619,0.733333333,1.490022173,1.290465632,1.45,1.83,1,1,1.61,0,5.6,7.3210005,138.44394,1,1.44,2.312855905,1.272727273,0.939448083,7,94,8,0.1473,0.81216,93,0.14784,0.79901,8,100,5,0.14058,0.85098,99,0.14125,0.83626,73,52,69,0.54867,0.21804,49,0.56231,0.21007,42,55,61,0.46178,0.25907,52,0.47342,0.24951,2.916030539,2.064479071,2.545625092,2.158471044,1.485535,1.057365,0.959283,-1.786017,-1.716167,6.872754,5.941544,-0.93121,6.407149,2.870205953,0.977612156,-3.214549298,-1.090656769,1.050900622,-3.533761495,-1.184483502,0.588490473,-1.490584,0.359696,0.918055
588,NbMoNF2,AA,m1,1.45,1.6,0.917407,13,6.75885,0.65,3.04,-0.07,5,14.53413,0.5,3.98,3.401189824,7,17.42282,1.45,2.16,0.74733,14,7.09243,0,-0.95,-0.95,0,1.44,0.88,2.38,1.82,-0.56,4.5,1,1.220512821,0.933333333,0.685714286,0.419047619,1.77991453,2.227272727,1.45,1.88,0,1,2.1,0.5,6,6.92564,94.42319,1,0.740740741,1.227579516,0.928571429,0.952966755,7,94,8,0.1473,0.81216,93,0.14784,0.79901,9,106,3,0.13207,0.90585,106,0.1304,0.90585,42,55,61,0.46178,0.25907,52,0.47342,0.24951,41,51,65,0.48244,0.24797,48,0.49439,0.23893,3.265501709,2.287962543,2.768845329,2.240491305,1.476068,0.76258,0.723786,-1.395224,-1.567207,4.711677333,3.792725333,-0.918952,4.252201333,4.479963727,2.788120389,-5.907911102,0.425090699,-0.32610878,-5.945820285,0.42097894,-0.336451962,-1.494849,0.359937,2.239879
124,CrYNBr2,AA,bridge,1.4,1.66,0.6758412,12,6.76651,0.65,3.04,-0.07,5,14.53413,1.15,2.96,3.3635883,7,11.81381,1.8,1.22,0.30712,11,6.21726,-0.4,-0.25,-0.65,-0.0625,1.38,1.82,1.3,1.74,0.44,3,4,0.509803922,0.589830508,0.673170732,0.742857143,0.75731742,0.794002608,1.6,1.44,1,3,1.52,2,5.6,6.491885,70.450975,0.777777778,1.360655738,2.200576973,1.090909091,1.088342775,7,94,8,0.1473,0.81216,93,0.14784,0.79901,35,108,10,0.19779,0.60484,108,0.1953,0.60484,39,15,108,0.74258,0.1611,12,0.76224,0.15497,24,54,56,0.40019,0.29894,51,0.41024,0.28794,3.460802882,2.591104138,3.235974356,2.189685948,1.648113,0.508781,0.674593,-1.699409,-1.132077,4.616181333,4.521095333,-0.095086,4.568638333,2.625634971,1.705279544,-3.570841128,0.641615355,1.529973161,-3.737477489,0.871285368,1.217659132,-1.08542,0.362358,-0.393603
67,MoVNBr2,AA,x,1.45,2.16,0.74733,14,7.09243,0.65,3.04,-0.07,5,14.53413,1.15,2.96,3.3635883,7,11.81381,1.35,1.63,0.527662,13,6.746187,0.1,-0.3,-0.2,0.017857143,0.88,1.41,0.8,1.33,0.53,4,2,0.307692308,0.532,0.419047619,0.705,0.734265734,0.754609929,1.4,1.895,1,1,1.065,1,6,6.9193085,73.44075,1.074074074,1.325153374,1.416304377,1.076923077,1.051324252,7,94,8,0.1473,0.81216,93,0.14784,0.79901,35,108,10,0.19779,0.60484,108,0.1953,0.60484,23,50,60,0.41533,0.28804,47,0.42558,0.27756,42,55,61,0.46178,0.25907,52,0.47342,0.24951,3.324728933,2.730469896,3.216811753,2.184668191,1.454167,0.489208,0.493725,-1.343735,-1.093366,4.262845333,3.901305333,-0.36154,4.082075333,3.510139414,2.177050658,-3.615327388,-0.673837119,-0.133462783,-3.677212295,-0.359115056,0.503480018,-0.588773,0.362744,2.112575
17,TaMoCO2,AA,m1,1.45,1.5,0.32312,11,7.549571,0.7,2.55,1.262113612,4,11.260288,0.6,3.44,1.4611053,6,13.618055,1.45,2.16,0.74733,14,7.09243,0,-0.85,-0.85,0,1.05,0.39,1.94,1.28,-0.66,4,2,0.946341463,0.624390244,0.488372093,0.181395349,1.937746806,3.442151345,1.45,1.83,1,1,1.61,0,5.4,7.3210005,138.44394,1,0.694444444,0.432365889,0.785714286,1.064454778,6,88,12,0.15167,0.78879,87,0.15208,0.77673,8,100,5,0.14058,0.85098,99,0.14125,0.83626,42,55,61,0.46178,0.25907,52,0.47342,0.24951,73,52,69,0.54867,0.21804,49,0.56231,0.21007,3.100417911,2.106772079,2.914935643,2.157697626,1.753528,1.164813,1.022523,-1.745512,-2.195353,6.253497333,5.544118667,-0.709378667,5.898808,2.951583806,0.976151507,-2.97491849,0.14766928,-0.512232384,-3.406498662,-0.268940538,-0.675477316,-1.324977,0.364298,0.407134
254,MoWCBr2,AA,x,1.45,2.16,0.74733,14,7.09243,0.7,2.55,1.262113612,4,11.260288,1.15,2.96,3.3635883,7,11.81381,1.35,2.36,0.816268,14,7.86403,0.1,-0.3,-0.2,0.017857143,0.39,0.19,0.8,0.6,-0.2,4.5,1,0.307692308,0.24,0.181395349,0.092682927,1.696252465,2.589473684,1.4,2.26,1,0,0.7,0.5,6,7.47823,139.89,1.074074074,0.915254237,0.915544895,1,0.901882368,6,88,12,0.15167,0.78879,87,0.15208,0.77673,35,108,10,0.19779,0.60484,108,0.1953,0.60484,74,56,66,0.52343,0.22855,53,0.5367,0.22009,42,55,61,0.46178,0.25907,52,0.47342,0.24951,3.428727643,2.773984733,3.446102121,2.200530845,1.406111,0.481557,0.494845,-1.290671,-1.091841,3.696516667,4.152422667,0.455906,3.924469667,3.486727195,2.159171281,-3.694795438,-0.668885364,-0.570085131,-3.750819231,-0.658572347,-0.557841296,-0.166131,0.36507,2.213911
182,MnNbNBr2,BA,m2,1.4,1.55,-0.52,13,7.434038,0.65,3.04,-0.07,5,14.53413,1.15,2.96,3.3635883,7,11.81381,1.45,1.6,0.917407,13,6.75885,-0.05,-0.25,-0.3,-0.00877193,1.49,1.44,1.41,1.36,-0.05,4.5,1,0.552941176,0.523076923,0.726829268,0.685714286,0.760757994,0.762820513,1.425,1.575,1,2,1.385,0.5,6.2,7.096444,73.9222125,0.965517241,0.96875,-0.566814947,1,1.099896876,7,94,8,0.1473,0.81216,93,0.14784,0.79901,35,108,10,0.19779,0.60484,108,0.1953,0.60484,41,51,65,0.48244,0.24797,48,0.49439,0.23893,25,58,52,0.3851,0.31065,55,0.39497,0.29907,3.483926646,2.620420208,3.176726504,2.507512,1.459299,0.534983,0.525554,-1.620581,-0.899254,4.446594,5.091153,0.644559,4.7688735,1.808332921,2.04203117,-2.998838289,-2.242890478,0.905119035,-3.1708922,1.114407327,0.695574876,-0.646145,0.365981,1.841604
196,WTaNO2,BB,x,1.35,2.36,0.816268,14,7.86403,0.65,3.04,-0.07,5,14.53413,0.6,3.44,1.4611053,6,13.618055,1.45,1.5,0.32312,11,7.549571,-0.1,-0.75,-0.85,-0.017857143,0.68,1.54,1.08,1.94,0.86,3.5,1,0.553846154,0.946341463,0.34,0.733333333,1.628959276,1.290465632,1.4,1.93,0,1,1.51,0.5,5.6,7.7068005,182.39394,0.931034483,1.573333333,2.526206982,1.272727273,1.041652565,7,94,8,0.1473,0.81216,93,0.14784,0.79901,8,100,5,0.14058,0.85098,99,0.14125,0.83626,73,52,69,0.54867,0.21804,49,0.56231,0.21007,74,56,66,0.52343,0.22855,53,0.5367,0.22009,2.909598464,2.076914074,2.552775379,2.143513869,1.508371,1.070713,0.981044,-1.748285,-1.811843,6.828349,5.390706,-1.437643,6.1095275,2.910848688,0.981406523,-3.508494268,-0.853400083,0.794561652,-3.841092671,-0.974435528,0.319283212,-1.46928,0.366229,1.527853
445,ScVCF2,AA,m2,1.6,1.36,0.1882,11,6.56149,0.7,2.55,1.262113612,4,11.260288,0.5,3.98,3.401189824,7,17.42282,1.35,1.63,0.527662,13,6.746187,0.25,-1.1,-0.85,0.042372881,1.19,0.92,2.62,2.35,-0.27,2,2,1.247619048,1.27027027,0.517391304,0.448780488,2.411364546,2.830493537,1.475,1.495,0,2,2.485,3,5.2,6.6538385,47.948706,1.185185185,0.834355828,0.356667715,0.846153846,0.972622016,6,88,12,0.15167,0.78879,87,0.15208,0.77673,9,106,3,0.13207,0.90585,106,0.1304,0.90585,23,50,60,0.41533,0.28804,47,0.42558,0.27756,21,14,105,0.6303,0.1898,11,0.64709,0.18255,3.082750122,2.169702865,2.877964818,2.225884914,1.78836,0.775037,0.73577,-1.593697,-1.705472,5.498838333,4.838378667,-0.660459667,5.1686085,3.526065879,2.918050572,-5.503868851,1.83504093,0.177903401,-5.516693566,1.726983294,0.403823927,-2.009163,0.367145,2.187264
213,VScCF2,AA,m1,1.35,1.63,0.527662,13,6.746187,0.7,2.55,1.262113612,4,11.260288,0.5,3.98,3.401189824,7,17.42282,1.6,1.36,0.1882,11,6.56149,-0.25,-0.85,-1.1,-0.042372881,0.92,1.19,2.35,2.62,0.27,2,2,1.27027027,1.247619048,0.448780488,0.517391304,2.830493537,2.411364546,1.475,1.495,0,2,2.485,3,5.2,6.6538385,47.948706,0.84375,1.198529412,2.803730074,1.181818182,1.028148637,6,88,12,0.15167,0.78879,87,0.15208,0.77673,9,106,3,0.13207,0.90585,106,0.1304,0.90585,21,14,105,0.6303,0.1898,11,0.64709,0.18255,23,50,60,0.41533,0.28804,47,0.42558,0.27756,3.082805219,2.171169769,2.877760025,2.050374174,1.784811,0.733342,0.773938,-1.703348,-1.588744,4.851941,5.506931,0.65499,5.179436,3.389426437,0.94610837,-5.50381783,0.178536876,1.826250843,-5.969164766,0.263815311,1.460825217,-2.009161,0.367147,1.817892
144,MnTiNBr2,AA,bridge,1.4,1.55,-0.52,13,7.434038,0.65,3.04,-0.07,5,14.53413,1.15,2.96,3.3635883,7,11.81381,1.4,1.54,0.075545,12,6.82812,0,-0.25,-0.25,0,1.49,1.5,1.41,1.42,0.01,3.5,3,0.552941176,0.556862745,0.726829268,0.731707317,0.760757994,0.761045752,1.4,1.545,0,3,1.415,1.5,6,7.131079,51.4025225,1,1.006493506,-6.883314581,1.083333333,1.088738628,7,94,8,0.1473,0.81216,93,0.14784,0.79901,35,108,10,0.19779,0.60484,108,0.1953,0.60484,22,46,64,0.43051,0.27789,43,0.441,0.26786,25,58,52,0.3851,0.31065,55,0.39497,0.29907,3.280488211,2.573295852,3.152600391,2.047641547,1.479529,0.397599,0.567499,-1.588255,-0.856369,3.693195,4.170044333,0.476849333,3.931619667,3.08794527,1.685479286,-3.575084936,-0.87656737,0.463428245,-3.259876428,0.09194364,0.760016405,-0.869864,0.36774,0.309757
432,ZrMnCSe2,AB,bridge,1.55,1.33,0.433289,12,6.634126,0.7,2.55,1.262113612,4,11.260288,1.15,2.55,2.020604712,6,9.752392,1.4,1.55,-0.52,13,7.434038,0.15,-0.4,-0.25,0.025423729,1.22,1,1.22,1,-0.22,3.5,3,0.451851852,0.392156863,0.542222222,0.476190476,0.833333333,0.823529412,1.475,1.44,1,3,1.11,0.5,5.4,7.034082,73.0810225,1.107142857,0.858064516,-0.833248077,0.923076923,0.892398721,6,88,12,0.15167,0.78879,87,0.15208,0.77673,34,102,14,0.21954,0.54493,101,0.22068,0.53528,25,58,52,0.3851,0.31065,55,0.39497,0.29907,40,47,68,0.50364,0.23753,44,0.51595,0.22894,3.298512165,2.676596587,2.461333554,2.311415206,1.508942,0.725153,0.295843,-0.82311,-1.706827,4.976710667,5.670088667,0.693378,5.323399667,2.167289476,1.73664388,-1.54447482,1.722718287,-1.272529852,-1.719815672,1.487580248,0.441610649,-0.471814,0.370214,0.325097
438,HfTaCF2,AA,m2,1.55,1.3,0.17807,10,6.82507,0.7,2.55,1.262113612,4,11.260288,0.5,3.98,3.401189824,7,17.42282,1.45,1.5,0.32312,11,7.549571,0.1,-1.05,-0.95,0.016666667,1.25,1.05,2.68,2.48,-0.2,2.5,1,1.307317073,1.271794872,0.555555556,0.488372093,2.353170732,2.604151404,1.5,1.4,0,1,2.58,2.5,5.4,7.1873205,179.71894,1.068965517,0.866666667,0.551095568,0.909090909,0.90403415,6,88,12,0.15167,0.78879,87,0.15208,0.77673,9,106,3,0.13207,0.90585,106,0.1304,0.90585,73,52,69,0.54867,0.21804,49,0.56231,0.21007,72,48,71,0.57475,0.20815,45,0.58884,0.2006,3.194957218,2.291729716,3.136822073,2.208053816,2.051064,0.775676,0.760611,-1.730679,-1.856672,4.069873333,3.606400667,-0.463472667,3.838137,3.527668174,2.851905231,-6.40128673,1.167662565,0.447506084,-6.432844175,1.134525256,0.408938279,-1.901342,0.370291,2.20169
583,WMnCO2,AA,m1,1.35,2.36,0.816268,14,7.86403,0.7,2.55,1.262113612,4,11.260288,0.6,3.44,1.4611053,6,13.618055,1.4,1.55,-0.52,13,7.434038,-0.05,-0.75,-0.8,-0.009090909,0.19,1,1.08,1.89,0.81,4.5,1,0.553846154,0.945,0.092682927,0.476190476,5.975708502,1.9845,1.375,1.955,2,1,1.485,0.5,5.8,7.649034,119.3890225,0.964285714,1.522580645,-1.569746154,1.076923077,1.057840974,6,88,12,0.15167,0.78879,87,0.15208,0.77673,8,100,5,0.14058,0.85098,99,0.14125,0.83626,25,58,52,0.3851,0.31065,55,0.39497,0.29907,74,56,66,0.52343,0.22855,53,0.5367,0.22009,2.957031347,2.079431124,2.728942073,2.149373369,1.387708,0.98936,0.906915,-1.525583,-1.758401,6.330087333,6.944479,0.614391667,6.637283167,2.838532599,0.975620788,-2.46608711,0.556619562,-2.109218769,-2.544505495,0.569450037,0.385187889,-0.795839,0.372938,-0.075166
309,MnZrNBr2,AA,m2,1.4,1.55,-0.52,13,7.434038,0.65,3.04,-0.07,5,14.53413,1.15,2.96,3.3635883,7,11.81381,1.55,1.33,0.433289,12,6.634126,-0.15,-0.25,-0.4,-0.025423729,1.49,1.71,1.41,1.63,0.22,3.5,3,0.552941176,0.603703704,0.726829268,0.777272727,0.760757994,0.776694823,1.475,1.44,1,3,1.52,1.5,6,7.034082,73.0810225,0.903225806,1.165413534,-1.200122782,1.083333333,1.12057534,7,94,8,0.1473,0.81216,93,0.14784,0.79901,35,108,10,0.19779,0.60484,108,0.1953,0.60484,40,47,68,0.50364,0.23753,44,0.51595,0.22894,25,58,52,0.3851,0.31065,55,0.39497,0.29907,3.397060547,2.574336213,3.12555984,2.105610961,1.519605,0.403276,0.626314,-1.791744,-0.75745,3.613108,4.301831333,0.688723333,3.957469667,4.148757119,3.165494203,-3.553621335,-0.72550367,1.215241939,-4.16062652,-0.553638133,0.615833437,-0.928113,0.375149,2.188552
320,NbZrNF2,AA,m2,1.45,1.6,0.917407,13,6.75885,0.65,3.04,-0.07,5,14.53413,0.5,3.98,3.401189824,7,17.42282,1.55,1.33,0.433289,12,6.634126,-0.1,-0.95,-1.05,-0.016666667,1.44,1.71,2.38,2.65,0.27,3,2,1.220512821,1.292682927,0.685714286,0.777272727,1.77991453,1.663100842,1.5,1.465,0,1,2.515,2,5.6,6.696488,92.06519,0.935483871,1.203007519,2.117309694,1.083333333,1.018800366,7,94,8,0.1473,0.81216,93,0.14784,0.79901,9,106,3,0.13207,0.90585,106,0.1304,0.90585,40,47,68,0.50364,0.23753,44,0.51595,0.22894,41,51,65,0.48244,0.24797,48,0.49439,0.23893,3.232262586,2.303492437,3.057044775,2.151621431,1.842231,0.76897,0.79068,-1.808275,-1.593603,3.547865,4.230111333,0.682246333,3.888988167,1.756037353,2.187782616,-6.298394982,0.510167247,1.384614053,-6.176121557,0.613298326,1.480572063,-2.133729,0.376146,1.275974
434,ZrNbNF2,AA,m2,1.55,1.33,0.433289,12,6.634126,0.65,3.04,-0.07,5,14.53413,0.5,3.98,3.401189824,7,17.42282,1.45,1.6,0.917407,13,6.75885,0.1,-1.05,-0.95,0.016666667,1.71,1.44,2.65,2.38,-0.27,3,2,1.292682927,1.220512821,0.777272727,0.685714286,1.663100842,1.77991453,1.5,1.465,0,1,2.515,2,5.6,6.696488,92.06519,1.068965517,0.83125,0.472297464,0.923076923,0.981546565,7,94,8,0.1473,0.81216,93,0.14784,0.79901,9,106,3,0.13207,0.90585,106,0.1304,0.90585,41,51,65,0.48244,0.24797,48,0.49439,0.23893,40,47,68,0.50364,0.23753,44,0.51595,0.22894,3.232291799,2.302473097,3.057080653,2.203963857,1.838291,0.790474,0.767481,-1.591492,-1.804751,4.218205,3.535155,-0.68305,3.87668,3.508291585,2.857835889,-6.296937614,1.384717389,0.51048671,-6.272696384,1.412617099,0.512855614,-2.133727,0.376148,2.147372
111,CrHfNBr2,AA,m2,1.4,1.66,0.6758412,12,6.76651,0.65,3.04,-0.07,5,14.53413,1.15,2.96,3.3635883,7,11.81381,1.55,1.3,0.17807,10,6.82507,-0.15,-0.25,-0.4,-0.025423729,1.38,1.74,1.3,1.66,0.36,3.5,3,0.509803922,0.614814815,0.673170732,0.790909091,0.75731742,0.777352065,1.475,1.48,2,2,1.48,1.5,5.8,6.79579,115.24305,0.903225806,1.276923077,3.795368114,1.2,0.991419868,7,94,8,0.1473,0.81216,93,0.14784,0.79901,35,108,10,0.19779,0.60484,108,0.1953,0.60484,72,48,71,0.57475,0.20815,45,0.58884,0.2006,24,54,56,0.40019,0.29894,51,0.41024,0.28794,3.393015251,2.622250256,3.170141116,2.097356524,1.599656,0.459597,0.621289,-1.73777,-0.942772,3.528817667,4.424083667,0.895266,3.976450667,4.235112666,3.186560452,-4.075567611,-0.864699031,0.566604065,-4.081834965,0.129095148,0.427778594,-0.924703,0.376161,2.187925
541,MnMoNF2,AA,x,1.4,1.55,-0.52,13,7.434038,0.65,3.04,-0.07,5,14.53413,0.5,3.98,3.401189824,7,17.42282,1.45,2.16,0.74733,14,7.09243,-0.05,-0.9,-0.95,-0.00877193,1.49,0.88,2.43,1.82,-0.61,5,0,1.278947368,0.933333333,0.726829268,0.419047619,1.759625574,2.227272727,1.425,1.855,1,1,2.125,0,6.4,7.263234,75.4390225,0.965517241,0.717592593,-0.695810418,0.928571429,1.048165156,7,94,8,0.1473,0.81216,93,0.14784,0.79901,9,106,3,0.13207,0.90585,106,0.1304,0.90585,42,55,61,0.46178,0.25907,52,0.47342,0.24951,25,58,52,0.3851,0.31065,55,0.39497,0.29907,2.992674999,2.102568202,3.029802102,2.156708729,1.500243,0.741163,0.696556,-1.515375,-1.422587,5.796069,5.988728,0.192659,5.8923985,4.017230203,3.002505438,-4.867319347,-2.348599584,-0.156966356,-5.093825168,1.698682567,-0.168900511,-1.216137,0.378792,1.602413
500,MoZrCF2,AA,bridge,1.45,2.16,0.74733,14,7.09243,0.7,2.55,1.262113612,4,11.260288,0.5,3.98,3.401189824,7,17.42282,1.55,1.33,0.433289,12,6.634126,-0.1,-0.95,-1.05,-0.016666667,0.39,1.22,1.82,2.65,0.83,3.5,3,0.933333333,1.292682927,0.181395349,0.542222222,5.145299145,2.384046381,1.5,1.745,0,2,2.235,1.5,5.6,6.863278,93.582,0.935483871,1.62406015,1.724784151,1.166666667,1.0690828,6,88,12,0.15167,0.78879,87,0.15208,0.77673,9,106,3,0.13207,0.90585,106,0.1304,0.90585,40,47,68,0.50364,0.23753,44,0.51595,0.22894,42,55,61,0.46178,0.25907,52,0.47342,0.24951,3.211628891,2.318395249,3.038873788,2.114305104,1.745922,0.726173,0.779936,-1.856101,-1.395929,3.999075333,5.598901333,1.599826,4.798988333,1.685515865,2.138387591,-5.464490739,-0.098903105,1.934745085,-6.007530735,-0.047504156,1.499901351,-1.702692,0.37888,1.558215
71,YTiNF2,AA,x,1.8,1.22,0.30712,11,6.21726,0.65,3.04,-0.07,5,14.53413,0.5,3.98,3.401189824,7,17.42282,1.4,1.54,0.075545,12,6.82812,0.4,-1.3,-0.9,0.0625,1.82,1.5,2.76,2.44,-0.32,1.5,1,1.2,1.284210526,0.742857143,0.731707317,1.615384615,1.755087719,1.6,1.38,1,1,2.6,3.5,5.2,6.52269,68.386425,1.285714286,0.792207792,4.065391489,0.916666667,0.9105376,7,94,8,0.1473,0.81216,93,0.14784,0.79901,9,106,3,0.13207,0.90585,106,0.1304,0.90585,22,46,64,0.43051,0.27789,43,0.441,0.26786,39,15,108,0.74258,0.1611,12,0.76224,0.15497,3.227262154,2.311567666,2.86854572,2.353456132,1.855655,0.803637,0.780561,-1.719388,-1.720462,4.460832,4.122583667,-0.338248333,4.291707833,4.072412926,2.927127641,-6.002831522,0.752198933,0.745896416,-6.013430159,0.669911369,0.743048089,-2.560655,0.381509,2.192897
435,TiYNF2,AA,m2,1.4,1.54,0.075545,12,6.82812,0.65,3.04,-0.07,5,14.53413,0.5,3.98,3.401189824,7,17.42282,1.8,1.22,0.30712,11,6.21726,-0.4,-0.9,-1.3,-0.0625,1.5,1.82,2.44,2.76,0.32,1.5,1,1.284210526,1.2,0.731707317,0.742857143,1.755087719,1.615384615,1.6,1.38,1,1,2.6,3.5,5.2,6.52269,68.386425,0.777777778,1.262295082,0.245978771,1.090909091,1.098252285,7,94,8,0.1473,0.81216,93,0.14784,0.79901,9,106,3,0.13207,0.90585,106,0.1304,0.90585,39,15,108,0.74258,0.1611,12,0.76224,0.15497,22,46,64,0.43051,0.27789,43,0.441,0.26786,3.22724036,2.214622304,2.868573092,2.107134371,1.857732,0.780909,0.800985,-1.718552,-1.721072,4.128865,4.466858667,0.337993667,4.297861833,1.688647885,2.202121998,-6.005426859,0.748135305,0.750615742,-5.936242141,0.794343393,0.650667741,-2.560653,0.381511,1.54425
168,MoMnNF2,AA,m2,1.45,2.16,0.74733,14,7.09243,0.65,3.04,-0.07,5,14.53413,0.5,3.98,3.401189824,7,17.42282,1.4,1.55,-0.52,13,7.434038,0.05,-0.95,-0.9,0.00877193,0.88,1.49,1.82,2.43,0.61,5,0,0.933333333,1.278947368,0.419047619,0.726829268,2.227272727,1.759625574,1.425,1.855,1,1,2.125,0,6.4,7.263234,75.4390225,1.035714286,1.393548387,-1.437173077,1.076923077,0.954048123,7,94,8,0.1473,0.81216,93,0.14784,0.79901,9,106,3,0.13207,0.90585,106,0.1304,0.90585,25,58,52,0.3851,0.31065,55,0.39497,0.29907,42,55,61,0.46178,0.25907,52,0.47342,0.24951,3.236799605,2.278760758,2.842583352,2.048030588,1.429895,0.737128,0.765044,-1.339687,-1.592377,5.972670667,4.808328,-1.164342667,5.390499333,1.688361486,2.230788138,-4.834553714,0.360522103,-2.245057326,-4.697969808,-0.13256824,0.714631264,-1.213302,0.381627,0.782863
273,YTaNSe2,AB,bridge,1.8,1.22,0.30712,11,6.21726,0.65,3.04,-0.07,5,14.53413,1.15,2.55,2.020604712,6,9.752392,1.45,1.5,0.32312,11,7.549571,0.35,-0.65,-0.3,0.053846154,1.82,1.54,1.33,1.05,-0.28,2,2,0.450847458,0.403846154,0.742857143,0.733333333,0.606910039,0.550699301,1.625,1.36,1,2,1.19,2,5,6.8834155,134.926865,1.24137931,0.813333333,0.950482793,1,0.823524939,7,94,8,0.1473,0.81216,93,0.14784,0.79901,34,102,14,0.21954,0.54493,101,0.22068,0.53528,73,52,69,0.54867,0.21804,49,0.56231,0.21007,39,15,108,0.74258,0.1611,12,0.76224,0.15497,3.373566855,2.873235417,2.93949861,2.373551424,1.788465,0.711239,0.68051,-1.528991,-1.651223,5.355711,5.768434667,0.412723667,5.562072833,2.346864113,1.739971978,-1.500532707,2.240966899,1.493074993,-1.616715372,2.105934302,1.460669735,-1.090584,0.3831,0.058133
542,TaYNSe2,BA,bridge,1.45,1.5,0.32312,11,7.549571,0.65,3.04,-0.07,5,14.53413,1.15,2.55,2.020604712,6,9.752392,1.8,1.22,0.30712,11,6.21726,-0.35,-0.3,-0.65,-0.053846154,1.54,1.82,1.05,1.33,0.28,2,2,0.403846154,0.450847458,0.733333333,0.742857143,0.550699301,0.606910039,1.625,1.36,1,2,1.19,2,5,6.8834155,134.926865,0.805555556,1.229508197,1.0520969,1,1.214292309,7,94,8,0.1473,0.81216,93,0.14784,0.79901,34,102,14,0.21954,0.54493,101,0.22068,0.53528,39,15,108,0.74258,0.1611,12,0.76224,0.15497,73,52,69,0.54867,0.21804,49,0.56231,0.21007,3.373571044,2.609485061,2.939536079,2.289262367,1.790946,0.676403,0.714081,-1.656359,-1.525072,5.761265667,5.348504,-0.412761667,5.554884833,1.904308871,1.851137773,-1.509406096,1.495042443,2.250502235,-1.833759336,1.21665154,1.973343184,-1.090583,0.383101,0.990487
108,ScVNF2,AA,x,1.6,1.36,0.1882,11,6.56149,0.65,3.04,-0.07,5,14.53413,0.5,3.98,3.401189824,7,17.42282,1.35,1.63,0.527662,13,6.746187,0.25,-1.1,-0.85,0.042372881,1.68,1.41,2.62,2.35,-0.27,2,2,1.247619048,1.27027027,0.746666667,0.705,1.670918367,1.801801802,1.475,1.495,0,2,2.485,3,5.4,6.6538385,47.948706,1.185185185,0.834355828,0.356667715,0.846153846,0.972622016,7,94,8,0.1473,0.81216,93,0.14784,0.79901,9,106,3,0.13207,0.90585,106,0.1304,0.90585,23,50,60,0.41533,0.28804,47,0.42558,0.27756,21,14,105,0.6303,0.1898,11,0.64709,0.18255,3.085699659,2.173876941,2.871318969,2.166003357,1.757651,0.781426,0.750168,-1.569061,-1.720182,5.206568333,4.3882,-0.818368333,4.797384167,3.982898582,2.918660593,-5.675652044,2.337602255,-0.167372434,-5.691822069,2.31611123,0.887047161,-2.355266,0.383966,2.201077
160,ZrScCSe2,AA,bridge,1.55,1.33,0.433289,12,6.634126,0.7,2.55,1.262113612,4,11.260288,1.15,2.55,2.020604712,6,9.752392,1.6,1.36,0.1882,11,6.56149,-0.05,-0.4,-0.45,-0.007936508,1.22,1.19,1.22,1.19,-0.03,1.5,1,0.451851852,0.432727273,0.542222222,0.517391304,0.833333333,0.836363636,1.575,1.345,1,1,1.205,2.5,4.6,6.597808,68.089956,0.96875,0.977941176,2.30227949,1.090909091,1.011070047,6,88,12,0.15167,0.78879,87,0.15208,0.77673,34,102,14,0.21954,0.54493,101,0.22068,0.53528,21,14,105,0.6303,0.1898,11,0.64709,0.18255,40,47,68,0.50364,0.23753,44,0.51595,0.22894,3.436622553,2.736909642,3.675103854,2.323096084,1.967481,0.732681,0.736726,-1.629308,-1.807579,5.975924333,5.882573333,-0.093351,5.929248833,2.197064282,1.767619541,-1.271606448,1.797891785,3.060972989,-1.502802748,1.639126774,2.895618919,-0.933902,0.384525,0.273086
558,MoTaNBr2,AA,m2,1.45,2.16,0.74733,14,7.09243,0.65,3.04,-0.07,5,14.53413,1.15,2.96,3.3635883,7,11.81381,1.45,1.5,0.32312,11,7.549571,0,-0.3,-0.3,0,0.88,1.54,0.8,1.46,0.66,4,2,0.307692308,0.561538462,0.419047619,0.733333333,0.734265734,0.765734266,1.45,1.83,1,1,1.13,1,6,7.3210005,138.44394,1,1.44,2.312855905,1.272727273,0.939448083,7,94,8,0.1473,0.81216,93,0.14784,0.79901,35,108,10,0.19779,0.60484,108,0.1953,0.60484,73,52,69,0.54867,0.21804,49,0.56231,0.21007,42,55,61,0.46178,0.25907,52,0.47342,0.24951,3.448586047,2.772458046,3.451476056,2.180894252,1.484987,0.49259,0.574722,-1.615571,-0.936727,3.383127333,4.127457,0.744329667,3.755292167,4.324268227,3.116683801,-3.705265609,-0.61855758,0.118705053,-3.782760081,-0.337445599,0.060270323,-0.565716,0.386016,2.190622
556,TaMnNO2,BA,x,1.45,1.5,0.32312,11,7.549571,0.65,3.04,-0.07,5,14.53413,0.6,3.44,1.4611053,6,13.618055,1.4,1.55,-0.52,13,7.434038,0.05,-0.85,-0.8,0.00877193,1.54,1.49,1.94,1.89,-0.05,4,2,0.946341463,0.945,0.733333333,0.726829268,1.290465632,1.300167785,1.425,1.525,2,2,1.915,0,5.8,7.4918045,117.9429625,1.035714286,0.967741935,-0.621384615,0.846153846,1.015541083,7,94,8,0.1473,0.81216,93,0.14784,0.79901,8,100,5,0.14058,0.85098,99,0.14125,0.83626,25,58,52,0.3851,0.31065,55,0.39497,0.29907,73,52,69,0.54867,0.21804,49,0.56231,0.21007,2.948236366,2.071366082,2.581504865,2.204683476,1.521641,1.087394,0.904829,-1.596115,-1.917749,6.483321,6.741401,0.25808,6.612361,2.883064812,0.973831114,-2.699970848,1.909377068,-2.282082224,-3.126486532,1.599691081,-0.009961703,-1.429161,0.386435,-0.026265
164,MnTaNO2,AB,m1,1.4,1.55,-0.52,13,7.434038,0.65,3.04,-0.07,5,14.53413,0.6,3.44,1.4611053,6,13.618055,1.45,1.5,0.32312,11,7.549571,-0.05,-0.8,-0.85,-0.00877193,1.49,1.54,1.89,1.94,0.05,4,2,0.945,0.946341463,0.726829268,0.733333333,1.300167785,1.290465632,1.425,1.525,2,2,1.915,0,5.8,7.4918045,117.9429625,0.965517241,1.033333333,-1.609309235,1.181818182,0.984696746,7,94,8,0.1473,0.81216,93,0.14784,0.79901,8,100,5,0.14058,0.85098,99,0.14125,0.83626,73,52,69,0.54867,0.21804,49,0.56231,0.21007,25,58,52,0.3851,0.31065,55,0.39497,0.29907,2.948253534,1.937716125,2.581423288,2.060801694,1.503537,0.905054,1.08125,-1.894378,-1.595464,6.736781667,6.47922,-0.257561667,6.608000833,2.688318102,0.977449758,-2.694412546,-2.281562096,1.924637132,-3.052705694,0.088076697,1.616784703,-1.429157,0.386439,-0.125369
539,MnCrCBr2,AA,x,1.4,1.55,-0.52,13,7.434038,0.7,2.55,1.262113612,4,11.260288,1.15,2.96,3.3635883,7,11.81381,1.4,1.66,0.6758412,12,6.76651,0,-0.25,-0.25,0,1,0.89,1.41,1.3,-0.11,5,0,0.552941176,0.509803922,0.476190476,0.423809524,1.161176471,1.20290813,1.4,1.605,0,1,1.355,0,6.2,7.100274,53.4670725,1,0.93373494,-0.769411513,1.083333333,1.098651742,6,88,12,0.15167,0.78879,87,0.15208,0.77673,35,108,10,0.19779,0.60484,108,0.1953,0.60484,24,54,56,0.40019,0.29894,51,0.41024,0.28794,25,58,52,0.3851,0.31065,55,0.39497,0.29907,3.251499908,2.594320495,3.231116826,2.081794846,1.283355,0.407724,0.42799,-1.157903,-0.961164,4.627965333,4.698828,0.070862667,4.663396667,2.904946785,1.887015113,-2.962591151,-1.486557388,-0.647932578,-3.32653027,1.247196238,0.036295028,-0.19349,0.388953,1.615573
550,CrMnCBr2,AA,x,1.4,1.66,0.6758412,12,6.76651,0.7,2.55,1.262113612,4,11.260288,1.15,2.96,3.3635883,7,11.81381,1.4,1.55,-0.52,13,7.434038,0,-0.25,-0.25,0,0.89,1,1.3,1.41,0.11,5,0,0.509803922,0.552941176,0.423809524,0.476190476,1.20290813,1.161176471,1.4,1.605,0,1,1.355,0,6.2,7.100274,53.4670725,1,1.070967742,-1.299694615,0.923076923,0.910206539,6,88,12,0.15167,0.78879,87,0.15208,0.77673,35,108,10,0.19779,0.60484,108,0.1953,0.60484,25,58,52,0.3851,0.31065,55,0.39497,0.29907,24,54,56,0.40019,0.29894,51,0.41024,0.28794,3.251454112,2.619058512,3.231181869,2.041997783,1.279946,0.423754,0.404459,-0.96089,-1.147267,4.697684333,4.626428333,-0.071256,4.662056333,2.961746747,1.897216095,-2.962494585,-0.647981328,-1.485654651,-3.436510975,0.778301306,0.133012781,-0.19349,0.388953,1.810749
297,WTaCO2,AA,m1,1.35,2.36,0.816268,14,7.86403,0.7,2.55,1.262113612,4,11.260288,0.6,3.44,1.4611053,6,13.618055,1.45,1.5,0.32312,11,7.549571,-0.1,-0.75,-0.85,-0.017857143,0.19,1.05,1.08,1.94,0.86,3.5,1,0.553846154,0.946341463,0.092682927,0.488372093,5.975708502,1.937746806,1.4,1.93,0,1,1.51,0.5,5.4,7.7068005,182.39394,0.931034483,1.573333333,2.526206982,1.272727273,1.041652565,6,88,12,0.15167,0.78879,87,0.15208,0.77673,8,100,5,0.14058,0.85098,99,0.14125,0.83626,73,52,69,0.54867,0.21804,49,0.56231,0.21007,74,56,66,0.52343,0.22855,53,0.5367,0.22009,3.104870087,2.127574057,2.918470999,2.133618323,1.841868,1.087037,1.169896,-2.184367,-1.914434,5.591776,5.941996667,0.350220667,5.766886333,2.895467629,0.976059772,-3.112270043,-0.387665787,0.205616475,-3.546162825,-0.552789132,-0.004514195,-1.300977,0.389484,0.09404
459,Mn2CBr2,AA,x,1.4,1.55,-0.52,13,7.434038,0.7,2.55,1.262113612,4,11.260288,1.15,2.96,3.3635883,7,11.81381,1.4,1.55,-0.52,13,7.434038,0,-0.25,-0.25,0,1,1,1.41,1.41,0,5,0,0.552941176,0.552941176,0.476190476,0.476190476,1.161176471,1.161176471,1.4,1.55,0,0,1.41,0,6.4,7.434038,54.938045,1,1,1,1,1,6,88,12,0.15167,0.78879,87,0.15208,0.77673,35,108,10,0.19779,0.60484,108,0.1953,0.60484,25,58,52,0.3851,0.31065,55,0.39497,0.29907,25,58,52,0.3851,0.31065,55,0.39497,0.29907,3.246098988,2.589583417,3.304617579,2.094302329,1.256159,0.428021,0.421645,-1.048453,-1.057369,4.873377,4.873346667,-3.03E-05,4.873361833,2.895605817,1.883265647,-2.67922647,-1.731588987,-1.731588987,-3.116486088,1.52976351,1.52976351,-0.175856,0.390276,1.414174
230,WNbCF2,AA,m2,1.35,2.36,0.816268,14,7.86403,0.7,2.55,1.262113612,4,11.260288,0.5,3.98,3.401189824,7,17.42282,1.45,1.6,0.917407,13,6.75885,-0.1,-0.85,-0.95,-0.017857143,0.19,0.95,1.62,2.38,0.76,4,0,0.875675676,1.220512821,0.092682927,0.441860465,9.448079659,2.762213225,1.4,1.98,1,1,2,1,5.8,7.31144,138.37319,0.931034483,1.475,0.889755583,1.076923077,1.163515983,6,88,12,0.15167,0.78879,87,0.15208,0.77673,9,106,3,0.13207,0.90585,106,0.1304,0.90585,41,51,65,0.48244,0.24797,48,0.49439,0.23893,74,56,66,0.52343,0.22855,53,0.5367,0.22009,3.227899312,2.349565158,2.986801389,2.070965026,1.677043,0.731857,0.757549,-1.673057,-1.493389,3.985319333,4.812881,0.827561667,4.399100167,1.72842554,2.275004637,-5.820982885,-0.242116915,0.392504152,-5.526989494,-0.025291985,0.652044437,-1.258184,0.392065,0.529557
379,NbWCF2,AA,m2,1.45,1.6,0.917407,13,6.75885,0.7,2.55,1.262113612,4,11.260288,0.5,3.98,3.401189824,7,17.42282,1.35,2.36,0.816268,14,7.86403,0.1,-0.95,-0.85,0.017857143,0.95,0.19,2.38,1.62,-0.76,4,0,1.220512821,0.875675676,0.441860465,0.092682927,2.762213225,9.448079659,1.4,1.98,1,1,2,1,5.8,7.31144,138.37319,1.074074074,0.677966102,1.123904159,0.928571429,0.859463914,6,88,12,0.15167,0.78879,87,0.15208,0.77673,9,106,3,0.13207,0.90585,106,0.1304,0.90585,74,56,66,0.52343,0.22855,53,0.5367,0.22009,41,51,65,0.48244,0.24797,48,0.49439,0.23893,3.228342688,2.296633287,2.986546784,2.18918379,1.677186,0.755621,0.738856,-1.50202,-1.66964,4.799484,3.974076333,-0.825407667,4.386780167,1.781155139,2.210089007,-5.826237893,0.385094219,-0.252829868,-5.981841097,0.638187036,0.067054957,-1.258179,0.39207,1.303217
499,ScNbCS2,AA,m1,1.6,1.36,0.1882,11,6.56149,0.7,2.55,1.262113612,4,11.260288,1,2.58,2.077104512,6,10.36001,1.45,1.6,0.917407,13,6.75885,0.15,-0.6,-0.45,0.024590164,1.19,0.95,1.22,0.98,-0.24,2.5,3,0.469230769,0.4,0.517391304,0.441860465,0.906916613,0.905263158,1.525,1.48,1,2,1.1,1.5,4.8,6.66017,68.931146,1.103448276,0.85,0.20514341,0.846153846,0.970799766,6,88,12,0.15167,0.78879,87,0.15208,0.77673,16,101,9,0.1781,0.67171,100,0.17899,0.65995,41,51,65,0.48244,0.24797,48,0.49439,0.23893,21,14,105,0.6303,0.1898,11,0.64709,0.18255,3.380522329,2.420791964,3.284027224,2.515345907,1.710576,0.961703,0.778863,-1.808638,-1.642504,5.706152,6.307913333,0.601761333,6.007032667,3.470760123,1.342173143,-1.575604848,2.698858963,0.744304302,-2.1186917,2.649073764,0.688851713,-0.912174,0.392101,0.005021
75,ScCrCF2,AA,x,1.6,1.36,0.1882,11,6.56149,0.7,2.55,1.262113612,4,11.260288,0.5,3.98,3.401189824,7,17.42282,1.4,1.66,0.6758412,12,6.76651,0.2,-1.1,-0.9,0.033333333,1.19,0.89,2.62,2.32,-0.3,3,4,1.247619048,1.221052632,0.517391304,0.423809524,2.411364546,2.881135423,1.5,1.51,0,3,2.47,2,5.4,6.664,48.476006,1.142857143,0.819277108,0.278467782,0.916666667,0.969700776,6,88,12,0.15167,0.78879,87,0.15208,0.77673,9,106,3,0.13207,0.90585,106,0.1304,0.90585,24,54,56,0.40019,0.29894,51,0.41024,0.28794,21,14,105,0.6303,0.1898,11,0.64709,0.18255,3.15518892,2.182301009,2.830398245,2.239765135,1.682483,0.782864,0.726484,-1.424068,-1.767764,6.068571333,4.552053667,-1.516517667,5.3103125,3.945184583,2.934256704,-5.225700363,1.950797512,-0.6818752,-5.210577147,2.085624265,1.790994814,-1.852693,0.394281,2.195715
291,ScHfCSe2,AA,bridge,1.6,1.36,0.1882,11,6.56149,0.7,2.55,1.262113612,4,11.260288,1.15,2.55,2.020604712,6,9.752392,1.55,1.3,0.17807,10,6.82507,0.05,-0.45,-0.4,0.007936508,1.19,1.25,1.19,1.25,0.06,1.5,1,0.432727273,0.462962963,0.517391304,0.555555556,0.836363636,0.833333333,1.575,1.33,2,1,1.22,2.5,4.6,6.69328,111.722956,1.032258065,1.046153846,1.056887741,1.1,0.961380616,6,88,12,0.15167,0.78879,87,0.15208,0.77673,34,102,14,0.21954,0.54493,101,0.22068,0.53528,72,48,71,0.57475,0.20815,45,0.58884,0.2006,21,14,105,0.6303,0.1898,11,0.64709,0.18255,3.410219344,2.708921468,3.630981749,2.408248814,1.995079,0.729127,0.742384,-1.835264,-1.631326,5.792714667,5.911127667,0.118413,5.851921167,2.164170739,1.753481702,-1.180425128,3.15830884,2.263097535,-1.304765459,3.052630449,2.129253251,-0.949851,0.394294,0.068896
492,VWNBr2,AA,m2,1.35,1.63,0.527662,13,6.746187,0.65,3.04,-0.07,5,14.53413,1.15,2.96,3.3635883,7,11.81381,1.35,2.36,0.816268,14,7.86403,0,-0.2,-0.2,0,1.41,0.68,1.33,0.6,-0.73,3.5,1,0.532,0.24,0.705,0.34,0.754609929,0.705882353,1.35,1.995,2,1,0.965,1.5,6,7.3051085,117.39075,1,0.690677966,0.646432299,0.928571429,0.85785367,7,94,8,0.1473,0.81216,93,0.14784,0.79901,35,108,10,0.19779,0.60484,108,0.1953,0.60484,74,56,66,0.52343,0.22855,53,0.5367,0.22009,23,50,60,0.41533,0.28804,47,0.42558,0.27756,3.370961346,2.638954436,3.326603589,2.221466523,1.463977,0.534087,0.493349,-1.309731,-1.181683,3.613679333,3.97715,0.363470667,3.795414667,4.318857729,3.174022602,-3.840447736,0.26087133,-0.830523379,-3.965667458,0.513559679,-0.570002044,-0.426149,0.3954,2.18659
526,W2CF2,AA,bridge,1.35,2.36,0.816268,14,7.86403,0.7,2.55,1.262113612,4,11.260288,0.5,3.98,3.401189824,7,17.42282,1.35,2.36,0.816268,14,7.86403,0,-0.85,-0.85,0,0.19,0.19,1.62,1.62,0,4,0,0.875675676,0.875675676,0.092682927,0.092682927,9.448079659,9.448079659,1.35,2.36,0,0,1.62,1,6,7.86403,183.84,1,1,1,1,1,6,88,12,0.15167,0.78879,87,0.15208,0.77673,9,106,3,0.13207,0.90585,106,0.1304,0.90585,74,56,66,0.52343,0.22855,53,0.5367,0.22009,74,56,66,0.52343,0.22855,53,0.5367,0.22009,3.29298375,2.340402149,2.979171085,2.115940059,1.494272,0.735563,0.732237,-1.48829,-1.473782,4.440563667,4.440339333,-0.000224333,4.4404515,1.730030008,2.285240392,-5.820320918,-0.384997216,-0.384997216,-5.482072414,-0.09660136,-0.09660136,-0.767563,0.396075,0.105485
176,YCrCCl2,AA,x,1.8,1.22,0.30712,11,6.21726,0.7,2.55,1.262113612,4,11.260288,1,3.16,3.61272528,7,12.967633,1.4,1.66,0.6758412,12,6.76651,0.4,-0.8,-0.4,0.0625,1.33,0.89,1.94,1.5,-0.44,3,4,0.692857143,0.625,0.532,0.423809524,1.30236305,1.474719101,1.6,1.44,1,3,1.72,2,5.4,6.491885,70.450975,1.285714286,0.734939759,0.454426276,0.916666667,0.91882817,6,88,12,0.15167,0.78879,87,0.15208,0.77673,17,107,6,0.16265,0.73553,107,0.1606,0.73553,24,54,56,0.40019,0.29894,51,0.41024,0.28794,39,15,108,0.74258,0.1611,12,0.76224,0.15497,3.463817578,2.722451512,3.200408173,2.423993266,1.652092,0.708198,0.572946,-1.187836,-1.745399,5.558941,5.222256,-0.336685,5.3905985,4.84525377,3.256770337,-3.482430534,2.203043616,-0.718461614,-3.479196433,2.406341719,1.274678173,-0.965476,0.396151,2.198798
245,TaMoCF2,AA,bridge,1.45,1.5,0.32312,11,7.549571,0.7,2.55,1.262113612,4,11.260288,0.5,3.98,3.401189824,7,17.42282,1.45,2.16,0.74733,14,7.09243,0,-0.95,-0.95,0,1.05,0.39,2.48,1.82,-0.66,4,2,1.271794872,0.933333333,0.488372093,0.181395349,2.604151404,5.145299145,1.45,1.83,1,1,2.15,1,5.8,7.3210005,138.44394,1,0.694444444,0.432365889,0.785714286,1.064454778,6,88,12,0.15167,0.78879,87,0.15208,0.77673,9,106,3,0.13207,0.90585,106,0.1304,0.90585,42,55,61,0.46178,0.25907,52,0.47342,0.24951,73,52,69,0.54867,0.21804,49,0.56231,0.21007,3.227150447,2.319029724,2.992901388,2.145790365,1.66991,0.760738,0.725605,-1.350057,-1.806194,5.252714,3.671874333,-1.580839667,4.462294167,1.78747644,2.226507796,-5.655587535,0.779529304,-0.292761333,-5.359605379,1.046802604,-0.196510351,-1.322864,0.398681,0.7393
293,ScTaCO2,AA,m1,1.6,1.36,0.1882,11,6.56149,0.7,2.55,1.262113612,4,11.260288,0.6,3.44,1.4611053,6,13.618055,1.45,1.5,0.32312,11,7.549571,0.15,-1,-0.85,0.024590164,1.19,1.05,2.08,1.94,-0.14,2,2,0.945454545,0.946341463,0.517391304,0.488372093,1.827349121,1.937746806,1.525,1.43,2,2,2.01,2,4.8,7.0555305,112.951896,1.103448276,0.906666667,0.58244615,1,0.869120908,6,88,12,0.15167,0.78879,87,0.15208,0.77673,8,100,5,0.14058,0.85098,99,0.14125,0.83626,73,52,69,0.54867,0.21804,49,0.56231,0.21007,21,14,105,0.6303,0.1898,11,0.64709,0.18255,3.190672289,1.999020255,2.846022127,2.490402662,1.78635,1.239538,1.184552,-2.336508,-1.873932,6.091993667,6.525622333,0.433628667,6.308808,2.78714512,0.973222229,-2.175615645,3.618022671,0.871843027,-3.434560499,2.686945325,0.255568879,-1.981291,0.404968,0.178887
153,YHfNS2,AA,m1,1.8,1.22,0.30712,11,6.21726,0.65,3.04,-0.07,5,14.53413,1,2.58,2.077104512,6,10.36001,1.55,1.3,0.17807,10,6.82507,0.25,-0.8,-0.55,0.037313433,1.82,1.74,1.36,1.28,-0.08,1.5,1,0.485714286,0.501960784,0.742857143,0.790909091,0.653846154,0.634663061,1.675,1.26,1,1,1.32,2.5,4.8,6.521165,133.697925,1.161290323,0.938461538,1.724715,1.1,0.910944503,7,94,8,0.1473,0.81216,93,0.14784,0.79901,16,101,9,0.1781,0.67171,100,0.17899,0.65995,72,48,71,0.57475,0.20815,45,0.58884,0.2006,39,15,108,0.74258,0.1611,12,0.76224,0.15497,3.546970868,2.543846794,3.318383712,2.661603556,1.798061,1.087346,1.015876,-2.118696,-1.782588,6.076131,6.59578,0.519649,6.3359555,3.632763825,1.342729099,-1.344420142,3.230097145,2.209715707,-2.114200847,2.772396286,1.835628188,-1.51894,0.412179,0.265945
460,HfMnNF2,BA,m1,1.55,1.3,0.17807,10,6.82507,0.65,3.04,-0.07,5,14.53413,0.5,3.98,3.401189824,7,17.42282,1.4,1.55,-0.52,13,7.434038,0.15,-1.05,-0.9,0.025423729,1.74,1.49,2.68,2.43,-0.25,3.5,3,1.307317073,1.278947368,0.790909091,0.726829268,1.652929633,1.759625574,1.475,1.425,2,3,2.555,1.5,6,7.129554,116.7140225,1.107142857,0.838709677,-0.342442308,0.769230769,0.918083819,7,94,8,0.1473,0.81216,93,0.14784,0.79901,9,106,3,0.13207,0.90585,106,0.1304,0.90585,25,58,52,0.3851,0.31065,55,0.39497,0.29907,72,48,71,0.57475,0.20815,45,0.58884,0.2006,3.142607763,2.297731555,2.610328165,2.175595639,1.601851,0.770256,0.697044,-1.258228,-1.810924,5.602749333,3.982257,-1.620492333,4.792503167,4.032134428,2.894090373,-5.761988357,1.369396756,-2.374204574,-5.638181155,1.442969949,0.943958935,-1.894226,0.412277,2.86991
301,MoYCCl2,AA,m2,1.45,2.16,0.74733,14,7.09243,0.7,2.55,1.262113612,4,11.260288,1,3.16,3.61272528,7,12.967633,1.8,1.22,0.30712,11,6.21726,-0.35,-0.45,-0.8,-0.053846154,0.39,1.33,1,1.94,0.94,3,4,0.408163265,0.692857143,0.181395349,0.532,2.250130822,1.30236305,1.625,1.69,0,3,1.47,2,5.4,6.654845,92.422925,0.805555556,1.770491803,2.433348528,1.272727273,1.140764581,6,88,12,0.15167,0.78879,87,0.15208,0.77673,17,107,6,0.16265,0.73553,107,0.1606,0.73553,39,15,108,0.74258,0.1611,12,0.76224,0.15497,42,55,61,0.46178,0.25907,52,0.47342,0.24951,3.429123666,2.622891273,3.281324674,2.173249198,1.634989,0.563589,0.707082,-1.667852,-1.237809,5.029706667,4.80264,-0.227066667,4.916173333,4.275602387,3.228014947,-3.47601673,-0.18448085,3.203757761,-3.555307006,-0.125742116,3.167674638,-0.953487,0.413066,2.175968
106,NbHfCO2,AA,m1,1.45,1.6,0.917407,13,6.75885,0.7,2.55,1.262113612,4,11.260288,0.6,3.44,1.4611053,6,13.618055,1.55,1.3,0.17807,10,6.82507,-0.1,-0.85,-0.95,-0.016666667,0.95,1.25,1.84,2.14,0.3,3,2,0.897560976,0.995348837,0.441860465,0.555555556,2.031322208,1.791627907,1.5,1.45,1,1,1.99,1,5,6.79196,135.69819,0.935483871,1.230769231,5.151945864,1.3,0.990297535,6,88,12,0.15167,0.78879,87,0.15208,0.77673,8,100,5,0.14058,0.85098,99,0.14125,0.83626,72,48,71,0.57475,0.20815,45,0.58884,0.2006,41,51,65,0.48244,0.24797,48,0.49439,0.23893,3.176798578,2.113544922,2.962910017,2.234725559,1.891509,1.145134,1.232346,-2.201121,-2.067869,5.306590667,5.601161,0.294570333,5.453875833,2.91413601,0.973101161,-2.858654014,0.998413777,1.611398381,-3.376715602,0.971156606,1.657278378,-1.963548,0.413861,0.233171
209,ZrYNS2,AA,m1,1.55,1.33,0.433289,12,6.634126,0.65,3.04,-0.07,5,14.53413,1,2.58,2.077104512,6,10.36001,1.8,1.22,0.30712,11,6.21726,-0.25,-0.55,-0.8,-0.037313433,1.71,1.82,1.25,1.36,0.11,1.5,1,0.490196078,0.485714286,0.777272727,0.742857143,0.630661621,0.653846154,1.675,1.275,0,1,1.305,2.5,4.8,6.425693,90.064925,0.861111111,1.090163934,1.410813363,1.090909091,1.067049794,7,94,8,0.1473,0.81216,93,0.14784,0.79901,16,101,9,0.1781,0.67171,100,0.17899,0.65995,39,15,108,0.74258,0.1611,12,0.76224,0.15497,40,47,68,0.50364,0.23753,44,0.51595,0.22894,3.570445103,2.562334717,3.355016462,2.348457866,1.78663,1.002027,1.084083,-1.781238,-2.091503,6.58451,6.077701,-0.506809,6.3311055,3.590969801,1.348900751,-1.243994627,1.963350019,2.607583637,-2.124261018,1.368902075,1.885589912,-1.500721,0.415157,0.809388
39,MnHfNF2,BA,m1,1.4,1.55,-0.52,13,7.434038,0.65,3.04,-0.07,5,14.53413,0.5,3.98,3.401189824,7,17.42282,1.55,1.3,0.17807,10,6.82507,-0.15,-0.9,-1.05,-0.025423729,1.49,1.74,2.43,2.68,0.25,3.5,3,1.278947368,1.307317073,0.726829268,0.790909091,1.759625574,1.652929633,1.475,1.425,2,3,2.555,1.5,6,7.129554,116.7140225,0.903225806,1.192307692,-2.920199921,1.3,1.089225165,7,94,8,0.1473,0.81216,93,0.14784,0.79901,9,106,3,0.13207,0.90585,106,0.1304,0.90585,72,48,71,0.57475,0.20815,45,0.58884,0.2006,25,58,52,0.3851,0.31065,55,0.39497,0.29907,3.256824678,2.174650083,2.62991374,2.428864924,1.714391,0.792357,0.760253,-2.077464,-1.189533,3.074969667,5.215381333,2.140411667,4.1451755,3.74737101,2.869964968,-6.042224762,1.104674698,-0.117436653,-6.123091994,1.094063866,-0.049787794,-1.891186,0.415317,2.193854
62,TaCrCO2,AA,m1,1.45,1.5,0.32312,11,7.549571,0.7,2.55,1.262113612,4,11.260288,0.6,3.44,1.4611053,6,13.618055,1.4,1.66,0.6758412,12,6.76651,0.05,-0.85,-0.8,0.00877193,1.05,0.89,1.94,1.78,-0.16,4,2,0.946341463,0.89,0.488372093,0.423809524,1.937746806,2.1,1.425,1.58,2,1,1.86,0,5.4,7.1580405,116.47199,1.035714286,0.903614458,0.478100477,0.916666667,1.11572598,6,88,12,0.15167,0.78879,87,0.15208,0.77673,8,100,5,0.14058,0.85098,99,0.14125,0.83626,24,54,56,0.40019,0.29894,51,0.41024,0.28794,73,52,69,0.54867,0.21804,49,0.56231,0.21007,3.056005953,2.092217227,2.732933793,2.15701986,1.678736,1.155292,0.962621,-1.580784,-2.215865,6.538616333,5.525187,-1.013429333,6.031901667,2.948598718,0.97659664,-2.865463694,0.270485208,-0.9665223,-3.042422265,0.421777159,0.989958076,-1.270963,0.417657,0.660419
491,WMnNCl2,AB,m2,1.35,2.36,0.816268,14,7.86403,0.65,3.04,-0.07,5,14.53413,1,3.16,3.61272528,7,12.967633,1.4,1.55,-0.52,13,7.434038,-0.05,-0.35,-0.4,-0.009090909,0.68,1.49,0.8,1.61,0.81,4.5,1,0.340425532,0.670833333,0.34,0.726829268,1.001251564,0.922958613,1.375,1.955,2,1,1.205,0.5,6.4,7.649034,119.3890225,0.964285714,1.522580645,-1.569746154,1.076923077,1.057840974,7,94,8,0.1473,0.81216,93,0.14784,0.79901,17,107,6,0.16265,0.73553,107,0.1606,0.73553,25,58,52,0.3851,0.31065,55,0.39497,0.29907,74,56,66,0.52343,0.22855,53,0.5367,0.22009,3.409354283,2.700444997,2.922952725,1.992973604,1.324569,0.535162,0.599883,-0.961243,-1.498372,4.956381,4.322723,-0.633658,4.639552,4.345325093,3.182401482,-3.865164958,-0.252614945,-2.502455117,-4.023365553,-0.059639937,1.498440242,-0.405696,0.420508,2.185973
264,YTiNSe2,AA,bridge,1.8,1.22,0.30712,11,6.21726,0.65,3.04,-0.07,5,14.53413,1.15,2.55,2.020604712,6,9.752392,1.4,1.54,0.075545,12,6.82812,0.4,-0.65,-0.25,0.0625,1.82,1.5,1.33,1.01,-0.32,1.5,1,0.450847458,0.396078431,0.742857143,0.731707317,0.606910039,0.54130719,1.6,1.38,1,1,1.17,2.5,4.8,6.52269,68.386425,1.285714286,0.792207792,4.065391489,0.916666667,0.9105376,7,94,8,0.1473,0.81216,93,0.14784,0.79901,34,102,14,0.21954,0.54493,101,0.22068,0.53528,22,46,64,0.43051,0.27789,43,0.441,0.26786,39,15,108,0.74258,0.1611,12,0.76224,0.15497,3.403148646,2.835406831,3.398717308,2.408864124,1.790479,0.75306,0.744037,-1.61652,-1.671055,5.413266667,5.736981667,0.323715,5.575124167,2.32392564,1.749152582,-1.545442169,1.714345946,1.181939513,-1.635375458,1.564119377,1.197850692,-1.209,0.423964,0.075642
181,ScWNCl2,AA,m2,1.6,1.36,0.1882,11,6.56149,0.65,3.04,-0.07,5,14.53413,1,3.16,3.61272528,7,12.967633,1.35,2.36,0.816268,14,7.86403,0.25,-0.6,-0.35,0.042372881,1.68,0.68,1.8,0.8,-1,2.5,3,0.692307692,0.340425532,0.746666667,0.34,0.927197802,1.001251564,1.475,1.86,2,3,1.3,2.5,5.6,7.21276,114.397956,1.185185185,0.576271186,0.230561531,0.785714286,0.834367366,7,94,8,0.1473,0.81216,93,0.14784,0.79901,17,107,6,0.16265,0.73553,107,0.1606,0.73553,74,56,66,0.52343,0.22855,53,0.5367,0.22009,21,14,105,0.6303,0.1898,11,0.64709,0.18255,3.255155647,2.55988079,3.425490697,2.190766749,1.681443,0.679405,0.585546,-1.301657,-1.644737,4.044145667,4.48667,0.442524333,4.265407833,4.261752304,3.198162861,-4.191801376,2.01762574,-0.20063139,-4.531862549,1.729087844,-0.481219884,-1.086541,0.424345,2.064882
53,CrTiCO2,AA,m1,1.4,1.66,0.6758412,12,6.76651,0.7,2.55,1.262113612,4,11.260288,0.6,3.44,1.4611053,6,13.618055,1.4,1.54,0.075545,12,6.82812,0,-0.8,-0.8,0,0.89,1.01,1.78,1.9,0.12,3.5,3,0.89,0.95,0.423809524,0.480952381,2.1,1.975247525,1.4,1.6,0,2,1.84,0.5,5.2,6.797315,49.93155,1,1.077922078,8.946206897,1,0.990977019,6,88,12,0.15167,0.78879,87,0.15208,0.77673,8,100,5,0.14058,0.85098,99,0.14125,0.83626,22,46,64,0.43051,0.27789,43,0.441,0.26786,24,54,56,0.40019,0.29894,51,0.41024,0.28794,2.978557764,1.941880274,2.715093684,2.096419607,1.50148,0.949109,1.099738,-1.946361,-1.603965,6.010387667,6.449838667,0.439451,6.230113167,2.742337085,0.973386677,-2.766708698,-0.980102062,0.852371314,-3.268290271,0.849119161,1.007652906,-1.464657,0.424425,-0.418171
228,YVNCl2,AA,m2,1.8,1.22,0.30712,11,6.21726,0.65,3.04,-0.07,5,14.53413,1,3.16,3.61272528,7,12.967633,1.35,1.63,0.527662,13,6.746187,0.45,-0.8,-0.35,0.071428571,1.82,1.41,1.94,1.53,-0.41,2,2,0.692857143,0.65106383,0.742857143,0.705,0.932692308,0.923494794,1.575,1.425,1,2,1.735,3,5.4,6.4817235,69.923675,1.333333333,0.748466258,0.58203926,0.846153846,0.921596155,7,94,8,0.1473,0.81216,93,0.14784,0.79901,17,107,6,0.16265,0.73553,107,0.1606,0.73553,23,50,60,0.41533,0.28804,47,0.42558,0.27756,39,15,108,0.74258,0.1611,12,0.76224,0.15497,3.365581515,2.700944043,3.160498698,2.357349501,1.734935,0.706892,0.622261,-1.385816,-1.678272,4.733848667,4.877168333,0.143319667,4.8055085,4.467518055,3.252330202,-3.639380105,2.976835992,-0.042506557,-3.685367932,2.967712662,0.959421991,-1.425883,0.424428,2.17559
427,VYNCl2,AA,m1,1.35,1.63,0.527662,13,6.746187,0.65,3.04,-0.07,5,14.53413,1,3.16,3.61272528,7,12.967633,1.8,1.22,0.30712,11,6.21726,-0.45,-0.35,-0.8,-0.071428571,1.41,1.82,1.53,1.94,0.41,2,2,0.65106383,0.692857143,0.705,0.742857143,0.923494794,0.932692308,1.575,1.425,1,2,1.735,3,5.4,6.4817235,69.923675,0.75,1.336065574,1.718097161,1.181818182,1.085073971,7,94,8,0.1473,0.81216,93,0.14784,0.79901,17,107,6,0.16265,0.73553,107,0.1606,0.73553,39,15,108,0.74258,0.1611,12,0.76224,0.15497,23,50,60,0.41533,0.28804,47,0.42558,0.27756,3.365852635,2.500174867,3.160579126,2.149837824,1.737376,0.601049,0.707848,-1.678656,-1.367618,4.876434,4.732264333,-0.144169667,4.804349167,3.811593921,1.32468006,-3.638136695,-0.041830833,2.971270306,-4.184060042,1.217266367,2.688833494,-1.425882,0.424429,1.994146
452,VScCSe2,AA,bridge,1.35,1.63,0.527662,13,6.746187,0.7,2.55,1.262113612,4,11.260288,1.15,2.55,2.020604712,6,9.752392,1.6,1.36,0.1882,11,6.56149,-0.25,-0.2,-0.45,-0.042372881,0.92,1.19,0.92,1.19,0.27,2,2,0.368,0.432727273,0.448780488,0.517391304,0.82,0.836363636,1.475,1.495,0,2,1.055,2,4.8,6.6538385,47.948706,0.84375,1.198529412,2.803730074,1.181818182,1.028148637,6,88,12,0.15167,0.78879,87,0.15208,0.77673,34,102,14,0.21954,0.54493,101,0.22068,0.53528,21,14,105,0.6303,0.1898,11,0.64709,0.18255,23,50,60,0.41533,0.28804,47,0.42558,0.27756,3.213302626,2.511765185,3.302085516,2.126031546,1.755743,0.517175,0.629382,-1.548213,-1.354088,5.399912667,5.053981333,-0.345931333,5.226947,1.885342381,1.73553803,-1.899206292,0.416636943,2.06104882,-2.021124975,0.346097504,1.972442682,-0.691711,0.424808,1.042432
244,TaYNCl2,AA,m2,1.45,1.5,0.32312,11,7.549571,0.65,3.04,-0.07,5,14.53413,1,3.16,3.61272528,7,12.967633,1.8,1.22,0.30712,11,6.21726,-0.35,-0.45,-0.8,-0.053846154,1.54,1.82,1.66,1.94,0.28,2,2,0.67755102,0.692857143,0.733333333,0.742857143,0.92393321,0.932692308,1.625,1.36,1,2,1.8,3,5.4,6.8834155,134.926865,0.805555556,1.229508197,1.0520969,1,1.214292309,7,94,8,0.1473,0.81216,93,0.14784,0.79901,17,107,6,0.16265,0.73553,107,0.1606,0.73553,39,15,108,0.74258,0.1611,12,0.76224,0.15497,73,52,69,0.54867,0.21804,49,0.56231,0.21007,3.431112161,2.620722639,3.334121801,2.20393989,1.799619,0.659119,0.716524,-1.630773,-1.544489,4.468918333,3.470848667,-0.998069667,3.9698835,1.72225621,2.182565506,-4.765964963,0.282925438,1.066260541,-4.936672537,0.272955922,0.900128063,-1.411739,0.426129,1.763811
393,MnVNCl2,AB,x,1.4,1.55,-0.52,13,7.434038,0.65,3.04,-0.07,5,14.53413,1,3.16,3.61272528,7,12.967633,1.35,1.63,0.527662,13,6.746187,0.05,-0.4,-0.35,0.009090909,1.49,1.41,1.61,1.53,-0.08,4,2,0.670833333,0.65106383,0.726829268,0.705,0.922958613,0.923494794,1.375,1.59,0,2,1.57,1,6.2,7.0901125,52.9397725,1.037037037,0.950920245,-0.985479341,1,1.101961449,7,94,8,0.1473,0.81216,93,0.14784,0.79901,17,107,6,0.16265,0.73553,107,0.1606,0.73553,23,50,60,0.41533,0.28804,47,0.42558,0.27756,25,58,52,0.3851,0.31065,55,0.39497,0.29907,3.149043799,2.458652878,2.736493823,2.12582653,1.559864,0.554705,0.556925,-1.468254,-1.203242,5.148288667,5.469177,0.320888333,5.308732833,2.739723668,1.775667404,-3.283127757,-2.179185067,0.465422867,-4.119372721,2.343789183,0.184173864,-0.720602,0.426904,1.436249
238,CrWNF2,AA,m2,1.4,1.66,0.6758412,12,6.76651,0.65,3.04,-0.07,5,14.53413,0.5,3.98,3.401189824,7,17.42282,1.35,2.36,0.816268,14,7.86403,0.05,-0.9,-0.85,0.009090909,1.38,0.68,2.32,1.62,-0.7,4.5,1,1.221052632,0.875675676,0.673170732,0.34,1.813882532,2.575516693,1.375,2.01,2,0,1.97,0.5,6.2,7.31527,117.91805,1.037037037,0.703389831,0.827964835,0.857142857,0.860437969,7,94,8,0.1473,0.81216,93,0.14784,0.79901,9,106,3,0.13207,0.90585,106,0.1304,0.90585,74,56,66,0.52343,0.22855,53,0.5367,0.22009,24,54,56,0.40019,0.29894,51,0.41024,0.28794,2.916471662,2.082406145,2.909455108,2.037637304,1.54111,0.714128,0.678538,-1.486469,-1.447307,5.414188333,5.058030667,-0.356157667,5.2361095,3.844576259,2.930856638,-5.620528873,-1.308398862,-0.026580099,-5.521460164,-0.141540581,0.000924187,-1.069242,0.427059,1.360011
404,WCrNF2,AA,m2,1.35,2.36,0.816268,14,7.86403,0.65,3.04,-0.07,5,14.53413,0.5,3.98,3.401189824,7,17.42282,1.4,1.66,0.6758412,12,6.76651,-0.05,-0.85,-0.9,-0.009090909,0.68,1.38,1.62,2.32,0.7,4.5,1,0.875675676,1.221052632,0.34,0.673170732,2.575516693,1.813882532,1.375,2.01,2,0,1.97,0.5,6.2,7.31527,117.91805,0.964285714,1.421686747,1.207780763,1.166666667,1.162198829,7,94,8,0.1473,0.81216,93,0.14784,0.79901,9,106,3,0.13207,0.90585,106,0.1304,0.90585,24,54,56,0.40019,0.29894,51,0.41024,0.28794,74,56,66,0.52343,0.22855,53,0.5367,0.22009,2.916286843,2.297106022,2.909915845,2.161544481,1.532014,0.673653,0.71007,-1.447176,-1.468562,5.370593667,5.461526,0.090932333,5.416059833,4.099558773,2.895571198,-5.631532791,-0.031237969,-1.31229524,-5.793059392,0.182733093,-0.439556268,-1.069239,0.427061,1.932029
355,MnScCF2,AA,m2,1.4,1.55,-0.52,13,7.434038,0.7,2.55,1.262113612,4,11.260288,0.5,3.98,3.401189824,7,17.42282,1.6,1.36,0.1882,11,6.56149,-0.2,-0.9,-1.1,-0.033333333,1,1.19,2.43,2.62,0.19,3,4,1.278947368,1.247619048,0.476190476,0.517391304,2.685789474,2.411364546,1.5,1.455,0,4,2.525,2,5.6,6.997764,49.9469785,0.875,1.139705882,-2.763018066,1.181818182,1.132980162,6,88,12,0.15167,0.78879,87,0.15208,0.77673,9,106,3,0.13207,0.90585,106,0.1304,0.90585,21,14,105,0.6303,0.1898,11,0.64709,0.18255,25,58,52,0.3851,0.31065,55,0.39497,0.29907,3.079018937,2.141111772,2.771788844,2.007750271,1.520038,0.690609,0.774701,-1.714875,-1.270472,4.553263,6.108572333,1.555309333,5.330917667,3.435280419,2.85883115,-5.300052916,-1.821976969,1.939201767,-5.519162482,0.241124675,1.811147971,-1.788056,0.42837,2.199717
2,MoYNCl2,AA,x,1.45,2.16,0.74733,14,7.09243,0.65,3.04,-0.07,5,14.53413,1,3.16,3.61272528,7,12.967633,1.8,1.22,0.30712,11,6.21726,-0.35,-0.45,-0.8,-0.053846154,0.88,1.82,1,1.94,0.94,3,4,0.408163265,0.692857143,0.419047619,0.742857143,0.974025974,0.932692308,1.625,1.69,0,3,1.47,2,5.6,6.654845,92.422925,0.805555556,1.770491803,2.433348528,1.272727273,1.140764581,7,94,8,0.1473,0.81216,93,0.14784,0.79901,17,107,6,0.16265,0.73553,107,0.1606,0.73553,39,15,108,0.74258,0.1611,12,0.76224,0.15497,42,55,61,0.46178,0.25907,52,0.47342,0.24951,3.428190857,2.613090824,3.283280827,2.179915804,1.603352,0.575278,0.711916,-1.693951,-1.196595,4.821782667,4.723835333,-0.097947333,4.772809,4.373284261,2.98830747,-3.760896045,-0.531587867,2.844860342,-3.797177815,0.499219804,2.905967327,-1.178922,0.432196,2.2093
197,TiYNO2,AA,m1,1.4,1.54,0.075545,12,6.82812,0.65,3.04,-0.07,5,14.53413,0.6,3.44,1.4611053,6,13.618055,1.8,1.22,0.30712,11,6.21726,-0.4,-0.8,-1.2,-0.0625,1.5,1.82,1.9,2.22,0.32,1.5,1,0.95,0.925,0.731707317,0.742857143,1.298333333,1.245192308,1.6,1.38,1,1,2.06,2.5,4.8,6.52269,68.386425,0.777777778,1.262295082,0.245978771,1.090909091,1.098252285,7,94,8,0.1473,0.81216,93,0.14784,0.79901,8,100,5,0.14058,0.85098,99,0.14125,0.83626,39,15,108,0.74258,0.1611,12,0.76224,0.15497,22,46,64,0.43051,0.27789,43,0.441,0.26786,3.238584267,2.041049105,2.709751012,2.19142731,1.625791,1.147829,1.286164,-1.970495,-2.089287,7.348498333,6.340094333,-1.008404,6.844296333,2.839861593,0.974884984,-1.581987852,1.352348118,2.906991202,-3.015304595,0.730334851,1.730795686,-2.389593,0.43328,0.211606
90,VYNBr2,AA,bridge,1.35,1.63,0.527662,13,6.746187,0.65,3.04,-0.07,5,14.53413,1.15,2.96,3.3635883,7,11.81381,1.8,1.22,0.30712,11,6.21726,-0.45,-0.2,-0.65,-0.071428571,1.41,1.82,1.33,1.74,0.41,2,2,0.532,0.589830508,0.705,0.742857143,0.754609929,0.794002608,1.575,1.425,1,2,1.535,3,5.4,6.4817235,69.923675,0.75,1.336065574,1.718097161,1.181818182,1.085073971,7,94,8,0.1473,0.81216,93,0.14784,0.79901,35,108,10,0.19779,0.60484,108,0.1953,0.60484,39,15,108,0.74258,0.1611,12,0.76224,0.15497,23,50,60,0.41533,0.28804,47,0.42558,0.27756,3.470316502,2.643158142,3.296127715,2.193722174,1.73875,0.531457,0.67552,-1.667714,-1.278013,4.665070667,4.486200333,-0.178870333,4.5756355,2.516239399,1.709567495,-3.06629465,-0.029021355,2.884562939,-3.321755461,1.322793951,2.751612459,-1.235675,0.436811,1.88821
567,MoYCBr2,AA,x,1.45,2.16,0.74733,14,7.09243,0.7,2.55,1.262113612,4,11.260288,1.15,2.96,3.3635883,7,11.81381,1.8,1.22,0.30712,11,6.21726,-0.35,-0.3,-0.65,-0.053846154,0.39,1.33,0.8,1.74,0.94,3,4,0.307692308,0.589830508,0.181395349,0.532,1.696252465,1.108703963,1.625,1.69,0,3,1.27,2,5.4,6.654845,92.422925,0.805555556,1.770491803,2.433348528,1.272727273,1.140764581,6,88,12,0.15167,0.78879,87,0.15208,0.77673,35,108,10,0.19779,0.60484,108,0.1953,0.60484,39,15,108,0.74258,0.1611,12,0.76224,0.15497,42,55,61,0.46178,0.25907,52,0.47342,0.24951,3.505131234,2.7574861,3.379767222,2.188750911,1.620859,0.472726,0.667833,-1.640619,-1.1208,4.737599667,4.490828667,-0.246771,4.614214167,3.283619931,2.077250225,-2.945672443,-0.185409483,3.070660199,-3.565842151,-0.080797418,2.469987229,-0.765315,0.437163,2.005849
9,YMoCBr2,AA,bridge,1.8,1.22,0.30712,11,6.21726,0.7,2.55,1.262113612,4,11.260288,1.15,2.96,3.3635883,7,11.81381,1.45,2.16,0.74733,14,7.09243,0.35,-0.65,-0.3,0.053846154,1.33,0.39,1.74,0.8,-0.94,3,4,0.589830508,0.307692308,0.532,0.181395349,1.108703963,1.696252465,1.625,1.69,0,3,1.27,2,5.4,6.654845,92.422925,1.24137931,0.564814815,0.410956338,0.785714286,0.876605056,6,88,12,0.15167,0.78879,87,0.15208,0.77673,35,108,10,0.19779,0.60484,108,0.1953,0.60484,42,55,61,0.46178,0.25907,52,0.47342,0.24951,39,15,108,0.74258,0.1611,12,0.76224,0.15497,3.503829419,2.858277501,3.381129732,2.498184865,1.613801,0.673362,0.469476,-1.117905,-1.638734,4.490681667,4.743845667,0.253164,4.617263667,2.627268303,1.710888387,-2.943513689,3.067083412,-0.183242911,-3.275440181,2.468087288,-0.249388175,-0.765313,0.437165,2.031582
219,VHfNF2,AA,m2,1.35,1.63,0.527662,13,6.746187,0.65,3.04,-0.07,5,14.53413,0.5,3.98,3.401189824,7,17.42282,1.55,1.3,0.17807,10,6.82507,-0.2,-0.85,-1.05,-0.034482759,1.41,1.74,2.35,2.68,0.33,2.5,1,1.27027027,1.307317073,0.705,0.790909091,1.801801802,1.652929633,1.45,1.465,2,1,2.515,2.5,5.6,6.7856285,114.71575,0.870967742,1.253846154,2.963227944,1.3,0.98844217,7,94,8,0.1473,0.81216,93,0.14784,0.79901,9,106,3,0.13207,0.90585,106,0.1304,0.90585,72,48,71,0.57475,0.20815,45,0.58884,0.2006,23,50,60,0.41533,0.28804,47,0.42558,0.27756,3.163604359,2.173556058,2.799074235,2.055472121,1.783764,0.752502,0.777541,-1.841922,-1.471884,3.357785667,5.103517,1.745731333,4.230651333,1.621234683,2.166613938,-6.316349459,-0.213503804,0.225505638,-6.443229975,0.679718047,0.12953811,-2.109368,0.437366,1.524172
304,YMoNS2,AB,bridge,1.8,1.22,0.30712,11,6.21726,0.65,3.04,-0.07,5,14.53413,1,2.58,2.077104512,6,10.36001,1.45,2.16,0.74733,14,7.09243,0.35,-0.8,-0.45,0.053846154,1.82,0.88,1.36,0.42,-0.94,3,4,0.485714286,0.171428571,0.742857143,0.419047619,0.653846154,0.409090909,1.625,1.69,0,3,0.89,1,5.2,6.654845,92.422925,1.24137931,0.564814815,0.410956338,0.785714286,0.876605056,7,94,8,0.1473,0.81216,93,0.14784,0.79901,16,101,9,0.1781,0.67171,100,0.17899,0.65995,42,55,61,0.46178,0.25907,52,0.47342,0.24951,39,15,108,0.74258,0.1611,12,0.76224,0.15497,3.316309107,2.570654831,2.72762905,2.451053892,1.510424,0.93518,0.595198,-1.330193,-1.71061,4.915371333,6.605504333,1.690133,5.760437833,2.252278057,1.634427649,-1.954757236,1.547689635,-0.765658672,-2.249905184,1.205509337,-0.871751374,-0.879243,0.437547,-0.389345
6,NbMnNBr2,BA,m1,1.45,1.6,0.917407,13,6.75885,0.65,3.04,-0.07,5,14.53413,1.15,2.96,3.3635883,7,11.81381,1.4,1.55,-0.52,13,7.434038,0.05,-0.3,-0.25,0.00877193,1.44,1.49,1.36,1.41,0.05,4.5,1,0.523076923,0.552941176,0.685714286,0.726829268,0.762820513,0.760757994,1.425,1.575,1,2,1.385,0.5,6.2,7.096444,73.9222125,1.035714286,1.032258065,-1.764244231,1,0.909176144,7,94,8,0.1473,0.81216,93,0.14784,0.79901,35,108,10,0.19779,0.60484,108,0.1953,0.60484,25,58,52,0.3851,0.31065,55,0.39497,0.29907,41,51,65,0.48244,0.24797,48,0.49439,0.23893,3.333894864,2.793201851,3.017626572,2.166105728,1.564705,0.489344,0.518915,-1.061871,-1.511095,5.180362333,4.091819333,-1.088543,4.636090833,3.745870206,2.351799622,-3.0696675,0.444501881,-2.067120141,-3.351042547,0.351739245,1.515683216,-0.574458,0.437668,1.916734
369,YZrNSe2,AA,bridge,1.8,1.22,0.30712,11,6.21726,0.65,3.04,-0.07,5,14.53413,1.15,2.55,2.020604712,6,9.752392,1.55,1.33,0.433289,12,6.634126,0.25,-0.65,-0.4,0.037313433,1.82,1.71,1.33,1.22,-0.11,1.5,1,0.450847458,0.451851852,0.742857143,0.777272727,0.606910039,0.581329868,1.675,1.275,0,1,1.275,2.5,4.8,6.425693,90.064925,1.161290323,0.917293233,0.708810978,0.916666667,0.937163388,7,94,8,0.1473,0.81216,93,0.14784,0.79901,34,102,14,0.21954,0.54493,101,0.22068,0.53528,40,47,68,0.50364,0.23753,44,0.51595,0.22894,39,15,108,0.74258,0.1611,12,0.76224,0.15497,3.541040193,2.794799399,3.582356852,2.513151317,1.839191,0.849152,0.887147,-1.879679,-1.695812,5.425464,5.970742,0.545278,5.698103,2.269584974,1.778302754,-1.424969207,2.308248958,1.805738194,-1.572328975,2.146652816,1.755016472,-1.342838,0.442922,-0.075777
376,ScNbCO2,AA,m1,1.6,1.36,0.1882,11,6.56149,0.7,2.55,1.262113612,4,11.260288,0.6,3.44,1.4611053,6,13.618055,1.45,1.6,0.917407,13,6.75885,0.15,-1,-0.85,0.024590164,1.19,0.95,2.08,1.84,-0.24,2.5,3,0.945454545,0.897560976,0.517391304,0.441860465,1.827349121,2.031322208,1.525,1.48,1,2,1.96,1.5,4.8,6.66017,68.931146,1.103448276,0.85,0.20514341,0.846153846,0.970799766,6,88,12,0.15167,0.78879,87,0.15208,0.77673,8,100,5,0.14058,0.85098,99,0.14125,0.83626,41,51,65,0.48244,0.24797,48,0.49439,0.23893,21,14,105,0.6303,0.1898,11,0.64709,0.18255,3.188368713,1.999103149,2.842564835,2.486026552,1.695357,1.237641,1.143742,-2.207237,-1.869503,6.180646333,6.553255,0.372608667,6.366950667,2.785795052,0.973096825,-2.106322563,3.179997012,0.811453445,-3.36245181,2.329284898,0.169789568,-1.91728,0.443007,0.034258
266,YCrNS2,AA,m1,1.8,1.22,0.30712,11,6.21726,0.65,3.04,-0.07,5,14.53413,1,2.58,2.077104512,6,10.36001,1.4,1.66,0.6758412,12,6.76651,0.4,-0.8,-0.4,0.0625,1.82,1.38,1.36,0.92,-0.44,3,4,0.485714286,0.383333333,0.742857143,0.673170732,0.653846154,0.569444444,1.6,1.44,1,3,1.14,1,5.2,6.491885,70.450975,1.285714286,0.734939759,0.454426276,0.916666667,0.91882817,7,94,8,0.1473,0.81216,93,0.14784,0.79901,16,101,9,0.1781,0.67171,100,0.17899,0.65995,24,54,56,0.40019,0.29894,51,0.41024,0.28794,39,15,108,0.74258,0.1611,12,0.76224,0.15497,3.412921337,2.691235007,3.113298995,2.374625371,1.555689,0.83779,0.651329,-1.270301,-1.774506,6.167453333,6.897068,0.729614667,6.532260667,3.714849384,1.340350578,-1.138710144,2.422112263,-0.648431789,-1.639596026,2.757986906,1.198381318,-0.815377,0.44563,-0.477447
574,CrScCSe2,BA,x,1.4,1.66,0.6758412,12,6.76651,0.7,2.55,1.262113612,4,11.260288,1.15,2.55,2.020604712,6,9.752392,1.6,1.36,0.1882,11,6.56149,-0.2,-0.25,-0.45,-0.033333333,0.89,1.19,0.89,1.19,0.3,3,4,0.349019608,0.432727273,0.423809524,0.517391304,0.823529412,0.836363636,1.5,1.51,0,3,1.04,1,5,6.664,48.476006,0.875,1.220588235,3.591079702,1.090909091,1.031245952,6,88,12,0.15167,0.78879,87,0.15208,0.77673,34,102,14,0.21954,0.54493,101,0.22068,0.53528,21,14,105,0.6303,0.1898,11,0.64709,0.18255,24,54,56,0.40019,0.29894,51,0.41024,0.28794,3.153286556,2.444046556,2.682426357,2.102538342,1.62278,0.360857,0.593435,-1.545992,-1.03108,5.286977333,4.744471333,-0.542506,5.015724333,3.478504915,1.516430545,-1.847552326,-0.223068424,2.328270673,-2.304356791,-0.462817091,2.021234018,-0.523565,0.447828,1.475798
474,MoYNBr2,AA,bridge,1.45,2.16,0.74733,14,7.09243,0.65,3.04,-0.07,5,14.53413,1.15,2.96,3.3635883,7,11.81381,1.8,1.22,0.30712,11,6.21726,-0.35,-0.3,-0.65,-0.053846154,0.88,1.82,0.8,1.74,0.94,3,4,0.307692308,0.589830508,0.419047619,0.742857143,0.734265734,0.794002608,1.625,1.69,0,3,1.27,2,5.6,6.654845,92.422925,0.805555556,1.770491803,2.433348528,1.272727273,1.140764581,7,94,8,0.1473,0.81216,93,0.14784,0.79901,35,108,10,0.19779,0.60484,108,0.1953,0.60484,39,15,108,0.74258,0.1611,12,0.76224,0.15497,42,55,61,0.46178,0.25907,52,0.47342,0.24951,3.493167884,2.743534757,3.407310565,2.202952542,1.592525,0.497546,0.666878,-1.656332,-1.100618,4.605344667,4.317757,-0.287587667,4.461550833,2.852355532,1.745825663,-3.223652545,-0.533280536,2.756372717,-3.744171656,0.379366091,2.396573703,-0.985158,0.448134,2.032494
195,WZrNBr2,AA,x,1.35,2.36,0.816268,14,7.86403,0.65,3.04,-0.07,5,14.53413,1.15,2.96,3.3635883,7,11.81381,1.55,1.33,0.433289,12,6.634126,-0.2,-0.2,-0.4,-0.034482759,0.68,1.71,0.6,1.63,1.03,3,2,0.24,0.603703704,0.34,0.777272727,0.705882353,0.776694823,1.45,1.845,1,2,1.115,2,5.8,7.249078,137.532,0.870967742,1.77443609,1.883888121,1.166666667,1.18539051,7,94,8,0.1473,0.81216,93,0.14784,0.79901,35,108,10,0.19779,0.60484,108,0.1953,0.60484,40,47,68,0.50364,0.23753,44,0.51595,0.22894,74,56,66,0.52343,0.22855,53,0.5367,0.22009,3.495256702,2.790816783,3.300133258,2.130580362,1.524569,0.497409,0.638438,-1.582617,-1.077799,4.002067,3.928074333,-0.073992667,3.965070667,3.498276771,2.218829928,-3.678047357,-0.157990101,1.397065513,-3.751214764,-0.087070555,1.352399523,-0.784803,0.45348,2.130394
374,ZrWNBr2,AA,m2,1.55,1.33,0.433289,12,6.634126,0.65,3.04,-0.07,5,14.53413,1.15,2.96,3.3635883,7,11.81381,1.35,2.36,0.816268,14,7.86403,0.2,-0.4,-0.2,0.034482759,1.71,0.68,1.63,0.6,-1.03,3,2,0.603703704,0.24,0.777272727,0.34,0.776694823,0.705882353,1.45,1.845,1,2,1.115,2,5.8,7.249078,137.532,1.148148148,0.563559322,0.530817085,0.857142857,0.843603852,7,94,8,0.1473,0.81216,93,0.14784,0.79901,35,108,10,0.19779,0.60484,108,0.1953,0.60484,74,56,66,0.52343,0.22855,53,0.5367,0.22009,40,47,68,0.50364,0.23753,44,0.51595,0.22894,3.495576648,2.823451855,3.299376884,2.359302287,1.523536,0.632652,0.491996,-1.067154,-1.58103,3.926722667,4.003288667,0.076566,3.965005667,4.346592407,3.117915805,-3.678246127,1.399214387,-0.158576071,-3.697737011,1.657192413,-0.110348661,-0.784803,0.45348,2.201543
236,HfYNSe2,AA,bridge,1.55,1.3,0.17807,10,6.82507,0.65,3.04,-0.07,5,14.53413,1.15,2.55,2.020604712,6,9.752392,1.8,1.22,0.30712,11,6.21726,-0.25,-0.4,-0.65,-0.037313433,1.74,1.82,1.25,1.33,0.08,1.5,1,0.462962963,0.450847458,0.790909091,0.742857143,0.58535547,0.606910039,1.675,1.26,1,1,1.29,2.5,4.8,6.521165,133.697925,0.861111111,1.06557377,0.579805939,0.909090909,1.097761715,7,94,8,0.1473,0.81216,93,0.14784,0.79901,34,102,14,0.21954,0.54493,101,0.22068,0.53528,39,15,108,0.74258,0.1611,12,0.76224,0.15497,72,48,71,0.57475,0.20815,45,0.58884,0.2006,3.528084679,2.651381728,3.521344757,2.351614479,1.843213,0.893577,0.860647,-1.683729,-1.913707,5.890573333,5.313659667,-0.576913667,5.6021165,2.078454173,1.822246036,-1.464284277,2.012657602,2.870904962,-1.619321084,1.763336581,2.551540076,-1.342477,0.453592,1.00302
527,YScNSe2,AA,bridge,1.8,1.22,0.30712,11,6.21726,0.65,3.04,-0.07,5,14.53413,1.15,2.55,2.020604712,6,9.752392,1.6,1.36,0.1882,11,6.56149,0.2,-0.65,-0.45,0.029411765,1.82,1.68,1.33,1.19,-0.14,1,0,0.450847458,0.432727273,0.742857143,0.746666667,0.606910039,0.579545455,1.7,1.29,1,0,1.26,3,4.6,6.389375,66.930881,1.125,0.897058824,1.631880978,1,0.947537831,7,94,8,0.1473,0.81216,93,0.14784,0.79901,34,102,14,0.21954,0.54493,101,0.22068,0.53528,21,14,105,0.6303,0.1898,11,0.64709,0.18255,39,15,108,0.74258,0.1611,12,0.76224,0.15497,3.498583699,2.859337068,3.661271611,2.415808081,1.856951,0.768277,0.820938,-1.687728,-1.758439,6.060664,6.041596,-0.019068,6.05113,2.339363938,1.76669426,-1.074280682,2.272793281,2.859084991,-1.187265973,2.088599942,2.828569604,-1.304968,0.453987,-0.113601
411,Y2NSe2,AA,bridge,1.8,1.22,0.30712,11,6.21726,0.65,3.04,-0.07,5,14.53413,1.15,2.55,2.020604712,6,9.752392,1.8,1.22,0.30712,11,6.21726,0,-0.65,-0.65,0,1.82,1.82,1.33,1.33,0,1,0,0.450847458,0.450847458,0.742857143,0.742857143,0.606910039,0.606910039,1.8,1.22,0,0,1.33,3,4.6,6.21726,88.90585,1,1,1,1,1,7,94,8,0.1473,0.81216,93,0.14784,0.79901,34,102,14,0.21954,0.54493,101,0.22068,0.53528,39,15,108,0.74258,0.1611,12,0.76224,0.15497,39,15,108,0.74258,0.1611,12,0.76224,0.15497,3.617954328,2.832543477,3.90170256,2.504903852,1.883817,0.839284,0.835102,-1.778245,-1.779958,6.257127333,6.257099,-2.83E-05,6.257113167,2.312672812,1.787765436,-0.871242174,3.242882833,3.242882833,-0.976601041,3.060057757,3.060057757,-1.300384,0.454525,-0.221388
319,Sc2CSe2,BA,x,1.6,1.36,0.1882,11,6.56149,0.7,2.55,1.262113612,4,11.260288,1.15,2.55,2.020604712,6,9.752392,1.6,1.36,0.1882,11,6.56149,0,-0.45,-0.45,0,1.19,1.19,1.19,1.19,0,1,0,0.432727273,0.432727273,0.517391304,0.517391304,0.836363636,0.836363636,1.6,1.36,0,0,1.19,3,4.4,6.56149,44.955912,1,1,1,1,1,6,88,12,0.15167,0.78879,87,0.15208,0.77673,34,102,14,0.21954,0.54493,101,0.22068,0.53528,21,14,105,0.6303,0.1898,11,0.64709,0.18255,21,14,105,0.6303,0.1898,11,0.64709,0.18255,3.826379257,2.621585203,2.153658366,2.330490364,1.638753,0.590072,1.019103,-1.65036,-1.597568,5.448493333,4.460388667,-0.988104667,4.954441,3.881475413,1.494978137,-1.887522246,1.795540426,1.795540426,-1.531768685,2.401613955,2.401613955,-0.81617,0.454555,0.73227
77,MoHfCF2,AA,bridge,1.45,2.16,0.74733,14,7.09243,0.7,2.55,1.262113612,4,11.260288,0.5,3.98,3.401189824,7,17.42282,1.55,1.3,0.17807,10,6.82507,-0.1,-0.95,-1.05,-0.016666667,0.39,1.25,1.82,2.68,0.86,3.5,3,0.933333333,1.307317073,0.181395349,0.555555556,5.145299145,2.353170732,1.5,1.73,1,2,2.25,1.5,5.6,6.95875,137.215,0.935483871,1.661538462,4.196832706,1.4,1.039173225,6,88,12,0.15167,0.78879,87,0.15208,0.77673,9,106,3,0.13207,0.90585,106,0.1304,0.90585,72,48,71,0.57475,0.20815,45,0.58884,0.2006,42,55,61,0.46178,0.25907,52,0.47342,0.24951,3.184079074,2.311618058,3.067551804,2.119156021,1.774981,0.726623,0.770191,-1.88787,-1.383925,3.551401,5.583526,2.032125,4.5674635,1.684918746,2.117152999,-5.943848026,-0.419178215,0.763535755,-5.917836216,-0.465611268,0.678974025,-1.675117,0.455604,1.601076
207,HfMoCF2,AA,bridge,1.55,1.3,0.17807,10,6.82507,0.7,2.55,1.262113612,4,11.260288,0.5,3.98,3.401189824,7,17.42282,1.45,2.16,0.74733,14,7.09243,0.1,-1.05,-0.95,0.016666667,1.25,0.39,2.68,1.82,-0.86,3.5,3,1.307317073,0.933333333,0.555555556,0.181395349,2.353170732,5.145299145,1.5,1.73,1,2,2.25,1.5,5.6,6.95875,137.215,1.068965517,0.601851852,0.238274925,0.714285714,0.96230347,6,88,12,0.15167,0.78879,87,0.15208,0.77673,9,106,3,0.13207,0.90585,106,0.1304,0.90585,42,55,61,0.46178,0.25907,52,0.47342,0.24951,72,48,71,0.57475,0.20815,45,0.58884,0.2006,3.184106456,2.284167583,3.067441511,2.194924452,1.779864,0.772074,0.722177,-1.380694,-1.89342,5.547068,3.516028667,-2.031039333,4.531548333,1.859463265,2.250653869,-5.944077481,0.75462576,-0.420245678,-5.762009828,1.016539574,-0.365185085,-1.675117,0.455604,1.620918
410,TaYNBr2,AA,x,1.45,1.5,0.32312,11,7.549571,0.65,3.04,-0.07,5,14.53413,1.15,2.96,3.3635883,7,11.81381,1.8,1.22,0.30712,11,6.21726,-0.35,-0.3,-0.65,-0.053846154,1.54,1.82,1.46,1.74,0.28,2,2,0.561538462,0.589830508,0.733333333,0.742857143,0.765734266,0.794002608,1.625,1.36,1,2,1.6,3,5.4,6.8834155,134.926865,0.805555556,1.229508197,1.0520969,1,1.214292309,7,94,8,0.1473,0.81216,93,0.14784,0.79901,35,108,10,0.19779,0.60484,108,0.1953,0.60484,39,15,108,0.74258,0.1611,12,0.76224,0.15497,73,52,69,0.54867,0.21804,49,0.56231,0.21007,3.499888108,2.75742,3.457419596,2.224079231,1.786567,0.587418,0.67574,-1.593015,-1.45671,4.295321667,3.275711333,-1.019610333,3.7855165,3.705855787,2.358056329,-4.161859839,0.264211714,1.038561963,-4.083536202,0.575117338,1.073271477,-1.204227,0.455816,2.02077
389,YTaNBr2,AA,x,1.8,1.22,0.30712,11,6.21726,0.65,3.04,-0.07,5,14.53413,1.15,2.96,3.3635883,7,11.81381,1.45,1.5,0.32312,11,7.549571,0.35,-0.65,-0.3,0.053846154,1.82,1.54,1.74,1.46,-0.28,2,2,0.589830508,0.561538462,0.742857143,0.733333333,0.794002608,0.765734266,1.625,1.36,1,2,1.6,3,5.4,6.8834155,134.926865,1.24137931,0.813333333,0.950482793,1,0.823524939,7,94,8,0.1473,0.81216,93,0.14784,0.79901,35,108,10,0.19779,0.60484,108,0.1953,0.60484,73,52,69,0.54867,0.21804,49,0.56231,0.21007,39,15,108,0.74258,0.1611,12,0.76224,0.15497,3.499835226,2.850504713,3.45750308,2.431460578,1.787592,0.669507,0.58233,-1.454054,-1.585376,3.293673333,4.313273333,1.0196,3.803473333,4.915238904,3.20227586,-4.161296092,1.037032096,0.262679997,-4.18533166,0.935256865,0.243695398,-1.204226,0.455816,2.19697
589,WZrNCl2,AA,x,1.35,2.36,0.816268,14,7.86403,0.65,3.04,-0.07,5,14.53413,1,3.16,3.61272528,7,12.967633,1.55,1.33,0.433289,12,6.634126,-0.2,-0.35,-0.55,-0.034482759,0.68,1.71,0.8,1.83,1.03,3,2,0.340425532,0.717647059,0.34,0.777272727,1.001251564,0.923288614,1.45,1.845,1,2,1.315,2,5.8,7.249078,137.532,0.870967742,1.77443609,1.883888121,1.166666667,1.18539051,7,94,8,0.1473,0.81216,93,0.14784,0.79901,17,107,6,0.16265,0.73553,107,0.1606,0.73553,40,47,68,0.50364,0.23753,44,0.51595,0.22894,74,56,66,0.52343,0.22855,53,0.5367,0.22009,3.446890032,2.661142825,3.16523994,2.107814582,1.532621,0.580874,0.68657,-1.621891,-1.178174,4.174164667,4.190166667,0.016002,4.182165667,4.548389589,3.057274823,-4.251584725,-0.291311735,1.359274418,-4.545614353,0.276022658,1.234940743,-0.958122,0.455826,2.197731
272,HfCrNF2,BA,bridge,1.55,1.3,0.17807,10,6.82507,0.65,3.04,-0.07,5,14.53413,0.5,3.98,3.401189824,7,17.42282,1.4,1.66,0.6758412,12,6.76651,0.15,-1.05,-0.9,0.025423729,1.74,1.38,2.68,2.32,-0.36,3.5,3,1.307317073,1.221052632,0.790909091,0.673170732,1.652929633,1.813882532,1.475,1.48,2,2,2.5,1.5,5.8,6.79579,115.24305,1.107142857,0.78313253,0.263479054,0.833333333,1.008654388,7,94,8,0.1473,0.81216,93,0.14784,0.79901,9,106,3,0.13207,0.90585,106,0.1304,0.90585,24,54,56,0.40019,0.29894,51,0.41024,0.28794,72,48,71,0.57475,0.20815,45,0.58884,0.2006,3.065887288,2.259893033,2.789119938,2.261390714,1.603979,0.719416,0.756796,-1.452604,-1.627586,4.779150667,4.033957333,-0.745193333,4.406554,1.842999473,2.177328824,-6.294448074,1.054272595,-1.774165853,-5.886417411,1.52996481,-0.236463314,-1.916778,0.457798,1.820153
251,CrHfNF2,AB,m2,1.4,1.66,0.6758412,12,6.76651,0.65,3.04,-0.07,5,14.53413,0.5,3.98,3.401189824,7,17.42282,1.55,1.3,0.17807,10,6.82507,-0.15,-0.9,-1.05,-0.025423729,1.38,1.74,2.32,2.68,0.36,3.5,3,1.221052632,1.307317073,0.673170732,0.790909091,1.813882532,1.652929633,1.475,1.48,2,2,2.5,1.5,5.8,6.79579,115.24305,0.903225806,1.276923077,3.795368114,1.2,0.991419868,7,94,8,0.1473,0.81216,93,0.14784,0.79901,9,106,3,0.13207,0.90585,106,0.1304,0.90585,72,48,71,0.57475,0.20815,45,0.58884,0.2006,24,54,56,0.40019,0.29894,51,0.41024,0.28794,3.066301389,2.11803601,2.790147698,2.030208907,1.58807,0.71712,0.742477,-1.593524,-1.454143,4.054735667,4.798042,0.743306333,4.426388833,1.58871116,2.039886452,-6.294528627,-1.776047017,1.054431165,-6.161726529,-0.080973569,1.367155072,-1.916775,0.457801,1.960298
398,ZrMoNO2,AA,m1,1.55,1.33,0.433289,12,6.634126,0.65,3.04,-0.07,5,14.53413,0.6,3.44,1.4611053,6,13.618055,1.45,2.16,0.74733,14,7.09243,0.1,-0.95,-0.85,0.016666667,1.71,0.88,2.11,1.28,-0.83,3.5,3,0.981395349,0.624390244,0.777272727,0.419047619,1.262613899,1.490022173,1.5,1.745,0,2,1.695,0.5,5.4,6.863278,93.582,1.068965517,0.615740741,0.579782693,0.857142857,0.935381245,7,94,8,0.1473,0.81216,93,0.14784,0.79901,8,100,5,0.14058,0.85098,99,0.14125,0.83626,42,55,61,0.46178,0.25907,52,0.47342,0.24951,40,47,68,0.50364,0.23753,44,0.51595,0.22894,3.166090375,2.095083834,2.880203423,2.244081085,1.680474,1.243347,1.050082,-1.756729,-2.217174,5.812696333,5.165485667,-0.647210667,5.489091,2.944375791,0.973168515,-2.780054442,2.191666616,-0.240324987,-3.631602487,1.614232216,-0.475326291,-1.791262,0.46267,0.010432
303,WMoNCl2,AA,m2,1.35,2.36,0.816268,14,7.86403,0.65,3.04,-0.07,5,14.53413,1,3.16,3.61272528,7,12.967633,1.45,2.16,0.74733,14,7.09243,-0.1,-0.35,-0.45,-0.017857143,0.68,0.88,0.8,1,0.2,4.5,1,0.340425532,0.408163265,0.34,0.419047619,1.001251564,0.974025974,1.4,2.26,1,0,0.9,0.5,6.2,7.47823,139.89,0.931034483,1.092592593,1.092245728,1,1.10879205,7,94,8,0.1473,0.81216,93,0.14784,0.79901,17,107,6,0.16265,0.73553,107,0.1606,0.73553,42,55,61,0.46178,0.25907,52,0.47342,0.24951,74,56,66,0.52343,0.22855,53,0.5367,0.22009,3.344780607,2.675137457,3.108343624,2.01760738,1.39904,0.553424,0.588209,-1.061199,-1.479474,4.257672,3.835688333,-0.421983667,4.046680167,4.241989937,3.164672497,-4.496735143,-0.792006726,-0.989950429,-4.296401726,-0.114437078,-0.555055911,-0.286987,0.463909,1.907414
234,MoWNCl2,AA,m2,1.45,2.16,0.74733,14,7.09243,0.65,3.04,-0.07,5,14.53413,1,3.16,3.61272528,7,12.967633,1.35,2.36,0.816268,14,7.86403,0.1,-0.45,-0.35,0.017857143,0.88,0.68,1,0.8,-0.2,4.5,1,0.408163265,0.340425532,0.419047619,0.34,0.974025974,1.001251564,1.4,2.26,1,0,0.9,0.5,6.2,7.47823,139.89,1.074074074,0.915254237,0.915544895,1,0.901882368,7,94,8,0.1473,0.81216,93,0.14784,0.79901,17,107,6,0.16265,0.73553,107,0.1606,0.73553,74,56,66,0.52343,0.22855,53,0.5367,0.22009,42,55,61,0.46178,0.25907,52,0.47342,0.24951,3.344890719,2.618533592,3.108485936,2.341984186,1.393148,0.550207,0.591065,-1.502969,-1.031451,3.843538,4.264187667,0.420649667,4.053862833,2.840758204,2.007206862,-4.503561077,-0.988205673,-0.787244354,-4.154316969,-0.456627763,-0.409244864,-0.286985,0.463911,1.911208
139,MnTaCO2,AA,m1,1.4,1.55,-0.52,13,7.434038,0.7,2.55,1.262113612,4,11.260288,0.6,3.44,1.4611053,6,13.618055,1.45,1.5,0.32312,11,7.549571,-0.05,-0.8,-0.85,-0.00877193,1,1.05,1.89,1.94,0.05,4,2,0.945,0.946341463,0.476190476,0.488372093,1.9845,1.937746806,1.425,1.525,2,2,1.915,0,5.6,7.4918045,117.9429625,0.965517241,1.033333333,-1.609309235,1.181818182,0.984696746,6,88,12,0.15167,0.78879,87,0.15208,0.77673,8,100,5,0.14058,0.85098,99,0.14125,0.83626,73,52,69,0.54867,0.21804,49,0.56231,0.21007,25,58,52,0.3851,0.31065,55,0.39497,0.29907,3.052758727,1.998726566,2.673272965,2.060517211,1.599232,0.887418,1.153814,-2.198007,-1.442456,5.474901333,7.048801333,1.5739,6.261851333,2.751479024,0.975939452,-2.656009594,-1.789371765,0.910071158,-3.157145336,0.129869362,0.670828607,-1.176618,0.464323,-0.995182
535,CrMnCO2,BA,x,1.4,1.66,0.6758412,12,6.76651,0.7,2.55,1.262113612,4,11.260288,0.6,3.44,1.4611053,6,13.618055,1.4,1.55,-0.52,13,7.434038,0,-0.8,-0.8,0,0.89,1,1.78,1.89,0.11,5,0,0.89,0.945,0.423809524,0.476190476,2.1,1.9845,1.4,1.605,0,1,1.835,1,5.8,7.100274,53.4670725,1,1.070967742,-1.299694615,0.923076923,0.910206539,6,88,12,0.15167,0.78879,87,0.15208,0.77673,8,100,5,0.14058,0.85098,99,0.14125,0.83626,25,58,52,0.3851,0.31065,55,0.39497,0.29907,24,54,56,0.40019,0.29894,51,0.41024,0.28794,2.784173042,1.955722165,2.340990089,2.022223784,1.236858,0.828812,0.86881,-1.496485,-1.437993,6.673281,7.452713,0.779432,7.062997,2.718000102,0.976600878,-2.491946111,-0.180606079,-2.073154748,-3.130414661,-0.24888712,0.235167843,-0.827063,0.470342,-0.555002
335,TaZrNF2,BB,m2,1.45,1.5,0.32312,11,7.549571,0.65,3.04,-0.07,5,14.53413,0.5,3.98,3.401189824,7,17.42282,1.55,1.33,0.433289,12,6.634126,-0.1,-0.95,-1.05,-0.016666667,1.54,1.71,2.48,2.65,0.17,2.5,1,1.271794872,1.292682927,0.733333333,0.777272727,1.734265734,1.663100842,1.5,1.415,1,1,2.565,2.5,5.6,7.0918485,136.08594,0.935483871,1.127819549,0.745737833,0.916666667,1.137990294,7,94,8,0.1473,0.81216,93,0.14784,0.79901,9,106,3,0.13207,0.90585,106,0.1304,0.90585,40,47,68,0.50364,0.23753,44,0.51595,0.22894,73,52,69,0.54867,0.21804,49,0.56231,0.21007,3.030298646,2.261943127,2.693832889,2.1561163,1.655601,0.713659,0.761146,-1.488223,-1.642182,4.583215667,3.462951,-1.120264667,4.023083333,1.7790246,2.109055862,-6.805107785,-0.069316165,0.988091208,-6.373839178,0.373830411,1.283662289,-2.028113,0.470575,1.249255
440,TaWNBr2,AA,x,1.45,1.5,0.32312,11,7.549571,0.65,3.04,-0.07,5,14.53413,1.15,2.96,3.3635883,7,11.81381,1.35,2.36,0.816268,14,7.86403,0.1,-0.3,-0.2,0.017857143,1.54,0.68,1.46,0.6,-0.86,3.5,1,0.561538462,0.24,0.733333333,0.34,0.765734266,0.705882353,1.4,1.93,0,1,1.03,1.5,6,7.7068005,182.39394,1.074074074,0.63559322,0.395850382,0.785714286,0.960012996,7,94,8,0.1473,0.81216,93,0.14784,0.79901,35,108,10,0.19779,0.60484,108,0.1953,0.60484,74,56,66,0.52343,0.22855,53,0.5367,0.22009,73,52,69,0.54867,0.21804,49,0.56231,0.21007,3.444023815,2.77951576,3.285075348,2.32253683,1.481502,0.582752,0.495773,-1.150855,-1.409172,3.772928667,3.436905667,-0.336023,3.604917167,4.14999863,2.63714997,-3.866697658,0.378914239,-0.349829621,-3.802670577,0.796674243,-0.451316162,-0.380795,0.474721,2.262098
172,WTaNBr2,AA,m2,1.35,2.36,0.816268,14,7.86403,0.65,3.04,-0.07,5,14.53413,1.15,2.96,3.3635883,7,11.81381,1.45,1.5,0.32312,11,7.549571,-0.1,-0.2,-0.3,-0.017857143,0.68,1.54,0.6,1.46,0.86,3.5,1,0.24,0.561538462,0.34,0.733333333,0.705882353,0.765734266,1.4,1.93,0,1,1.03,1.5,6,7.7068005,182.39394,0.931034483,1.573333333,2.526206982,1.272727273,1.041652565,7,94,8,0.1473,0.81216,93,0.14784,0.79901,35,108,10,0.19779,0.60484,108,0.1953,0.60484,73,52,69,0.54867,0.21804,49,0.56231,0.21007,74,56,66,0.52343,0.22855,53,0.5367,0.22009,3.444741364,2.800339477,3.284415794,2.089992015,1.478522,0.498648,0.58052,-1.403111,-1.154578,3.444448,3.780482,0.336034,3.612465,4.303272041,3.064121408,-3.875107117,-0.352923545,0.377578553,-3.907840735,-0.353912324,0.368540514,-0.380794,0.474722,2.199263
563,MoYNO2,BA,x,1.45,2.16,0.74733,14,7.09243,0.65,3.04,-0.07,5,14.53413,0.6,3.44,1.4611053,6,13.618055,1.8,1.22,0.30712,11,6.21726,-0.35,-0.85,-1.2,-0.053846154,0.88,1.82,1.28,2.22,0.94,3,4,0.624390244,0.925,0.419047619,0.742857143,1.490022173,1.245192308,1.625,1.69,0,3,1.75,1,5.2,6.654845,92.422925,0.805555556,1.770491803,2.433348528,1.272727273,1.140764581,7,94,8,0.1473,0.81216,93,0.14784,0.79901,8,100,5,0.14058,0.85098,99,0.14125,0.83626,39,15,108,0.74258,0.1611,12,0.76224,0.15497,42,55,61,0.46178,0.25907,52,0.47342,0.24951,3.122282299,2.138557176,2.40471537,2.195983477,1.467423,0.953267,1.249746,-1.935748,-1.734691,6.476094,6.430169,-0.045925,6.4531315,2.897804194,0.977378361,-2.277750726,-0.375494712,1.885686807,-3.137127712,-0.842710911,1.007425004,-1.737953,0.480705,0.300038
133,MoHfNO2,AA,m1,1.45,2.16,0.74733,14,7.09243,0.65,3.04,-0.07,5,14.53413,0.6,3.44,1.4611053,6,13.618055,1.55,1.3,0.17807,10,6.82507,-0.1,-0.85,-0.95,-0.016666667,0.88,1.74,1.28,2.14,0.86,3.5,3,0.624390244,0.995348837,0.419047619,0.790909091,1.490022173,1.258487036,1.5,1.73,1,2,1.71,0.5,5.4,6.95875,137.215,0.935483871,1.661538462,4.196832706,1.4,1.039173225,7,94,8,0.1473,0.81216,93,0.14784,0.79901,8,100,5,0.14058,0.85098,99,0.14125,0.83626,72,48,71,0.57475,0.20815,45,0.58884,0.2006,42,55,61,0.46178,0.25907,52,0.47342,0.24951,3.141189555,2.094420626,2.909664618,2.195979978,1.7045,1.04891,1.237315,-2.247557,-1.743169,4.983748,5.898184333,0.914436333,5.440966167,2.902305765,0.975677791,-3.206286433,-0.382379658,0.819564911,-3.814509254,-0.628963724,0.355777547,-1.83807,0.4824,-0.492511
94,YWNSe2,AB,bridge,1.8,1.22,0.30712,11,6.21726,0.65,3.04,-0.07,5,14.53413,1.15,2.55,2.020604712,6,9.752392,1.35,2.36,0.816268,14,7.86403,0.45,-0.65,-0.2,0.071428571,1.82,0.68,1.33,0.19,-1.14,2.5,3,0.450847458,0.076,0.742857143,0.34,0.606910039,0.223529412,1.575,1.79,1,3,0.76,1.5,5.2,7.040645,136.372925,1.333333333,0.516949153,0.376248977,0.785714286,0.790594644,7,94,8,0.1473,0.81216,93,0.14784,0.79901,34,102,14,0.21954,0.54493,101,0.22068,0.53528,74,56,66,0.52343,0.22855,53,0.5367,0.22009,39,15,108,0.74258,0.1611,12,0.76224,0.15497,3.362209345,2.770930327,2.82232395,2.42866597,1.599451,0.795297,0.492376,-1.251462,-1.635662,3.738294,5.449956333,1.711662333,4.594125167,2.252688709,1.744117736,-2.528715569,0.733465726,-0.791151446,-2.663584872,0.628650717,-0.838088673,-0.713982,0.482741,0.30512
117,WYNSe2,BA,bridge,1.35,2.36,0.816268,14,7.86403,0.65,3.04,-0.07,5,14.53413,1.15,2.55,2.020604712,6,9.752392,1.8,1.22,0.30712,11,6.21726,-0.45,-0.2,-0.65,-0.071428571,0.68,1.82,0.19,1.33,1.14,2.5,3,0.076,0.450847458,0.34,0.742857143,0.223529412,0.606910039,1.575,1.79,1,3,0.76,1.5,5.2,7.040645,136.372925,0.75,1.93442623,2.657814535,1.272727273,1.264870699,7,94,8,0.1473,0.81216,93,0.14784,0.79901,34,102,14,0.21954,0.54493,101,0.22068,0.53528,39,15,108,0.74258,0.1611,12,0.76224,0.15497,74,56,66,0.52343,0.22855,53,0.5367,0.22009,3.362202671,2.574076587,2.822344904,2.247049874,1.607532,0.797985,0.497652,-1.644465,-1.258704,5.419740667,3.708231333,-1.711509333,4.563986,3.115665962,1.950388818,-2.529076038,-0.790594859,0.733003002,-2.374858564,-0.573896628,0.752790452,-0.713983,0.482741,1.376914
210,WMnCCl2,AA,x,1.35,2.36,0.816268,14,7.86403,0.7,2.55,1.262113612,4,11.260288,1,3.16,3.61272528,7,12.967633,1.4,1.55,-0.52,13,7.434038,-0.05,-0.35,-0.4,-0.009090909,0.19,1,0.8,1.61,0.81,4.5,1,0.340425532,0.670833333,0.092682927,0.476190476,3.673012318,1.40875,1.375,1.955,2,1,1.205,0.5,6.2,7.649034,119.3890225,0.964285714,1.522580645,-1.569746154,1.076923077,1.057840974,6,88,12,0.15167,0.78879,87,0.15208,0.77673,17,107,6,0.16265,0.73553,107,0.1606,0.73553,25,58,52,0.3851,0.31065,55,0.39497,0.29907,74,56,66,0.52343,0.22855,53,0.5367,0.22009,3.168441381,2.633274271,3.021880114,2.160926022,1.340915,0.568995,0.477246,-1.000474,-1.386685,5.107607667,4.124462667,-0.983145,4.616035167,3.540335672,2.171122107,-3.666095437,-0.405789742,-0.839583785,-3.777583119,-0.455524374,-0.744701766,-0.237611,0.489579,2.054834
70,YWNS2,AB,m1,1.8,1.22,0.30712,11,6.21726,0.65,3.04,-0.07,5,14.53413,1,2.58,2.077104512,6,10.36001,1.35,2.36,0.816268,14,7.86403,0.45,-0.8,-0.35,0.071428571,1.82,0.68,1.36,0.22,-1.14,2.5,3,0.485714286,0.093617021,0.742857143,0.34,0.653846154,0.27534418,1.575,1.79,1,3,0.79,1.5,5.2,7.040645,136.372925,1.333333333,0.516949153,0.376248977,0.785714286,0.790594644,7,94,8,0.1473,0.81216,93,0.14784,0.79901,16,101,9,0.1781,0.67171,100,0.17899,0.65995,74,56,66,0.52343,0.22855,53,0.5367,0.22009,39,15,108,0.74258,0.1611,12,0.76224,0.15497,3.308515511,2.551680139,2.733494898,2.477708501,1.554008,0.945152,0.653988,-1.464347,-1.688802,4.618255667,6.545848,1.927592333,5.582051833,3.640388318,1.338936045,-2.136547192,1.254926128,-0.573993391,-2.961146288,0.671030269,-0.804751538,-0.83647,0.490411,0.128581
104,MnWCF2,AB,bridge,1.4,1.55,-0.52,13,7.434038,0.7,2.55,1.262113612,4,11.260288,0.5,3.98,3.401189824,7,17.42282,1.35,2.36,0.816268,14,7.86403,0.05,-0.9,-0.85,0.009090909,1,0.19,2.43,1.62,-0.81,4.5,1,1.278947368,0.875675676,0.476190476,0.092682927,2.685789474,9.448079659,1.375,1.955,2,1,2.025,0.5,6.2,7.649034,119.3890225,1.037037037,0.656779661,-0.637045676,0.928571429,0.945321673,6,88,12,0.15167,0.78879,87,0.15208,0.77673,9,106,3,0.13207,0.90585,106,0.1304,0.90585,74,56,66,0.52343,0.22855,53,0.5367,0.22009,25,58,52,0.3851,0.31065,55,0.39497,0.29907,2.993729474,2.10862924,2.716595311,2.07725901,1.421729,0.710439,0.693359,-1.464289,-1.361239,5.112672333,6.017457333,0.904785,5.565064833,3.808964536,2.909289148,-5.240795231,-2.203019917,0.063033564,-5.193756175,1.054562939,0.185036133,-0.983931,0.491846,2.047395
220,YMnNO2,AA,m1,1.8,1.22,0.30712,11,6.21726,0.65,3.04,-0.07,5,14.53413,0.6,3.44,1.4611053,6,13.618055,1.4,1.55,-0.52,13,7.434038,0.4,-1.2,-0.8,0.0625,1.82,1.49,2.22,1.89,-0.33,3,4,0.925,0.945,0.742857143,0.726829268,1.245192308,1.300167785,1.6,1.385,1,4,2.055,1,5.4,6.825649,71.9219475,1.285714286,0.787096774,-0.590615385,0.846153846,0.836323409,7,94,8,0.1473,0.81216,93,0.14784,0.79901,8,100,5,0.14058,0.85098,99,0.14125,0.83626,25,58,52,0.3851,0.31065,55,0.39497,0.29907,39,15,108,0.74258,0.1611,12,0.76224,0.15497,3.225282382,2.086923441,2.600845432,2.518561647,1.375954,1.283164,0.952222,-1.627191,-1.984147,6.929707,6.906488,-0.023219,6.9180975,2.936512127,0.970744711,-1.473988734,3.318131623,-2.189432043,-2.100973586,2.659109406,0.419256202,-1.63024,0.492034,-0.121235
257,CrYNF2,AA,bridge,1.4,1.66,0.6758412,12,6.76651,0.65,3.04,-0.07,5,14.53413,0.5,3.98,3.401189824,7,17.42282,1.8,1.22,0.30712,11,6.21726,-0.4,-0.9,-1.3,-0.0625,1.38,1.82,2.32,2.76,0.44,3,4,1.221052632,1.2,0.673170732,0.742857143,1.813882532,1.615384615,1.6,1.44,1,3,2.54,2,5.6,6.491885,70.450975,0.777777778,1.360655738,2.200576973,1.090909091,1.088342775,7,94,8,0.1473,0.81216,93,0.14784,0.79901,9,106,3,0.13207,0.90585,106,0.1304,0.90585,39,15,108,0.74258,0.1611,12,0.76224,0.15497,24,54,56,0.40019,0.29894,51,0.41024,0.28794,3.218055375,2.165817371,2.720861551,2.053557977,1.637481,0.724313,0.799017,-1.75997,-1.400838,3.835852333,5.005449,1.169596667,4.420650667,1.608079279,2.097784623,-5.830595433,-1.347265119,1.288806664,-5.739136958,0.778464592,1.200556978,-2.077884,0.49626,1.859458
437,TaYCF2,BA,m2,1.45,1.5,0.32312,11,7.549571,0.7,2.55,1.262113612,4,11.260288,0.5,3.98,3.401189824,7,17.42282,1.8,1.22,0.30712,11,6.21726,-0.35,-0.95,-1.3,-0.053846154,1.05,1.33,2.48,2.76,0.28,2,2,1.271794872,1.2,0.488372093,0.532,2.604151404,2.255639098,1.625,1.36,1,2,2.62,3,5.2,6.8834155,134.926865,0.805555556,1.229508197,1.0520969,1,1.214292309,6,88,12,0.15167,0.78879,87,0.15208,0.77673,9,106,3,0.13207,0.90585,106,0.1304,0.90585,39,15,108,0.74258,0.1611,12,0.76224,0.15497,73,52,69,0.54867,0.21804,49,0.56231,0.21007,3.223017671,2.325538221,2.588930485,2.210997316,1.876441,0.7445,0.795564,-1.784465,-1.632038,3.903423,3.883867,-0.019556,3.893645,1.789817511,2.251492809,-6.402070963,0.519276528,1.418230357,-5.704067642,1.130220608,1.994160138,-1.963706,0.49743,1.14347
428,WYCBr2,AA,x,1.35,2.36,0.816268,14,7.86403,0.7,2.55,1.262113612,4,11.260288,1.15,2.96,3.3635883,7,11.81381,1.8,1.22,0.30712,11,6.21726,-0.45,-0.2,-0.65,-0.071428571,0.19,1.33,0.6,1.74,1.14,2.5,3,0.24,0.589830508,0.092682927,0.532,2.589473684,1.108703963,1.575,1.79,1,3,1.17,2.5,5.4,7.040645,136.372925,0.75,1.93442623,2.657814535,1.272727273,1.264870699,6,88,12,0.15167,0.78879,87,0.15208,0.77673,35,108,10,0.19779,0.60484,108,0.1953,0.60484,39,15,108,0.74258,0.1611,12,0.76224,0.15497,74,56,66,0.52343,0.22855,53,0.5367,0.22009,3.509488028,2.777472744,3.359622539,2.171202404,1.655405,0.487974,0.66807,-1.619851,-1.191598,4.603888667,4.057763,-0.546125667,4.330825833,3.482369532,2.212570522,-3.199710149,-0.045378436,2.827138172,-3.68294012,0.085807059,2.385869124,-0.689731,0.497437,2.098941
243,HfVNO2,AA,m1,1.55,1.3,0.17807,10,6.82507,0.65,3.04,-0.07,5,14.53413,0.6,3.44,1.4611053,6,13.618055,1.35,1.63,0.527662,13,6.746187,0.2,-0.95,-0.75,0.034482759,1.74,1.41,2.14,1.81,-0.33,2.5,1,0.995348837,0.928205128,0.790909091,0.705,1.258487036,1.316603019,1.45,1.465,2,1,1.975,1.5,5.2,6.7856285,114.71575,1.148148148,0.797546012,0.33746982,0.769230769,1.011692976,7,94,8,0.1473,0.81216,93,0.14784,0.79901,8,100,5,0.14058,0.85098,99,0.14125,0.83626,23,50,60,0.41533,0.28804,47,0.42558,0.27756,72,48,71,0.57475,0.20815,45,0.58884,0.2006,3.098859759,2.065272089,2.752530785,2.206297109,1.728696,1.223244,1.071143,-1.781589,-2.241493,5.992652667,5.143846667,-0.848806,5.568249667,2.911452873,0.973546973,-3.088309569,0.98723145,0.080234674,-3.472582294,0.725891812,0.254380772,-2.123579,0.498054,0.625987
354,VHfNO2,AA,m1,1.35,1.63,0.527662,13,6.746187,0.65,3.04,-0.07,5,14.53413,0.6,3.44,1.4611053,6,13.618055,1.55,1.3,0.17807,10,6.82507,-0.2,-0.75,-0.95,-0.034482759,1.41,1.74,1.81,2.14,0.33,2.5,1,0.928205128,0.995348837,0.705,0.790909091,1.316603019,1.258487036,1.45,1.465,2,1,1.975,1.5,5.2,6.7856285,114.71575,0.870967742,1.253846154,2.963227944,1.3,0.98844217,7,94,8,0.1473,0.81216,93,0.14784,0.79901,8,100,5,0.14058,0.85098,99,0.14125,0.83626,72,48,71,0.57475,0.20815,45,0.58884,0.2006,23,50,60,0.41533,0.28804,47,0.42558,0.27756,3.098734413,1.99061199,2.75269188,2.164989213,1.716288,1.071164,1.225509,-2.230895,-1.782067,5.159971667,6.012861333,0.852889667,5.5864165,2.769631595,0.975406208,-3.099880851,0.080758125,0.993394336,-3.644524318,0.377419338,0.823402837,-2.123575,0.498058,-0.800553
515,MnZrNO2,AA,m1,1.4,1.55,-0.52,13,7.434038,0.65,3.04,-0.07,5,14.53413,0.6,3.44,1.4611053,6,13.618055,1.55,1.33,0.433289,12,6.634126,-0.15,-0.8,-0.95,-0.025423729,1.49,1.71,1.89,2.11,0.22,3.5,3,0.945,0.981395349,0.726829268,0.777272727,1.300167785,1.262613899,1.475,1.44,1,3,2,0.5,5.6,7.034082,73.0810225,0.903225806,1.165413534,-1.200122782,1.083333333,1.12057534,7,94,8,0.1473,0.81216,93,0.14784,0.79901,8,100,5,0.14058,0.85098,99,0.14125,0.83626,40,47,68,0.50364,0.23753,44,0.51595,0.22894,25,58,52,0.3851,0.31065,55,0.39497,0.29907,3.127851969,1.995308455,2.647878882,2.108254149,1.577362,0.922029,1.23428,-2.248041,-1.485629,5.124396333,6.497151667,1.372755333,5.810774,2.721917535,0.976435301,-2.905774257,-1.906422902,1.007804508,-3.505681977,-0.01559895,0.787151202,-1.703748,0.498541,-0.640392
147,TaScNF2,AA,bridge,1.45,1.5,0.32312,11,7.549571,0.65,3.04,-0.07,5,14.53413,0.5,3.98,3.401189824,7,17.42282,1.6,1.36,0.1882,11,6.56149,-0.15,-0.95,-1.1,-0.024590164,1.54,1.68,2.48,2.62,0.14,2,2,1.271794872,1.247619048,0.733333333,0.746666667,1.734265734,1.670918367,1.525,1.43,2,2,2.55,3,5.4,7.0555305,112.951896,0.90625,1.102941176,1.716896918,1,1.1505879,7,94,8,0.1473,0.81216,93,0.14784,0.79901,9,106,3,0.13207,0.90585,106,0.1304,0.90585,21,14,105,0.6303,0.1898,11,0.64709,0.18255,73,52,69,0.54867,0.21804,49,0.56231,0.21007,3.085093266,2.306167119,3.006526313,2.192178662,1.834879,0.759987,0.779811,-1.738259,-1.636418,4.140665333,4.441701667,0.301036333,4.2911835,1.75573736,2.132019349,-6.299917661,0.295469126,1.400933116,-6.346859724,0.209425628,1.336995388,-2.252659,0.501881,0.836521
159,ScTaNF2,AA,bridge,1.6,1.36,0.1882,11,6.56149,0.65,3.04,-0.07,5,14.53413,0.5,3.98,3.401189824,7,17.42282,1.45,1.5,0.32312,11,7.549571,0.15,-1.1,-0.95,0.024590164,1.68,1.54,2.62,2.48,-0.14,2,2,1.247619048,1.271794872,0.746666667,0.733333333,1.670918367,1.734265734,1.525,1.43,2,2,2.55,3,5.4,7.0555305,112.951896,1.103448276,0.906666667,0.58244615,1,0.869120908,7,94,8,0.1473,0.81216,93,0.14784,0.79901,9,106,3,0.13207,0.90585,106,0.1304,0.90585,73,52,69,0.54867,0.21804,49,0.56231,0.21007,21,14,105,0.6303,0.1898,11,0.64709,0.18255,3.084630284,2.173577828,3.006766006,2.134424196,1.829395,0.777644,0.753682,-1.624168,-1.736555,4.444943,4.1334,-0.311543,4.2891715,3.675610449,2.861902908,-6.299636044,1.397554995,0.294974898,-6.632920946,1.235553936,0.078302879,-2.252655,0.501884,2.065721
486,MnHfNO2,AA,x,1.4,1.55,-0.52,13,7.434038,0.65,3.04,-0.07,5,14.53413,0.6,3.44,1.4611053,6,13.618055,1.55,1.3,0.17807,10,6.82507,-0.15,-0.8,-0.95,-0.025423729,1.49,1.74,1.89,2.14,0.25,3.5,3,0.945,0.995348837,0.726829268,0.790909091,1.300167785,1.258487036,1.475,1.425,2,3,2.015,0.5,5.6,7.129554,116.7140225,0.903225806,1.192307692,-2.920199921,1.3,1.089225165,7,94,8,0.1473,0.81216,93,0.14784,0.79901,8,100,5,0.14058,0.85098,99,0.14125,0.83626,72,48,71,0.57475,0.20815,45,0.58884,0.2006,25,58,52,0.3851,0.31065,55,0.39497,0.29907,3.107242438,1.985359071,2.667996742,2.117170734,1.600771,0.921299,1.224098,-2.267682,-1.478484,4.953031,6.458250333,1.505219333,5.705640667,3.426293939,2.727305603,-2.743422502,-0.326017329,1.576677305,-2.916033972,0.137484755,1.257644366,-1.76692,0.501907,2.146744
14,MoWNBr2,AA,m2,1.45,2.16,0.74733,14,7.09243,0.65,3.04,-0.07,5,14.53413,1.15,2.96,3.3635883,7,11.81381,1.35,2.36,0.816268,14,7.86403,0.1,-0.3,-0.2,0.017857143,0.88,0.68,0.8,0.6,-0.2,4.5,1,0.307692308,0.24,0.419047619,0.34,0.734265734,0.705882353,1.4,2.26,1,0,0.7,0.5,6.2,7.47823,139.89,1.074074074,0.915254237,0.915544895,1,0.901882368,7,94,8,0.1473,0.81216,93,0.14784,0.79901,35,108,10,0.19779,0.60484,108,0.1953,0.60484,74,56,66,0.52343,0.22855,53,0.5367,0.22009,42,55,61,0.46178,0.25907,52,0.47342,0.24951,3.39319569,2.742915102,3.225432725,2.370763696,1.387871,0.478636,0.489777,-1.409387,-0.946898,3.466089667,3.901523333,0.435433667,3.6838065,3.119651452,2.154861777,-4.035994695,-0.903302976,-0.798513586,-3.671663093,-0.463398889,-0.432199334,-0.128302,0.501913,1.524896
247,HfMnNO2,AA,m1,1.55,1.3,0.17807,10,6.82507,0.65,3.04,-0.07,5,14.53413,0.6,3.44,1.4611053,6,13.618055,1.4,1.55,-0.52,13,7.434038,0.15,-0.95,-0.8,0.025423729,1.74,1.49,2.14,1.89,-0.25,3.5,3,0.995348837,0.945,0.790909091,0.726829268,1.258487036,1.300167785,1.475,1.425,2,3,2.015,0.5,5.6,7.129554,116.7140225,1.107142857,0.838709677,-0.342442308,0.769230769,0.918083819,7,94,8,0.1473,0.81216,93,0.14784,0.79901,8,100,5,0.14058,0.85098,99,0.14125,0.83626,25,58,52,0.3851,0.31065,55,0.39497,0.29907,72,48,71,0.57475,0.20815,45,0.58884,0.2006,3.10678203,2.067461038,2.668066411,2.195774586,1.602627,1.22372,0.918397,-1.479066,-2.265678,6.432493667,4.925931,-1.506562667,5.679212333,2.922172696,0.973751548,-2.848310975,1.384517432,0.136658909,-2.948087459,1.217137476,0.039787787,-1.766912,0.501915,0.108253
493,CrWNBr2,AA,x,1.4,1.66,0.6758412,12,6.76651,0.65,3.04,-0.07,5,14.53413,1.15,2.96,3.3635883,7,11.81381,1.35,2.36,0.816268,14,7.86403,0.05,-0.25,-0.2,0.009090909,1.38,0.68,1.3,0.6,-0.7,4.5,1,0.509803922,0.24,0.673170732,0.34,0.75731742,0.705882353,1.375,2.01,2,0,0.95,0.5,6.2,7.31527,117.91805,1.037037037,0.703389831,0.827964835,0.857142857,0.860437969,7,94,8,0.1473,0.81216,93,0.14784,0.79901,35,108,10,0.19779,0.60484,108,0.1953,0.60484,74,56,66,0.52343,0.22855,53,0.5367,0.22009,24,54,56,0.40019,0.29894,51,0.41024,0.28794,3.386116649,2.662165221,3.338443802,2.151842814,1.401564,0.481768,0.493816,-1.346562,-1.030586,3.809928333,4.722916667,0.912988333,4.2664225,2.907149973,1.945257993,-3.341414949,-1.073343249,-0.158964435,-3.708180823,1.367469523,-0.500950456,-0.128572,0.503999,1.644793
284,YTaCSe2,AA,bridge,1.8,1.22,0.30712,11,6.21726,0.7,2.55,1.262113612,4,11.260288,1.15,2.55,2.020604712,6,9.752392,1.45,1.5,0.32312,11,7.549571,0.35,-0.65,-0.3,0.053846154,1.33,1.05,1.33,1.05,-0.28,2,2,0.450847458,0.403846154,0.532,0.488372093,0.847457627,0.826923077,1.625,1.36,1,2,1.19,2,4.8,6.8834155,134.926865,1.24137931,0.813333333,0.950482793,1,0.823524939,6,88,12,0.15167,0.78879,87,0.15208,0.77673,34,102,14,0.21954,0.54493,101,0.22068,0.53528,73,52,69,0.54867,0.21804,49,0.56231,0.21007,39,15,108,0.74258,0.1611,12,0.76224,0.15497,3.437276498,2.851498001,3.459490779,2.515741023,1.889882,0.74344,0.707505,-1.717236,-1.62359,5.116369667,5.823930333,0.707560667,5.47015,2.342803842,1.75256145,-1.475359121,2.71048072,1.233094387,-1.565839144,2.585034856,1.234453756,-0.75263,0.505706,-0.049372
549,MnTaNBr2,BB,m1,1.4,1.55,-0.52,13,7.434038,0.65,3.04,-0.07,5,14.53413,1.15,2.96,3.3635883,7,11.81381,1.45,1.5,0.32312,11,7.549571,-0.05,-0.25,-0.3,-0.00877193,1.49,1.54,1.41,1.46,0.05,4,2,0.552941176,0.561538462,0.726829268,0.733333333,0.760757994,0.765734266,1.425,1.525,2,2,1.435,1,6.2,7.4918045,117.9429625,0.965517241,1.033333333,-1.609309235,1.181818182,0.984696746,7,94,8,0.1473,0.81216,93,0.14784,0.79901,35,108,10,0.19779,0.60484,108,0.1953,0.60484,73,52,69,0.54867,0.21804,49,0.56231,0.21007,25,58,52,0.3851,0.31065,55,0.39497,0.29907,3.304404742,2.612981843,2.976315759,2.366660824,1.654763,0.524463,0.534998,-1.625281,-1.088944,3.158941667,4.966839333,1.807897667,4.0628905,2.87906899,1.92020644,-3.382261162,-2.342290962,0.357026354,-4.03589481,0.592197572,-0.256619179,-0.506017,0.509796,1.55061
580,TaMnNBr2,BB,m2,1.45,1.5,0.32312,11,7.549571,0.65,3.04,-0.07,5,14.53413,1.15,2.96,3.3635883,7,11.81381,1.4,1.55,-0.52,13,7.434038,0.05,-0.3,-0.25,0.00877193,1.54,1.49,1.46,1.41,-0.05,4,2,0.561538462,0.552941176,0.733333333,0.726829268,0.765734266,0.760757994,1.425,1.525,2,2,1.435,1,6.2,7.4918045,117.9429625,1.035714286,0.967741935,-0.621384615,0.846153846,1.015541083,7,94,8,0.1473,0.81216,93,0.14784,0.79901,35,108,10,0.19779,0.60484,108,0.1953,0.60484,25,58,52,0.3851,0.31065,55,0.39497,0.29907,73,52,69,0.54867,0.21804,49,0.56231,0.21007,3.30479466,2.741880546,2.976165464,2.157481565,1.661719,0.52926,0.520335,-1.089419,-1.621895,4.935172667,3.127885333,-1.807287333,4.031529,3.471690941,2.401979259,-3.382928287,0.357543806,-2.342924172,-4.364377569,0.445588113,0.411229103,-0.506013,0.5098,2.026974
223,ZrWNO2,AA,m1,1.55,1.33,0.433289,12,6.634126,0.65,3.04,-0.07,5,14.53413,0.6,3.44,1.4611053,6,13.618055,1.35,2.36,0.816268,14,7.86403,0.2,-0.95,-0.75,0.034482759,1.71,0.68,2.11,1.08,-1.03,3,2,0.981395349,0.553846154,0.777272727,0.34,1.262613899,1.628959276,1.45,1.845,1,2,1.595,1,5.4,7.249078,137.532,1.148148148,0.563559322,0.530817085,0.857142857,0.843603852,7,94,8,0.1473,0.81216,93,0.14784,0.79901,8,100,5,0.14058,0.85098,99,0.14125,0.83626,74,56,66,0.52343,0.22855,53,0.5367,0.22009,40,47,68,0.50364,0.23753,44,0.51595,0.22894,3.16055245,2.096552572,2.887125436,2.255521368,1.74238,1.24107,1.107479,-1.908013,-2.182917,5.608477,5.243344667,-0.365132333,5.425910833,2.941928568,0.973966679,-2.88703659,2.061875784,0.09341153,-3.552578295,1.753460008,-0.02942563,-1.722535,0.511259,0.110712
513,WZrNO2,AA,m1,1.35,2.36,0.816268,14,7.86403,0.65,3.04,-0.07,5,14.53413,0.6,3.44,1.4611053,6,13.618055,1.55,1.33,0.433289,12,6.634126,-0.2,-0.75,-0.95,-0.034482759,0.68,1.71,1.08,2.11,1.03,3,2,0.553846154,0.981395349,0.34,0.777272727,1.628959276,1.262613899,1.45,1.845,1,2,1.595,1,5.4,7.249078,137.532,0.870967742,1.77443609,1.883888121,1.166666667,1.18539051,7,94,8,0.1473,0.81216,93,0.14784,0.79901,8,100,5,0.14058,0.85098,99,0.14125,0.83626,40,47,68,0.50364,0.23753,44,0.51595,0.22894,74,56,66,0.52343,0.22855,53,0.5367,0.22009,3.16064387,2.122361329,2.887156014,2.158861084,1.745399,1.10811,1.244961,-2.196397,-1.902075,5.248931,5.614968333,0.366037333,5.431949667,2.877690997,0.976260568,-2.890198504,0.09199452,2.061696904,-3.725540288,-0.236122583,1.728146043,-1.722534,0.51126,-0.385876
256,WVNF2,AA,x,1.35,2.36,0.816268,14,7.86403,0.65,3.04,-0.07,5,14.53413,0.5,3.98,3.401189824,7,17.42282,1.35,1.63,0.527662,13,6.746187,0,-0.85,-0.85,0,0.68,1.41,1.62,2.35,0.73,3.5,1,0.875675676,1.27027027,0.34,0.705,2.575516693,1.801801802,1.35,1.995,2,1,1.985,1.5,6,7.3051085,117.39075,1,1.447852761,1.546952405,1.076923077,1.165699972,7,94,8,0.1473,0.81216,93,0.14784,0.79901,9,106,3,0.13207,0.90585,106,0.1304,0.90585,23,50,60,0.41533,0.28804,47,0.42558,0.27756,74,56,66,0.52343,0.22855,53,0.5367,0.22009,3.189151949,2.299542428,2.777629712,2.066659108,1.508608,0.733928,0.740612,-1.457187,-1.525958,4.776940667,4.150026333,-0.626914333,4.4634835,2.026311292,2.175896333,-5.927847375,-0.61222697,0.405128542,-5.375740225,-0.071267452,0.407299922,-1.288726,0.511467,0.301888
237,ZrMoNF2,AA,m2,1.55,1.33,0.433289,12,6.634126,0.65,3.04,-0.07,5,14.53413,0.5,3.98,3.401189824,7,17.42282,1.45,2.16,0.74733,14,7.09243,0.1,-1.05,-0.95,0.016666667,1.71,0.88,2.65,1.82,-0.83,3.5,3,1.292682927,0.933333333,0.777272727,0.419047619,1.663100842,2.227272727,1.5,1.745,0,2,2.235,1.5,5.8,6.863278,93.582,1.068965517,0.615740741,0.579782693,0.857142857,0.935381245,7,94,8,0.1473,0.81216,93,0.14784,0.79901,9,106,3,0.13207,0.90585,106,0.1304,0.90585,42,55,61,0.46178,0.25907,52,0.47342,0.24951,40,47,68,0.50364,0.23753,44,0.51595,0.22894,3.281327889,2.312704906,2.88846351,2.228502775,1.606077,0.790683,0.732689,-1.311449,-1.817997,4.957106667,3.569019,-1.388087667,4.263062833,1.86261069,2.272670248,-5.775140188,1.607039899,-0.39231221,-5.537031824,1.876279497,0.32136629,-1.818547,0.512888,1.526536
338,MoZrNF2,AA,m2,1.45,2.16,0.74733,14,7.09243,0.65,3.04,-0.07,5,14.53413,0.5,3.98,3.401189824,7,17.42282,1.55,1.33,0.433289,12,6.634126,-0.1,-0.95,-1.05,-0.016666667,0.88,1.71,1.82,2.65,0.83,3.5,3,0.933333333,1.292682927,0.419047619,0.777272727,2.227272727,1.663100842,1.5,1.745,0,2,2.235,1.5,5.8,6.863278,93.582,0.935483871,1.62406015,1.724784151,1.166666667,1.0690828,7,94,8,0.1473,0.81216,93,0.14784,0.79901,9,106,3,0.13207,0.90585,106,0.1304,0.90585,40,47,68,0.50364,0.23753,44,0.51595,0.22894,42,55,61,0.46178,0.25907,52,0.47342,0.24951,3.282251017,2.299004733,2.887311449,2.087995044,1.612031,0.733049,0.792481,-1.822578,-1.314982,3.59433,4.984466667,1.390136667,4.289398333,1.688076544,2.192678564,-5.77279809,-0.393311438,1.605700364,-5.733262441,0.172873752,1.607746672,-1.818544,0.512891,1.185982
510,HfWCO2,AB,m1,1.55,1.3,0.17807,10,6.82507,0.7,2.55,1.262113612,4,11.260288,0.6,3.44,1.4611053,6,13.618055,1.35,2.36,0.816268,14,7.86403,0.2,-0.95,-0.75,0.034482759,1.25,0.19,2.14,1.08,-1.06,3,2,0.995348837,0.553846154,0.555555556,0.092682927,1.791627907,5.975708502,1.45,1.83,0,2,1.61,1,5.2,7.34455,181.165,1.148148148,0.550847458,0.218151391,0.714285714,0.867884532,6,88,12,0.15167,0.78879,87,0.15208,0.77673,8,100,5,0.14058,0.85098,99,0.14125,0.83626,74,56,66,0.52343,0.22855,53,0.5367,0.22009,72,48,71,0.57475,0.20815,45,0.58884,0.2006,3.076259897,2.060974988,2.45547345,2.263459985,1.713712,1.204588,1.020477,-1.75482,-2.183957,5.900783667,4.776871,-1.123912667,5.338827333,2.925630889,0.976463067,-3.46852323,0.709974225,-0.213137697,-3.993519379,0.400077617,-0.532463828,-1.685798,0.515519,1.748369
555,Sc2CS2,AB,m1,1.6,1.36,0.1882,11,6.56149,0.7,2.55,1.262113612,4,11.260288,1,2.58,2.077104512,6,10.36001,1.6,1.36,0.1882,11,6.56149,0,-0.6,-0.6,0,1.19,1.19,1.22,1.22,0,1,0,0.469230769,0.469230769,0.517391304,0.517391304,0.906916613,0.906916613,1.6,1.36,0,0,1.22,3,4.4,6.56149,44.955912,1,1,1,1,1,6,88,12,0.15167,0.78879,87,0.15208,0.77673,16,101,9,0.1781,0.67171,100,0.17899,0.65995,21,14,105,0.6303,0.1898,11,0.64709,0.18255,21,14,105,0.6303,0.1898,11,0.64709,0.18255,3.769608088,2.468074154,1.963202081,2.670288329,1.57247,1.106995,0.664117,-1.63352,-1.710061,4.806096667,5.793305667,0.987209,5.299701167,3.493609816,1.35872579,-2.107846581,1.893969718,1.893969718,-2.926522915,1.513420036,1.513420036,-0.971332,0.52292,1.051959
100,Sc2NO2,AA,m1,1.6,1.36,0.1882,11,6.56149,0.65,3.04,-0.07,5,14.53413,0.6,3.44,1.4611053,6,13.618055,1.6,1.36,0.1882,11,6.56149,0,-1,-1,0,1.68,1.68,2.08,2.08,0,1,0,0.945454545,0.945454545,0.746666667,0.746666667,1.266233766,1.266233766,1.6,1.36,0,0,2.08,3,4.6,6.56149,44.955912,1,1,1,1,1,7,94,8,0.1473,0.81216,93,0.14784,0.79901,8,100,5,0.14058,0.85098,99,0.14125,0.83626,21,14,105,0.6303,0.1898,11,0.64709,0.18255,21,14,105,0.6303,0.1898,11,0.64709,0.18255,3.241681978,2.032162224,2.902106592,2.35307347,1.451059,1.189723,1.192926,-1.919164,-1.914543,7.299013,7.298870667,-0.000142333,7.298941833,2.805832294,0.973122871,-0.442265943,4.562307501,4.562307501,-0.833729031,4.289872554,4.289872554,-2.36723,0.525668,-1.801205
54,TaMoNF2,AA,x,1.45,1.5,0.32312,11,7.549571,0.65,3.04,-0.07,5,14.53413,0.5,3.98,3.401189824,7,17.42282,1.45,2.16,0.74733,14,7.09243,0,-0.95,-0.95,0,1.54,0.88,2.48,1.82,-0.66,4,2,1.271794872,0.933333333,0.733333333,0.419047619,1.734265734,2.227272727,1.45,1.83,1,1,2.15,1,6,7.3210005,138.44394,1,0.694444444,0.432365889,0.785714286,1.064454778,7,94,8,0.1473,0.81216,93,0.14784,0.79901,9,106,3,0.13207,0.90585,106,0.1304,0.90585,42,55,61,0.46178,0.25907,52,0.47342,0.24951,73,52,69,0.54867,0.21804,49,0.56231,0.21007,3.293920786,2.323488787,2.852634187,2.161050282,1.508651,0.775246,0.729636,-1.255472,-1.758062,4.69973,3.747251,-0.952479,4.2234905,2.102607298,2.225907706,-5.936670432,0.597944503,-0.279604024,-5.519272463,0.852536434,-0.121466782,-1.375563,0.525765,0.271493
163,ScZrCS2,AA,m1,1.6,1.36,0.1882,11,6.56149,0.7,2.55,1.262113612,4,11.260288,1,2.58,2.077104512,6,10.36001,1.55,1.33,0.433289,12,6.634126,0.05,-0.6,-0.55,0.007936508,1.19,1.22,1.22,1.25,0.03,1.5,1,0.469230769,0.490196078,0.517391304,0.542222222,0.906916613,0.904050145,1.575,1.345,1,1,1.235,2.5,4.6,6.597808,68.089956,1.032258065,1.022556391,0.43435213,0.916666667,0.989051158,6,88,12,0.15167,0.78879,87,0.15208,0.77673,16,101,9,0.1781,0.67171,100,0.17899,0.65995,40,47,68,0.50364,0.23753,44,0.51595,0.22894,21,14,105,0.6303,0.1898,11,0.64709,0.18255,3.484622234,2.489095548,3.457122631,2.475075555,1.805152,0.898648,0.8987,-1.929057,-1.673443,6.457109333,6.918005667,0.460896333,6.6875575,3.491953939,1.342788824,-0.968961879,3.664511572,2.446507151,-1.425027478,3.432423121,2.292354698,-0.981211,0.530936,-0.580281
597,ZrScCS2,AA,m1,1.55,1.33,0.433289,12,6.634126,0.7,2.55,1.262113612,4,11.260288,1,2.58,2.077104512,6,10.36001,1.6,1.36,0.1882,11,6.56149,-0.05,-0.55,-0.6,-0.007936508,1.22,1.19,1.25,1.22,-0.03,1.5,1,0.490196078,0.469230769,0.542222222,0.517391304,0.904050145,0.906916613,1.575,1.345,1,1,1.235,2.5,4.6,6.597808,68.089956,0.96875,0.977941176,2.30227949,1.090909091,1.011070047,6,88,12,0.15167,0.78879,87,0.15208,0.77673,16,101,9,0.1781,0.67171,100,0.17899,0.65995,21,14,105,0.6303,0.1898,11,0.64709,0.18255,40,47,68,0.50364,0.23753,44,0.51595,0.22894,3.48463175,2.559130836,3.456998952,2.357868497,1.803883,0.905977,0.903028,-1.676605,-1.936282,6.909855,6.449019333,-0.460835667,6.679437167,3.616688375,1.346162389,-0.968885803,2.445991035,3.667254163,-1.343200512,2.269256314,3.528591509,-0.98121,0.530937,-0.255734
302,WTaCF2,AA,m2,1.35,2.36,0.816268,14,7.86403,0.7,2.55,1.262113612,4,11.260288,0.5,3.98,3.401189824,7,17.42282,1.45,1.5,0.32312,11,7.549571,-0.1,-0.85,-0.95,-0.017857143,0.19,1.05,1.62,2.48,0.86,3.5,1,0.875675676,1.271794872,0.092682927,0.488372093,9.448079659,2.604151404,1.4,1.93,0,1,2.05,1.5,5.8,7.7068005,182.39394,0.931034483,1.573333333,2.526206982,1.272727273,1.041652565,6,88,12,0.15167,0.78879,87,0.15208,0.77673,9,106,3,0.13207,0.90585,106,0.1304,0.90585,73,52,69,0.54867,0.21804,49,0.56231,0.21007,74,56,66,0.52343,0.22855,53,0.5367,0.22009,3.23838408,2.348376111,3.007187854,2.090139588,1.720159,0.736109,0.761232,-1.769293,-1.448203,3.605472333,4.758310333,1.152838,4.181891333,1.731918657,2.284223223,-5.925671225,-0.188529152,0.564524162,-5.853893058,0.121846512,0.877941779,-1.177147,0.532021,0.567867
149,ScWCF2,AA,bridge,1.6,1.36,0.1882,11,6.56149,0.7,2.55,1.262113612,4,11.260288,0.5,3.98,3.401189824,7,17.42282,1.35,2.36,0.816268,14,7.86403,0.25,-1.1,-0.85,0.042372881,1.19,0.19,2.62,1.62,-1,2.5,3,1.247619048,0.875675676,0.517391304,0.092682927,2.411364546,9.448079659,1.475,1.86,2,3,2.12,2.5,5.4,7.21276,114.397956,1.185185185,0.576271186,0.230561531,0.785714286,0.834367366,6,88,12,0.15167,0.78879,87,0.15208,0.77673,9,106,3,0.13207,0.90585,106,0.1304,0.90585,74,56,66,0.52343,0.22855,53,0.5367,0.22009,21,14,105,0.6303,0.1898,11,0.64709,0.18255,3.147205315,2.185733776,3.089403268,2.231238075,1.731238,0.782114,0.725648,-1.519867,-1.719133,4.960838667,4.613898667,-0.34694,4.787368667,3.544746045,2.828787381,-5.480901758,2.685404282,0.25005513,-5.729042193,2.531702968,0.257322694,-1.687034,0.538271,1.430532
55,WHfNO2,AA,m1,1.35,2.36,0.816268,14,7.86403,0.65,3.04,-0.07,5,14.53413,0.6,3.44,1.4611053,6,13.618055,1.55,1.3,0.17807,10,6.82507,-0.2,-0.75,-0.95,-0.034482759,0.68,1.74,1.08,2.14,1.06,3,2,0.553846154,0.995348837,0.34,0.790909091,1.628959276,1.258487036,1.45,1.83,0,2,1.61,1,5.4,7.34455,181.165,0.870967742,1.815384615,4.583972595,1.4,1.15222701,7,94,8,0.1473,0.81216,93,0.14784,0.79901,8,100,5,0.14058,0.85098,99,0.14125,0.83626,72,48,71,0.57475,0.20815,45,0.58884,0.2006,74,56,66,0.52343,0.22855,53,0.5367,0.22009,3.139325487,2.116989722,2.920555148,2.171655632,1.757862,1.103449,1.234331,-2.218269,-1.877374,5.009200667,5.637820333,0.628619667,5.3235105,2.930840382,0.97806838,-3.344491595,-0.12690968,0.792963424,-4.04589552,-0.454119146,0.23487487,-1.760666,0.539666,-0.053763
241,MnScCSe2,BA,x,1.4,1.55,-0.52,13,7.434038,0.7,2.55,1.262113612,4,11.260288,1.15,2.55,2.020604712,6,9.752392,1.6,1.36,0.1882,11,6.56149,-0.2,-0.25,-0.45,-0.033333333,1,1.19,1,1.19,0.19,3,4,0.392156863,0.432727273,0.476190476,0.517391304,0.823529412,0.836363636,1.5,1.455,0,4,1.095,1,5.2,6.997764,49.9469785,0.875,1.139705882,-2.763018066,1.181818182,1.132980162,6,88,12,0.15167,0.78879,87,0.15208,0.77673,34,102,14,0.21954,0.54493,101,0.22068,0.53528,21,14,105,0.6303,0.1898,11,0.64709,0.18255,25,58,52,0.3851,0.31065,55,0.39497,0.29907,3.184308746,2.409201086,2.52197552,2.076311701,1.468298,0.616551,0.287322,-1.540721,-0.831451,5.379639,4.730251667,-0.649387333,5.054945333,3.553713785,1.544087872,-1.779756799,-1.177491511,2.346752529,-2.028374561,0.203021665,2.216845906,-0.413396,0.54184,1.038306
308,ScMnCSe2,AB,bridge,1.6,1.36,0.1882,11,6.56149,0.7,2.55,1.262113612,4,11.260288,1.15,2.55,2.020604712,6,9.752392,1.4,1.55,-0.52,13,7.434038,0.2,-0.45,-0.25,0.033333333,1.19,1,1.19,1,-0.19,3,4,0.432727273,0.392156863,0.517391304,0.476190476,0.836363636,0.823529412,1.5,1.455,0,4,1.095,1,5.2,6.997764,49.9469785,1.142857143,0.877419355,-0.361923077,0.846153846,0.882627988,6,88,12,0.15167,0.78879,87,0.15208,0.77673,34,102,14,0.21954,0.54493,101,0.22068,0.53528,25,58,52,0.3851,0.31065,55,0.39497,0.29907,21,14,105,0.6303,0.1898,11,0.64709,0.18255,3.183618836,2.742215351,2.522037419,2.267185552,1.475352,0.611191,0.291936,-0.83934,-1.539142,4.739667333,5.389751667,0.650084333,5.0647095,2.224449821,1.700382097,-1.786374759,2.365251153,-1.1762338,-1.89270095,2.247516833,0.089648573,-0.41339,0.541846,0.496513
310,VScCS2,AA,m1,1.35,1.63,0.527662,13,6.746187,0.7,2.55,1.262113612,4,11.260288,1,2.58,2.077104512,6,10.36001,1.6,1.36,0.1882,11,6.56149,-0.25,-0.35,-0.6,-0.042372881,0.92,1.19,0.95,1.22,0.27,2,2,0.404255319,0.469230769,0.448780488,0.517391304,0.900786309,0.906916613,1.475,1.495,0,2,1.085,2,4.8,6.6538385,47.948706,0.84375,1.198529412,2.803730074,1.181818182,1.028148637,6,88,12,0.15167,0.78879,87,0.15208,0.77673,16,101,9,0.1781,0.67171,100,0.17899,0.65995,21,14,105,0.6303,0.1898,11,0.64709,0.18255,23,50,60,0.41533,0.28804,47,0.42558,0.27756,3.258737912,2.420453751,3.103678151,2.105712118,1.564452,0.634609,0.898461,-1.596662,-1.500859,6.391888333,5.830315,-0.561573333,6.111101667,3.359811594,1.354181758,-1.452393831,0.345489247,2.63972994,-1.877422006,0.616109284,2.454677714,-0.718708,0.543934,0.384781
521,ScVCS2,AA,bridge,1.6,1.36,0.1882,11,6.56149,0.7,2.55,1.262113612,4,11.260288,1,2.58,2.077104512,6,10.36001,1.35,1.63,0.527662,13,6.746187,0.25,-0.6,-0.35,0.042372881,1.19,0.92,1.22,0.95,-0.27,2,2,0.469230769,0.404255319,0.517391304,0.448780488,0.906916613,0.900786309,1.475,1.495,0,2,1.085,2,4.8,6.6538385,47.948706,1.185185185,0.834355828,0.356667715,0.846153846,0.972622016,6,88,12,0.15167,0.78879,87,0.15208,0.77673,16,101,9,0.1781,0.67171,100,0.17899,0.65995,23,50,60,0.41533,0.28804,47,0.42558,0.27756,21,14,105,0.6303,0.1898,11,0.64709,0.18255,3.258723267,2.413110655,3.103671717,2.443494966,1.570764,0.906656,0.625475,-1.495162,-1.607733,5.840334333,6.401608,0.561273667,6.120971167,2.125088762,1.630529035,-1.451908814,2.639187048,0.346500433,-1.549909126,2.505740033,0.422792813,-0.718706,0.543937,-0.376163
443,WYCSe2,BA,bridge,1.35,2.36,0.816268,14,7.86403,0.7,2.55,1.262113612,4,11.260288,1.15,2.55,2.020604712,6,9.752392,1.8,1.22,0.30712,11,6.21726,-0.45,-0.2,-0.65,-0.071428571,0.19,1.33,0.19,1.33,1.14,2.5,3,0.076,0.450847458,0.092682927,0.532,0.82,0.847457627,1.575,1.79,1,3,0.76,1.5,5,7.040645,136.372925,0.75,1.93442623,2.657814535,1.272727273,1.264870699,6,88,12,0.15167,0.78879,87,0.15208,0.77673,34,102,14,0.21954,0.54493,101,0.22068,0.53528,39,15,108,0.74258,0.1611,12,0.76224,0.15497,74,56,66,0.52343,0.22855,53,0.5367,0.22009,3.323933211,2.583891082,2.858291894,2.22606962,1.708906,0.480587,0.64638,-1.602171,-1.233702,5.664767333,4.862749667,-0.802017667,5.2637585,1.775136481,1.986726968,-1.724975517,0.345626625,1.770464551,-2.204622942,-0.24163048,1.236771191,-0.537758,0.546204,1.499556
275,YCrNO2,AA,m1,1.8,1.22,0.30712,11,6.21726,0.65,3.04,-0.07,5,14.53413,0.6,3.44,1.4611053,6,13.618055,1.4,1.66,0.6758412,12,6.76651,0.4,-1.2,-0.8,0.0625,1.82,1.38,2.22,1.78,-0.44,3,4,0.925,0.89,0.742857143,0.673170732,1.245192308,1.322101449,1.6,1.44,1,3,2,1,5.2,6.491885,70.450975,1.285714286,0.734939759,0.454426276,0.916666667,0.91882817,7,94,8,0.1473,0.81216,93,0.14784,0.79901,8,100,5,0.14058,0.85098,99,0.14125,0.83626,24,54,56,0.40019,0.29894,51,0.41024,0.28794,39,15,108,0.74258,0.1611,12,0.76224,0.15497,3.221393418,2.086165075,2.597702407,2.519729363,1.432505,1.282321,0.970077,-1.703926,-1.980976,6.268091667,7.206421667,0.93833,6.737256667,2.927575155,0.970783007,-1.256012491,3.140128996,-0.674027383,-2.139372026,2.954458379,1.444210434,-1.695462,0.548326,-1.081553
593,YTaCS2,AA,bridge,1.8,1.22,0.30712,11,6.21726,0.7,2.55,1.262113612,4,11.260288,1,2.58,2.077104512,6,10.36001,1.45,1.5,0.32312,11,7.549571,0.35,-0.8,-0.45,0.053846154,1.33,1.05,1.36,1.08,-0.28,2,2,0.485714286,0.440816327,0.532,0.488372093,0.912996778,0.902623907,1.625,1.36,1,2,1.22,2,4.8,6.8834155,134.926865,1.24137931,0.813333333,0.950482793,1,0.823524939,6,88,12,0.15167,0.78879,87,0.15208,0.77673,16,101,9,0.1781,0.67171,100,0.17899,0.65995,73,52,69,0.54867,0.21804,49,0.56231,0.21007,39,15,108,0.74258,0.1611,12,0.76224,0.15497,3.480506678,2.540196445,3.255665497,2.70020308,1.779351,1.023172,0.842429,-1.937467,-1.707485,5.775485333,6.396162667,0.620677333,6.085824,2.249035767,1.659629444,-1.278131755,3.078778721,1.242267515,-1.48938099,2.895284598,1.166087256,-0.852763,0.548576,-0.114497
324,YScNS2,AA,bridge,1.8,1.22,0.30712,11,6.21726,0.65,3.04,-0.07,5,14.53413,1,2.58,2.077104512,6,10.36001,1.6,1.36,0.1882,11,6.56149,0.2,-0.8,-0.6,0.029411765,1.82,1.68,1.36,1.22,-0.14,1,0,0.485714286,0.469230769,0.742857143,0.746666667,0.653846154,0.628434066,1.7,1.29,1,0,1.29,3,4.6,6.389375,66.930881,1.125,0.897058824,1.631880978,1,0.947537831,7,94,8,0.1473,0.81216,93,0.14784,0.79901,16,101,9,0.1781,0.67171,100,0.17899,0.65995,21,14,105,0.6303,0.1898,11,0.64709,0.18255,39,15,108,0.74258,0.1611,12,0.76224,0.15497,3.508033161,2.705283251,3.476982065,2.420064708,1.789034,0.845053,0.925617,-1.735693,-1.824011,7.097286667,7.099923333,0.002636667,7.098605,2.332855166,1.660427086,-0.54077704,3.208930154,3.667582152,-0.629791285,3.001412413,3.657254261,-1.325054,0.558483,-0.796213
169,WYNO2,BA,x,1.35,2.36,0.816268,14,7.86403,0.65,3.04,-0.07,5,14.53413,0.6,3.44,1.4611053,6,13.618055,1.8,1.22,0.30712,11,6.21726,-0.45,-0.75,-1.2,-0.071428571,0.68,1.82,1.08,2.22,1.14,2.5,3,0.553846154,0.925,0.34,0.742857143,1.628959276,1.245192308,1.575,1.79,1,3,1.65,1.5,5.2,7.040645,136.372925,0.75,1.93442623,2.657814535,1.272727273,1.264870699,7,94,8,0.1473,0.81216,93,0.14784,0.79901,8,100,5,0.14058,0.85098,99,0.14125,0.83626,39,15,108,0.74258,0.1611,12,0.76224,0.15497,74,56,66,0.52343,0.22855,53,0.5367,0.22009,3.114427415,2.143992679,2.423859717,2.193441167,1.536876,1.249562,1.019503,-1.936533,-1.86941,6.092142667,5.937128667,-0.155014,6.014635667,2.905907362,0.977723332,-2.739502505,-0.157551639,1.363135984,-3.759092182,-0.788567514,0.377204769,-1.735487,0.559282,1.051425
20,VYNS2,AA,bridge,1.35,1.63,0.527662,13,6.746187,0.65,3.04,-0.07,5,14.53413,1,2.58,2.077104512,6,10.36001,1.8,1.22,0.30712,11,6.21726,-0.45,-0.35,-0.8,-0.071428571,1.41,1.82,0.95,1.36,0.41,2,2,0.404255319,0.485714286,0.705,0.742857143,0.5734118,0.653846154,1.575,1.425,1,2,1.155,2,5,6.4817235,69.923675,0.75,1.336065574,1.718097161,1.181818182,1.085073971,7,94,8,0.1473,0.81216,93,0.14784,0.79901,16,101,9,0.1781,0.67171,100,0.17899,0.65995,39,15,108,0.74258,0.1611,12,0.76224,0.15497,23,50,60,0.41533,0.28804,47,0.42558,0.27756,3.320888094,2.390265688,3.155385359,2.199944764,1.653188,0.721515,0.841478,-1.698089,-1.518093,6.632290333,5.747873333,-0.884417,6.190081833,1.901215176,1.670874033,-1.511043751,-0.01268597,1.940830382,-1.606116872,0.526107242,1.786012248,-0.971603,0.563311,0.497912
177,YVNS2,AA,bridge,1.8,1.22,0.30712,11,6.21726,0.65,3.04,-0.07,5,14.53413,1,2.58,2.077104512,6,10.36001,1.35,1.63,0.527662,13,6.746187,0.45,-0.8,-0.35,0.071428571,1.82,1.41,1.36,0.95,-0.41,2,2,0.485714286,0.404255319,0.742857143,0.705,0.653846154,0.5734118,1.575,1.425,1,2,1.155,2,5,6.4817235,69.923675,1.333333333,0.748466258,0.58203926,0.846153846,0.921596155,7,94,8,0.1473,0.81216,93,0.14784,0.79901,16,101,9,0.1781,0.67171,100,0.17899,0.65995,23,50,60,0.41533,0.28804,47,0.42558,0.27756,39,15,108,0.74258,0.1611,12,0.76224,0.15497,3.319793757,2.650741893,3.155135826,2.404895698,1.652561,0.839994,0.730667,-1.525884,-1.697339,5.762541333,6.646123,0.883581667,6.204332167,2.350815328,1.611407404,-1.510861637,1.942233868,-0.012388653,-1.623282952,1.822058102,0.657842112,-0.971601,0.563313,-0.611852
453,ScMoCO2,AB,m1,1.6,1.36,0.1882,11,6.56149,0.7,2.55,1.262113612,4,11.260288,0.6,3.44,1.4611053,6,13.618055,1.45,2.16,0.74733,14,7.09243,0.15,-1,-0.85,0.024590164,1.19,0.39,2.08,1.28,-0.8,3,4,0.945454545,0.624390244,0.517391304,0.181395349,1.827349121,3.442151345,1.525,1.76,1,3,1.68,1,5,6.82696,70.447956,1.103448276,0.62962963,0.251829848,0.785714286,0.925139903,6,88,12,0.15167,0.78879,87,0.15208,0.77673,8,100,5,0.14058,0.85098,99,0.14125,0.83626,42,55,61,0.46178,0.25907,52,0.47342,0.24951,21,14,105,0.6303,0.1898,11,0.64709,0.18255,3.06391448,1.96730093,2.357001923,2.4466792,1.375095,1.196593,0.946001,-1.687061,-1.830628,7.698922,6.930921667,-0.768000333,7.314921833,2.772778984,0.971769128,-1.358042254,3.165109227,0.75425681,-1.993221897,2.962847401,0.707328658,-1.518576,0.565341,-0.970595
520,WHfCF2,AA,x,1.35,2.36,0.816268,14,7.86403,0.7,2.55,1.262113612,4,11.260288,0.5,3.98,3.401189824,7,17.42282,1.55,1.3,0.17807,10,6.82507,-0.2,-0.85,-1.05,-0.034482759,0.19,1.25,1.62,2.68,1.06,3,2,0.875675676,1.307317073,0.092682927,0.555555556,9.448079659,2.353170732,1.45,1.83,0,2,2.15,2,5.6,7.34455,181.165,0.870967742,1.815384615,4.583972595,1.4,1.15222701,6,88,12,0.15167,0.78879,87,0.15208,0.77673,9,106,3,0.13207,0.90585,106,0.1304,0.90585,72,48,71,0.57475,0.20815,45,0.58884,0.2006,74,56,66,0.52343,0.22855,53,0.5367,0.22009,3.184593695,2.342281585,3.089083641,2.108058419,1.83383,0.736586,0.771254,-1.870331,-1.471338,3.481086667,5.086243,1.605156333,4.283664833,4.078907479,2.863090165,-6.207403956,-0.437647719,0.762253844,-6.204960031,-0.498695173,0.729166814,-1.548954,0.566457,2.548413
591,VZrCO2,AA,m1,1.35,1.63,0.527662,13,6.746187,0.7,2.55,1.262113612,4,11.260288,0.6,3.44,1.4611053,6,13.618055,1.55,1.33,0.433289,12,6.634126,-0.2,-0.75,-0.95,-0.034482759,0.92,1.22,1.81,2.11,0.3,2.5,1,0.928205128,0.981395349,0.448780488,0.542222222,2.068283166,1.809950438,1.45,1.48,1,1,1.96,1.5,5,6.6901565,71.08275,0.870967742,1.22556391,1.217806129,1.083333333,1.0168916,6,88,12,0.15167,0.78879,87,0.15208,0.77673,8,100,5,0.14058,0.85098,99,0.14125,0.83626,40,47,68,0.50364,0.23753,44,0.51595,0.22894,23,50,60,0.41533,0.28804,47,0.42558,0.27756,3.139531022,2.00403283,2.754763054,2.184744188,1.705128,1.060833,1.216191,-2.194546,-1.787607,5.601099333,5.964871,0.363771667,5.782985167,2.80776472,0.976339063,-2.786278408,-0.06430067,1.234854542,-3.202908661,0.620209941,1.125740494,-1.712169,0.574212,-0.757355
34,W2NF2,AA,bridge,1.35,2.36,0.816268,14,7.86403,0.65,3.04,-0.07,5,14.53413,0.5,3.98,3.401189824,7,17.42282,1.35,2.36,0.816268,14,7.86403,0,-0.85,-0.85,0,0.68,0.68,1.62,1.62,0,4,0,0.875675676,0.875675676,0.34,0.34,2.575516693,2.575516693,1.35,2.36,0,0,1.62,1,6.2,7.86403,183.84,1,1,1,1,1,7,94,8,0.1473,0.81216,93,0.14784,0.79901,9,106,3,0.13207,0.90585,106,0.1304,0.90585,74,56,66,0.52343,0.22855,53,0.5367,0.22009,74,56,66,0.52343,0.22855,53,0.5367,0.22009,3.319256928,2.348469152,2.958148245,2.115613519,1.440454,0.746172,0.745971,-1.478071,-1.454527,4.367948667,4.367448333,-0.000500333,4.3676985,1.721226202,2.01905303,-5.875809173,-0.49358785,-0.49358785,-5.363966436,-0.047141968,-0.047141968,-0.687502,0.57515,-2.497302
142,YWNCl2,AA,m2,1.8,1.22,0.30712,11,6.21726,0.65,3.04,-0.07,5,14.53413,1,3.16,3.61272528,7,12.967633,1.35,2.36,0.816268,14,7.86403,0.45,-0.8,-0.35,0.071428571,1.82,0.68,1.94,0.8,-1.14,2.5,3,0.692857143,0.340425532,0.742857143,0.34,0.932692308,1.001251564,1.575,1.79,1,3,1.37,2.5,5.6,7.040645,136.372925,1.333333333,0.516949153,0.376248977,0.785714286,0.790594644,7,94,8,0.1473,0.81216,93,0.14784,0.79901,17,107,6,0.16265,0.73553,107,0.1606,0.73553,74,56,66,0.52343,0.22855,53,0.5367,0.22009,39,15,108,0.74258,0.1611,12,0.76224,0.15497,3.426402376,2.70757543,3.267508104,2.401787463,1.629798,0.709812,0.592701,-1.283447,-1.648865,4.045196,4.570321667,0.525125667,4.307758833,4.417988007,3.294844817,-4.095711052,2.503660881,-0.147385206,-4.191515982,2.380070637,-0.148405778,-1.019437,0.57691,2.14651
225,HfScCO2,AA,m1,1.55,1.3,0.17807,10,6.82507,0.7,2.55,1.262113612,4,11.260288,0.6,3.44,1.4611053,6,13.618055,1.6,1.36,0.1882,11,6.56149,-0.05,-0.95,-1,-0.007936508,1.25,1.19,2.14,2.08,-0.06,1.5,1,0.995348837,0.945454545,0.555555556,0.517391304,1.791627907,1.827349121,1.575,1.33,2,1,2.11,2.5,4.6,6.69328,111.722956,0.96875,0.955882353,0.946174283,0.909090909,1.040170754,6,88,12,0.15167,0.78879,87,0.15208,0.77673,8,100,5,0.14058,0.85098,99,0.14125,0.83626,21,14,105,0.6303,0.1898,11,0.64709,0.18255,72,48,71,0.57475,0.20815,45,0.58884,0.2006,3.260289631,2.101849195,2.948142798,2.306983659,1.6495,1.229686,1.232554,-1.885629,-2.226111,6.772767667,5.822343333,-0.950424333,6.2975555,2.954840529,0.97441312,-1.331026878,2.815032686,4.58752701,-1.454635133,2.814623135,4.545477611,-2.027424,0.578012,-0.40627
312,ScTiCS2,AA,bridge,1.6,1.36,0.1882,11,6.56149,0.7,2.55,1.262113612,4,11.260288,1,2.58,2.077104512,6,10.36001,1.4,1.54,0.075545,12,6.82812,0.2,-0.6,-0.4,0.033333333,1.19,1.01,1.22,1.04,-0.18,1.5,1,0.469230769,0.433333333,0.517391304,0.480952381,0.906916613,0.900990099,1.5,1.45,0,1,1.13,2.5,4.6,6.694805,46.411456,1.142857143,0.883116883,2.491230392,0.916666667,0.960951184,6,88,12,0.15167,0.78879,87,0.15208,0.77673,16,101,9,0.1781,0.67171,100,0.17899,0.65995,22,46,64,0.43051,0.27789,43,0.441,0.26786,21,14,105,0.6303,0.1898,11,0.64709,0.18255,3.263291216,2.545804968,3.299874159,2.34344958,1.787589,0.762134,0.748893,-1.668776,-1.62984,6.500921,6.657886333,0.156965333,6.579403667,2.158396636,1.626473257,-1.119056698,2.93735302,2.076631163,-1.216981042,2.82655104,2.038463636,-0.88422,0.580266,-0.420063
199,YNbCS2,AA,bridge,1.8,1.22,0.30712,11,6.21726,0.7,2.55,1.262113612,4,11.260288,1,2.58,2.077104512,6,10.36001,1.45,1.6,0.917407,13,6.75885,0.35,-0.8,-0.45,0.053846154,1.33,0.95,1.36,0.98,-0.38,2.5,3,0.485714286,0.4,0.532,0.441860465,0.912996778,0.905263158,1.625,1.41,0,2,1.17,1.5,4.8,6.488055,90.906115,1.24137931,0.7625,0.334769628,0.846153846,0.919869504,6,88,12,0.15167,0.78879,87,0.15208,0.77673,16,101,9,0.1781,0.67171,100,0.17899,0.65995,41,51,65,0.48244,0.24797,48,0.49439,0.23893,39,15,108,0.74258,0.1611,12,0.76224,0.15497,3.484351535,2.543189896,3.266769778,2.688813296,1.702887,1.016877,0.792099,-1.808208,-1.703655,5.846081,6.391234667,0.545153667,6.118657833,2.254139432,1.654174357,-1.21442119,2.457834774,1.023686854,-1.51007639,2.244406477,0.868963604,-0.811151,0.583886,-0.209414
382,MoHfNF2,AA,m2,1.45,2.16,0.74733,14,7.09243,0.65,3.04,-0.07,5,14.53413,0.5,3.98,3.401189824,7,17.42282,1.55,1.3,0.17807,10,6.82507,-0.1,-0.95,-1.05,-0.016666667,0.88,1.74,1.82,2.68,0.86,3.5,3,0.933333333,1.307317073,0.419047619,0.790909091,2.227272727,1.652929633,1.5,1.73,1,2,2.25,1.5,5.8,6.95875,137.215,0.935483871,1.661538462,4.196832706,1.4,1.039173225,7,94,8,0.1473,0.81216,93,0.14784,0.79901,9,106,3,0.13207,0.90585,106,0.1304,0.90585,72,48,71,0.57475,0.20815,45,0.58884,0.2006,42,55,61,0.46178,0.25907,52,0.47342,0.24951,3.256033075,2.292889813,2.967802068,2.12169623,1.639923,0.728006,0.785093,-1.893637,-1.259382,3.089915667,4.895796333,1.805880667,3.992856,1.686027686,2.186065118,-5.895186008,-0.385684996,1.841677487,-5.868041774,0.160020985,1.835145121,-1.762722,0.584708,1.184144
400,YVCF2,AA,x,1.8,1.22,0.30712,11,6.21726,0.7,2.55,1.262113612,4,11.260288,0.5,3.98,3.401189824,7,17.42282,1.35,1.63,0.527662,13,6.746187,0.45,-1.3,-0.85,0.071428571,1.33,0.92,2.76,2.35,-0.41,2,2,1.2,1.27027027,0.532,0.448780488,2.255639098,2.830493537,1.575,1.425,1,2,2.555,3,5.2,6.4817235,69.923675,1.333333333,0.748466258,0.58203926,0.846153846,0.921596155,6,88,12,0.15167,0.78879,87,0.15208,0.77673,9,106,3,0.13207,0.90585,106,0.1304,0.90585,23,50,60,0.41533,0.28804,47,0.42558,0.27756,39,15,108,0.74258,0.1611,12,0.76224,0.15497,3.209403743,2.302283603,2.848055854,2.391437374,1.787903,0.796236,0.742976,-1.588455,-1.738658,5.631674667,4.682898667,-0.948776,5.157286667,4.102496305,2.938915191,-5.191785433,1.492839519,0.343860753,-5.270279605,1.365538592,0.668675724,-1.864008,0.585529,2.132739
368,YWNBr2,AA,bridge,1.8,1.22,0.30712,11,6.21726,0.65,3.04,-0.07,5,14.53413,1.15,2.96,3.3635883,7,11.81381,1.35,2.36,0.816268,14,7.86403,0.45,-0.65,-0.2,0.071428571,1.82,0.68,1.74,0.6,-1.14,2.5,3,0.589830508,0.24,0.742857143,0.34,0.794002608,0.705882353,1.575,1.79,1,3,1.17,2.5,5.6,7.040645,136.372925,1.333333333,0.516949153,0.376248977,0.785714286,0.790594644,7,94,8,0.1473,0.81216,93,0.14784,0.79901,35,108,10,0.19779,0.60484,108,0.1953,0.60484,74,56,66,0.52343,0.22855,53,0.5367,0.22009,39,15,108,0.74258,0.1611,12,0.76224,0.15497,3.48953315,2.852893859,3.387391064,2.427626453,1.600255,0.668275,0.510502,-1.174861,-1.60417,3.789429,4.452903,0.663474,4.121166,2.708881615,1.713250419,-3.465097106,2.542333607,-0.109783135,-3.761724237,2.060522462,-0.115979722,-0.826804,0.601069,2.292217
322,ScMnCS2,BB,x,1.6,1.36,0.1882,11,6.56149,0.7,2.55,1.262113612,4,11.260288,1,2.58,2.077104512,6,10.36001,1.4,1.55,-0.52,13,7.434038,0.2,-0.6,-0.4,0.033333333,1.19,1,1.22,1.03,-0.19,3,4,0.469230769,0.429166667,0.517391304,0.476190476,0.906916613,0.90125,1.5,1.455,0,4,1.125,1,5.2,6.997764,49.9469785,1.142857143,0.877419355,-0.361923077,0.846153846,0.882627988,6,88,12,0.15167,0.78879,87,0.15208,0.77673,16,101,9,0.1781,0.67171,100,0.17899,0.65995,25,58,52,0.3851,0.31065,55,0.39497,0.29907,21,14,105,0.6303,0.1898,11,0.64709,0.18255,3.43147779,2.437254241,1.830950423,2.604934485,1.206935,0.966085,0.282835,-0.824599,-1.631255,4.314287667,6.361736,2.047448333,5.338011833,3.47749069,1.345022399,-2.054126847,2.646789605,-1.363183972,-2.673662361,2.418145731,0.397363313,-0.485252,0.612213,-0.021417
327,MoYCF2,AA,bridge,1.45,2.16,0.74733,14,7.09243,0.7,2.55,1.262113612,4,11.260288,0.5,3.98,3.401189824,7,17.42282,1.8,1.22,0.30712,11,6.21726,-0.35,-0.95,-1.3,-0.053846154,0.39,1.33,1.82,2.76,0.94,3,4,0.933333333,1.2,0.181395349,0.532,5.145299145,2.255639098,1.625,1.69,0,3,2.29,2,5.4,6.654845,92.422925,0.805555556,1.770491803,2.433348528,1.272727273,1.140764581,6,88,12,0.15167,0.78879,87,0.15208,0.77673,9,106,3,0.13207,0.90585,106,0.1304,0.90585,39,15,108,0.74258,0.1611,12,0.76224,0.15497,42,55,61,0.46178,0.25907,52,0.47342,0.24951,3.289371903,2.321103877,2.985605878,2.13215291,1.669408,0.725669,0.803238,-1.767807,-1.430506,4.373546667,5.391661,1.018114333,4.882603833,1.687758314,2.181464793,-5.145756845,0.065678693,3.32537617,-5.226730979,0.132293108,3.196143691,-1.69522,0.617941,0.999313
483,YNbCO2,AA,m1,1.8,1.22,0.30712,11,6.21726,0.7,2.55,1.262113612,4,11.260288,0.6,3.44,1.4611053,6,13.618055,1.45,1.6,0.917407,13,6.75885,0.35,-1.2,-0.85,0.053846154,1.33,0.95,2.22,1.84,-0.38,2.5,3,0.925,0.897560976,0.532,0.441860465,1.738721805,2.031322208,1.625,1.41,0,2,2.03,1.5,4.8,6.488055,90.906115,1.24137931,0.7625,0.334769628,0.846153846,0.919869504,6,88,12,0.15167,0.78879,87,0.15208,0.77673,8,100,5,0.14058,0.85098,99,0.14125,0.83626,41,51,65,0.48244,0.24797,48,0.49439,0.23893,39,15,108,0.74258,0.1611,12,0.76224,0.15497,3.301285868,2.102654218,2.82431353,2.649109576,1.694691,1.296783,1.15507,-2.19857,-1.947973,6.010444333,6.483730667,0.473286333,6.2470875,2.943522948,0.971845807,-1.845579948,2.837819277,1.232489804,-3.223860969,1.928983821,0.590642029,-1.787923,0.619478,0.09702
23,VYNO2,AA,m1,1.35,1.63,0.527662,13,6.746187,0.65,3.04,-0.07,5,14.53413,0.6,3.44,1.4611053,6,13.618055,1.8,1.22,0.30712,11,6.21726,-0.45,-0.75,-1.2,-0.071428571,1.41,1.82,1.81,2.22,0.41,2,2,0.928205128,0.925,0.705,0.742857143,1.316603019,1.245192308,1.575,1.425,1,2,2.015,2,5,6.4817235,69.923675,0.75,1.336065574,1.718097161,1.181818182,1.085073971,7,94,8,0.1473,0.81216,93,0.14784,0.79901,8,100,5,0.14058,0.85098,99,0.14125,0.83626,39,15,108,0.74258,0.1611,12,0.76224,0.15497,23,50,60,0.41533,0.28804,47,0.42558,0.27756,3.206274728,2.022132733,2.663478216,2.153933368,1.533144,1.055077,1.271305,-1.961343,-1.898181,6.815366667,6.059373,-0.755993667,6.437369833,2.7573192,0.977383004,-1.743990356,-0.039223426,2.680549949,-2.780717498,0.784427001,1.907268351,-1.942681,0.625096,-2.082398
479,YMoCF2,AA,bridge,1.8,1.22,0.30712,11,6.21726,0.7,2.55,1.262113612,4,11.260288,0.5,3.98,3.401189824,7,17.42282,1.45,2.16,0.74733,14,7.09243,0.35,-1.3,-0.95,0.053846154,1.33,0.39,2.76,1.82,-0.94,3,4,1.2,0.933333333,0.532,0.181395349,2.255639098,5.145299145,1.625,1.69,0,3,2.29,2,5.4,6.654845,92.422925,1.24137931,0.564814815,0.410956338,0.785714286,0.876605056,6,88,12,0.15167,0.78879,87,0.15208,0.77673,9,106,3,0.13207,0.90585,106,0.1304,0.90585,42,55,61,0.46178,0.25907,52,0.47342,0.24951,39,15,108,0.74258,0.1611,12,0.76224,0.15497,3.267626362,2.312011118,2.993479417,2.392962586,1.66803,0.800607,0.724848,-1.436027,-1.757456,5.381189333,4.411949667,-0.969239667,4.8965695,3.713860908,2.929489188,-5.148046928,3.331122833,0.06635695,-5.361599361,3.087899174,0.015602129,-1.681097,0.632063,1.820071
557,TaYNF2,AA,m2,1.45,1.5,0.32312,11,7.549571,0.65,3.04,-0.07,5,14.53413,0.5,3.98,3.401189824,7,17.42282,1.8,1.22,0.30712,11,6.21726,-0.35,-0.95,-1.3,-0.053846154,1.54,1.82,2.48,2.76,0.28,2,2,1.271794872,1.2,0.733333333,0.742857143,1.734265734,1.615384615,1.625,1.36,1,2,2.62,3,5.4,6.8834155,134.926865,0.805555556,1.229508197,1.0520969,1,1.214292309,7,94,8,0.1473,0.81216,93,0.14784,0.79901,9,106,3,0.13207,0.90585,106,0.1304,0.90585,39,15,108,0.74258,0.1611,12,0.76224,0.15497,73,52,69,0.54867,0.21804,49,0.56231,0.21007,3.279471427,2.320063784,3.015587999,2.14419941,1.84746,0.777442,0.805698,-1.717106,-1.713495,3.814629667,3.701459667,-0.11317,3.758044667,1.775091906,2.289910597,-6.388038941,0.412633702,1.281942147,-6.398759841,0.411968343,1.256231166,-2.144918,0.64149,0.431018
548,MoYNF2,AA,m2,1.45,2.16,0.74733,14,7.09243,0.65,3.04,-0.07,5,14.53413,0.5,3.98,3.401189824,7,17.42282,1.8,1.22,0.30712,11,6.21726,-0.35,-0.95,-1.3,-0.053846154,0.88,1.82,1.82,2.76,0.94,3,4,0.933333333,1.2,0.419047619,0.742857143,2.227272727,1.615384615,1.625,1.69,0,3,2.29,2,5.6,6.654845,92.422925,0.805555556,1.770491803,2.433348528,1.272727273,1.140764581,7,94,8,0.1473,0.81216,93,0.14784,0.79901,9,106,3,0.13207,0.90585,106,0.1304,0.90585,39,15,108,0.74258,0.1611,12,0.76224,0.15497,42,55,61,0.46178,0.25907,52,0.47342,0.24951,3.247639548,2.300455051,3.024213866,2.144127963,1.66653,0.732555,0.799034,-1.788617,-1.4095,4.008113333,5.224499333,1.216386,4.616306333,1.674217648,2.194578464,-5.511870031,-0.263193576,2.832377527,-5.493547749,-0.102363307,2.794854762,-1.917001,0.642657,1.144277
587,YWCS2,AB,bridge,1.8,1.22,0.30712,11,6.21726,0.7,2.55,1.262113612,4,11.260288,1,2.58,2.077104512,6,10.36001,1.35,2.36,0.816268,14,7.86403,0.45,-0.8,-0.35,0.071428571,1.33,0.19,1.36,0.22,-1.14,2.5,3,0.485714286,0.093617021,0.532,0.092682927,0.912996778,1.010078387,1.575,1.79,1,3,0.79,1.5,5,7.040645,136.372925,1.333333333,0.516949153,0.376248977,0.785714286,0.790594644,6,88,12,0.15167,0.78879,87,0.15208,0.77673,16,101,9,0.1781,0.67171,100,0.17899,0.65995,74,56,66,0.52343,0.22855,53,0.5367,0.22009,39,15,108,0.74258,0.1611,12,0.76224,0.15497,3.285982778,2.723853008,2.715933092,2.441522921,1.664351,0.74846,0.63867,-1.408873,-1.642609,5.845569,6.678490667,0.832921667,6.262029833,2.34141118,1.626569628,-1.321266517,2.375262355,0.70577874,-1.436276729,2.181002264,0.674184047,-0.56238,0.65174,-0.58648
101,YZrCS2,AA,m2,1.8,1.22,0.30712,11,6.21726,0.7,2.55,1.262113612,4,11.260288,1,2.58,2.077104512,6,10.36001,1.55,1.33,0.433289,12,6.634126,0.25,-0.8,-0.55,0.037313433,1.33,1.22,1.36,1.25,-0.11,1.5,1,0.485714286,0.490196078,0.532,0.542222222,0.912996778,0.904050145,1.675,1.275,0,1,1.305,2.5,4.6,6.425693,90.064925,1.161290323,0.917293233,0.708810978,0.916666667,0.937163388,6,88,12,0.15167,0.78879,87,0.15208,0.77673,16,101,9,0.1781,0.67171,100,0.17899,0.65995,40,47,68,0.50364,0.23753,44,0.51595,0.22894,39,15,108,0.74258,0.1611,12,0.76224,0.15497,3.609966147,2.610164481,3.418539244,2.638510312,1.813009,0.975844,0.929215,-1.94889,-1.769178,6.383089667,6.976955667,0.593866,6.680022667,2.166608934,1.987542295,-0.805673737,3.549087243,2.831760414,-0.994673961,3.414139296,2.714825028,-0.938293,0.664616,0.207601
514,CrZrCO2,AA,m1,1.4,1.66,0.6758412,12,6.76651,0.7,2.55,1.262113612,4,11.260288,0.6,3.44,1.4611053,6,13.618055,1.55,1.33,0.433289,12,6.634126,-0.15,-0.8,-0.95,-0.025423729,0.89,1.22,1.78,2.11,0.33,3.5,3,0.89,0.981395349,0.423809524,0.542222222,2.1,1.809950438,1.475,1.495,1,2,1.945,0.5,5.2,6.700318,71.61005,0.903225806,1.248120301,1.559793117,1,1.019955002,6,88,12,0.15167,0.78879,87,0.15208,0.77673,8,100,5,0.14058,0.85098,99,0.14125,0.83626,40,47,68,0.50364,0.23753,44,0.51595,0.22894,24,54,56,0.40019,0.29894,51,0.41024,0.28794,3.149317201,1.992082496,2.694758201,2.164900285,1.592549,0.968467,1.218133,-2.195244,-1.583906,5.75718,6.298735667,0.541555667,6.027957833,2.768031171,0.974664605,-2.449975042,-0.806443389,1.452589776,-3.023348676,1.24246902,1.449834305,-1.455279,0.666662,-0.795323
383,WMnNBr2,BA,m2,1.35,2.36,0.816268,14,7.86403,0.65,3.04,-0.07,5,14.53413,1.15,2.96,3.3635883,7,11.81381,1.4,1.55,-0.52,13,7.434038,-0.05,-0.2,-0.25,-0.009090909,0.68,1.49,0.6,1.41,0.81,4.5,1,0.24,0.552941176,0.34,0.726829268,0.705882353,0.760757994,1.375,1.955,2,1,1.005,0.5,6.4,7.649034,119.3890225,0.964285714,1.522580645,-1.569746154,1.076923077,1.057840974,7,94,8,0.1473,0.81216,93,0.14784,0.79901,35,108,10,0.19779,0.60484,108,0.1953,0.60484,25,58,52,0.3851,0.31065,55,0.39497,0.29907,74,56,66,0.52343,0.22855,53,0.5367,0.22009,3.194162828,2.759297226,3.163050962,2.184141693,1.36714,0.445248,0.394932,-0.961932,-1.245388,4.321852333,3.983349667,-0.338502667,4.152601,3.252939945,2.282741099,-3.395304471,-0.402140526,-0.834610259,-3.49013134,-0.253524164,-0.380577449,-0.024496,0.6698,1.049084
551,YHfCO2,AA,m1,1.8,1.22,0.30712,11,6.21726,0.7,2.55,1.262113612,4,11.260288,0.6,3.44,1.4611053,6,13.618055,1.55,1.3,0.17807,10,6.82507,0.25,-1.2,-0.95,0.037313433,1.33,1.25,2.22,2.14,-0.08,1.5,1,0.925,0.995348837,0.532,0.555555556,1.738721805,1.791627907,1.675,1.26,1,1,2.18,2.5,4.6,6.521165,133.697925,1.161290323,0.938461538,1.724715,1.1,0.910944503,6,88,12,0.15167,0.78879,87,0.15208,0.77673,8,100,5,0.14058,0.85098,99,0.14125,0.83626,72,48,71,0.57475,0.20815,45,0.58884,0.2006,39,15,108,0.74258,0.1611,12,0.76224,0.15497,3.374066632,2.122437195,2.926275351,2.654389681,1.655947,1.300336,1.25023,-2.233547,-1.972965,5.572242333,6.593444333,1.021202,6.082843333,2.933896226,0.97238519,-1.218871706,4.213409204,3.367830517,-1.887358211,4.00314977,3.203345136,-1.950456,0.682837,-1.20156
316,WZrNF2,AA,bridge,1.35,2.36,0.816268,14,7.86403,0.65,3.04,-0.07,5,14.53413,0.5,3.98,3.401189824,7,17.42282,1.55,1.33,0.433289,12,6.634126,-0.2,-0.85,-1.05,-0.034482759,0.68,1.71,1.62,2.65,1.03,3,2,0.875675676,1.292682927,0.34,0.777272727,2.575516693,1.663100842,1.45,1.845,1,2,2.135,2,5.8,7.249078,137.532,0.870967742,1.77443609,1.883888121,1.166666667,1.18539051,7,94,8,0.1473,0.81216,93,0.14784,0.79901,9,106,3,0.13207,0.90585,106,0.1304,0.90585,40,47,68,0.50364,0.23753,44,0.51595,0.22894,74,56,66,0.52343,0.22855,53,0.5367,0.22009,3.276649236,2.322900358,2.906933124,2.077726333,1.65521,0.74588,0.791401,-1.776528,-1.415961,3.541243667,4.59314,1.051896333,4.067191833,1.776131121,2.145701677,-6.076354272,0.028557188,1.448538731,-5.813943404,0.028544579,1.515927658,-1.621086,0.70434,0.437035
187,ZrMnCO2,AA,m1,1.55,1.33,0.433289,12,6.634126,0.7,2.55,1.262113612,4,11.260288,0.6,3.44,1.4611053,6,13.618055,1.4,1.55,-0.52,13,7.434038,0.15,-0.95,-0.8,0.025423729,1.22,1,2.11,1.89,-0.22,3.5,3,0.981395349,0.945,0.542222222,0.476190476,1.809950438,1.9845,1.475,1.44,1,3,2,0.5,5.4,7.034082,73.0810225,1.107142857,0.858064516,-0.833248077,0.923076923,0.892398721,6,88,12,0.15167,0.78879,87,0.15208,0.77673,8,100,5,0.14058,0.85098,99,0.14125,0.83626,25,58,52,0.3851,0.31065,55,0.39497,0.29907,40,47,68,0.50364,0.23753,44,0.51595,0.22894,3.161349129,2.087076613,2.67123969,2.298965178,1.521604,1.223728,0.949986,-1.490126,-2.205195,6.906061667,5.627602667,-1.278459,6.266832167,2.940850018,0.973181751,-2.405607096,1.566515528,-1.943192526,-2.76677354,1.067444586,0.515804135,-1.400106,0.705524,0.664906
467,MnZrCO2,AA,m1,1.4,1.55,-0.52,13,7.434038,0.7,2.55,1.262113612,4,11.260288,0.6,3.44,1.4611053,6,13.618055,1.55,1.33,0.433289,12,6.634126,-0.15,-0.8,-0.95,-0.025423729,1,1.22,1.89,2.11,0.22,3.5,3,0.945,0.981395349,0.476190476,0.542222222,1.9845,1.809950438,1.475,1.44,1,3,2,0.5,5.4,7.034082,73.0810225,0.903225806,1.165413534,-1.200122782,1.083333333,1.12057534,6,88,12,0.15167,0.78879,87,0.15208,0.77673,8,100,5,0.14058,0.85098,99,0.14125,0.83626,40,47,68,0.50364,0.23753,44,0.51595,0.22894,25,58,52,0.3851,0.31065,55,0.39497,0.29907,3.161308884,2.008258548,2.671251962,2.137620767,1.528184,0.945784,1.222701,-2.209799,-1.486873,5.650812,6.928409333,1.277597333,6.289610667,2.767066046,0.976085257,-2.414755425,-1.941901283,1.569034023,-2.981859601,0.567736403,1.232605934,-1.400102,0.705528,-0.851901
299,HfMnCO2,AA,m1,1.55,1.3,0.17807,10,6.82507,0.7,2.55,1.262113612,4,11.260288,0.6,3.44,1.4611053,6,13.618055,1.4,1.55,-0.52,13,7.434038,0.15,-0.95,-0.8,0.025423729,1.25,1,2.14,1.89,-0.25,3.5,3,0.995348837,0.945,0.555555556,0.476190476,1.791627907,1.9845,1.475,1.425,2,3,2.015,0.5,5.4,7.129554,116.7140225,1.107142857,0.838709677,-0.342442308,0.769230769,0.918083819,6,88,12,0.15167,0.78879,87,0.15208,0.77673,8,100,5,0.14058,0.85098,99,0.14125,0.83626,25,58,52,0.3851,0.31065,55,0.39497,0.29907,72,48,71,0.57475,0.20815,45,0.58884,0.2006,3.134044976,2.07127881,2.678347462,2.274833535,1.483116,1.213505,0.869873,-1.365733,-2.200762,6.694352667,5.652314,-1.042038667,6.173333333,2.915328663,0.973601128,-2.393301405,2.185899606,-1.930427412,-2.73638788,1.546294627,-0.20560151,-1.465155,0.707013,0.88123
191,MnHfCO2,AA,m1,1.4,1.55,-0.52,13,7.434038,0.7,2.55,1.262113612,4,11.260288,0.6,3.44,1.4611053,6,13.618055,1.55,1.3,0.17807,10,6.82507,-0.15,-0.8,-0.95,-0.025423729,1,1.25,1.89,2.14,0.25,3.5,3,0.945,0.995348837,0.476190476,0.555555556,1.9845,1.791627907,1.475,1.425,2,3,2.015,0.5,5.4,7.129554,116.7140225,0.903225806,1.192307692,-2.920199921,1.3,1.089225165,6,88,12,0.15167,0.78879,87,0.15208,0.77673,8,100,5,0.14058,0.85098,99,0.14125,0.83626,72,48,71,0.57475,0.20815,45,0.58884,0.2006,25,58,52,0.3851,0.31065,55,0.39497,0.29907,3.134019875,1.999299078,2.678366349,2.130300801,1.490877,0.865364,1.216079,-2.209175,-1.363148,5.667193,6.693776,1.026583,6.1804845,2.754341468,0.975360349,-2.394280053,-1.930343645,2.187901241,-3.035117428,-0.196434344,1.650275329,-1.465149,0.707019,-0.72287
517,CrYCS2,BA,m2,1.4,1.66,0.6758412,12,6.76651,0.7,2.55,1.262113612,4,11.260288,1,2.58,2.077104512,6,10.36001,1.8,1.22,0.30712,11,6.21726,-0.4,-0.4,-0.8,-0.0625,0.89,1.33,0.92,1.36,0.44,3,4,0.383333333,0.485714286,0.423809524,0.532,0.904494382,0.912996778,1.6,1.44,1,3,1.14,1,5,6.491885,70.450975,0.777777778,1.360655738,2.200576973,1.090909091,1.088342775,6,88,12,0.15167,0.78879,87,0.15208,0.77673,16,101,9,0.1781,0.67171,100,0.17899,0.65995,39,15,108,0.74258,0.1611,12,0.76224,0.15497,24,54,56,0.40019,0.29894,51,0.41024,0.28794,3.683097409,2.407769786,1.812041193,2.23331019,1.315987,0.411229,1.111081,-1.789026,-1.049271,6.211490333,4.184412,-2.027078333,5.197951167,1.565911354,2.322560349,-1.983726817,-1.010942814,2.440538177,-1.979944965,0.765156494,2.527554495,-0.475507,0.71661,0.664578
496,MnYCS2,BB,m2,1.4,1.55,-0.52,13,7.434038,0.7,2.55,1.262113612,4,11.260288,1,2.58,2.077104512,6,10.36001,1.8,1.22,0.30712,11,6.21726,-0.4,-0.4,-0.8,-0.0625,1,1.33,1.03,1.36,0.33,3,4,0.429166667,0.485714286,0.476190476,0.532,0.90125,0.912996778,1.6,1.385,1,4,1.195,1,5.2,6.825649,71.9219475,0.777777778,1.270491803,-1.693149258,1.181818182,1.195709686,6,88,12,0.15167,0.78879,87,0.15208,0.77673,16,101,9,0.1781,0.67171,100,0.17899,0.65995,39,15,108,0.74258,0.1611,12,0.76224,0.15497,25,58,52,0.3851,0.31065,55,0.39497,0.29907,3.503398382,2.364565552,1.77871541,2.097184275,1.159755,0.329034,1.004552,-1.676613,-0.816728,6.496668333,4.243195333,-2.253473,5.369931833,1.552124406,2.261667712,-1.853185263,-2.032188646,2.493168238,-1.97523541,0.238761373,2.399228999,-0.385432,0.774051,0.931099
346,CrScCO2,AA,m1,1.4,1.66,0.6758412,12,6.76651,0.7,2.55,1.262113612,4,11.260288,0.6,3.44,1.4611053,6,13.618055,1.6,1.36,0.1882,11,6.56149,-0.2,-0.8,-1,-0.033333333,0.89,1.19,1.78,2.08,0.3,3,4,0.89,0.945454545,0.423809524,0.517391304,2.1,1.827349121,1.5,1.51,0,3,1.93,1,5,6.664,48.476006,0.875,1.220588235,3.591079702,1.090909091,1.031245952,6,88,12,0.15167,0.78879,87,0.15208,0.77673,8,100,5,0.14058,0.85098,99,0.14125,0.83626,21,14,105,0.6303,0.1898,11,0.64709,0.18255,24,54,56,0.40019,0.29894,51,0.41024,0.28794,3.065499029,1.988182254,2.658560233,2.072334285,1.307043,0.925209,1.191143,-1.830881,-1.592514,7.081238,6.79622,-0.285018,6.938729,2.816396062,0.973770528,-1.655631048,-0.517666127,3.215402553,-2.410413379,0.812493373,3.01618221,-1.345413,0.78998,-1.648626
530,ScCrCO2,AA,m1,1.6,1.36,0.1882,11,6.56149,0.7,2.55,1.262113612,4,11.260288,0.6,3.44,1.4611053,6,13.618055,1.4,1.66,0.6758412,12,6.76651,0.2,-1,-0.8,0.033333333,1.19,0.89,2.08,1.78,-0.3,3,4,0.945454545,0.89,0.517391304,0.423809524,1.827349121,2.1,1.5,1.51,0,3,1.93,1,5,6.664,48.476006,1.142857143,0.819277108,0.278467782,0.916666667,0.969700776,6,88,12,0.15167,0.78879,87,0.15208,0.77673,8,100,5,0.14058,0.85098,99,0.14125,0.83626,24,54,56,0.40019,0.29894,51,0.41024,0.28794,21,14,105,0.6303,0.1898,11,0.64709,0.18255,3.065519526,1.968489618,2.659046088,2.427178729,1.313747,1.18864,0.922594,-1.592718,-1.832262,6.801664333,7.088741333,0.287077,6.945202833,2.763282383,0.971580555,-1.655848798,3.215931183,-0.517712395,-2.425656902,2.994552852,0.678435781,-1.34541,0.789984,-1.696125
538,MnYCO2,BB,x,1.4,1.55,-0.52,13,7.434038,0.7,2.55,1.262113612,4,11.260288,0.6,3.44,1.4611053,6,13.618055,1.8,1.22,0.30712,11,6.21726,-0.4,-0.8,-1.2,-0.0625,1,1.33,1.89,2.22,0.33,3,4,0.945,0.925,0.476190476,0.532,1.9845,1.738721805,1.6,1.385,1,4,2.055,1,5.2,6.825649,71.9219475,0.777777778,1.270491803,-1.693149258,1.181818182,1.195709686,6,88,12,0.15167,0.78879,87,0.15208,0.77673,8,100,5,0.14058,0.85098,99,0.14125,0.83626,39,15,108,0.74258,0.1611,12,0.76224,0.15497,25,58,52,0.3851,0.31065,55,0.39497,0.29907,3.350847628,2.132634884,1.394591366,1.997466131,0.501583,1.076952,1.302471,-1.91657,-0.964438,5.094535333,4.998489667,-0.096045667,5.0465125,2.926053792,0.974166577,-3.629434156,-2.161903665,2.244698365,-3.76910545,0.127668371,2.195652103,-1.117321,0.955835,0.303947
88,YMnCO2,BB,x,1.8,1.22,0.30712,11,6.21726,0.7,2.55,1.262113612,4,11.260288,0.6,3.44,1.4611053,6,13.618055,1.4,1.55,-0.52,13,7.434038,0.4,-1.2,-0.8,0.0625,1.33,1,2.22,1.89,-0.33,3,4,0.925,0.945,0.532,0.476190476,1.738721805,1.9845,1.6,1.385,1,4,2.055,1,5.2,6.825649,71.9219475,1.285714286,0.787096774,-0.590615385,0.846153846,0.836323409,6,88,12,0.15167,0.78879,87,0.15208,0.77673,8,100,5,0.14058,0.85098,99,0.14125,0.83626,25,58,52,0.3851,0.31065,55,0.39497,0.29907,39,15,108,0.74258,0.1611,12,0.76224,0.15497,3.350783321,2.119723855,1.39462829,2.759940984,0.528953,1.053089,1.308081,-0.970397,-1.919729,5.000065667,5.094216,0.094150333,5.047140833,2.971226741,0.974053142,-3.627985306,2.234945728,-2.162406438,-4.334897443,1.996828467,0.363025986,-1.117312,0.955844,0.367801
